Page URL,Type,Title,Inbound Count,Outbound Count,Orphan (0 inbound),Inbound Links (anchor <- source),Outbound Links (anchor -> target)
/,home,"B2B SaaS Digital Marketing Agency Built for MRR, ARR & Pipeline | PipeRocket Digital",0,0,,,
/about-us/,service,"Built by SaaS operators, not pitch-deck strategists.",0,0,YES,,
/account-based-marketing-agency/,service,AI-First B2B ABM Agency | Account-Based Marketing for US SaaS,5,0,,"""account-based marketing agency"" <- /alternative/demandbase-alternatives/
""ABM"" <- /alternative/directive-consulting-alternatives/
""account-based LinkedIn"" <- /alternative/nogood-alternatives/
""account-based"" <- /list/b2b-ppc-experts/
""account-based marketing agency"" <- /list/best-abm-platforms/",
/alternative/,section,Alternatives,0,0,,,
/alternative/6sense-alternatives/,alternative,7 Best 6sense Alternatives in 2026 (Compared),3,12,,"""6sense alternatives"" <- /alternative/bombora-alternatives/
""6sense alternatives"" <- /alternative/demandbase-alternatives/
""6sense alternatives"" <- /alternative/leadfeeder-alternatives/","""Apollo alternatives"" -> /alternative/apollo-alternatives/
""Bombora alternatives"" -> /alternative/bombora-alternatives/
""Cognism alternatives"" -> /alternative/cognism-alternatives/
""Demandbase alternatives"" -> /alternative/demandbase-alternatives/
""Rollworks alternatives"" -> /alternative/rollworks-alternatives/
""Zoominfo alternatives"" -> /alternative/zoominfo-alternatives/
""Praveen Ravi"" -> /author/praveen-ravi/
""6sense vs Bombora"" -> /compare/6sense-vs-bombora/
""6sense vs Demandbase"" -> /compare/6sense-vs-demandbase/
""RollWorks vs 6sense"" -> /compare/rollworks-vs-6sense/
""reach out to us"" -> /contact-us/
""our research methodology and editorial policy"" -> /research-methodology/"
/alternative/ab-tasty-alternatives/,alternative,7 Best AB Tasty Alternatives in 2026 (Compared),3,9,,"""Ab Tasty alternatives"" <- /alternative/convert-alternatives/
""Ab Tasty alternatives"" <- /alternative/optimizely-alternatives/
""Ab Tasty alternatives"" <- /alternative/vwo-alternatives/","""Convert alternatives"" -> /alternative/convert-alternatives/
""Optimizely alternatives"" -> /alternative/optimizely-alternatives/
""Unbounce alternatives"" -> /alternative/unbounce-alternatives/
""VWO alternatives"" -> /alternative/vwo-alternatives/
""Immanual D M"" -> /author/immanual/
""AB Tasty vs Convert.com"" -> /compare/ab-tasty-vs-convert/
""Optimizely vs AB Tasty"" -> /compare/optimizely-vs-ab-tasty/
""VWO vs Convert.com"" -> /compare/vwo-vs-convert/
""our research methodology and editorial policy"" -> /research-methodology/"
/alternative/ahrefs-alternatives/,alternative,7 Best Ahrefs Alternatives in 2026 (Compared),13,14,,"""Ahrefs alternatives"" <- /alternative/brightedge-alternatives/
""Ahrefs alternatives"" <- /alternative/frase-alternatives/
""Ahrefs alternatives"" <- /alternative/mangools-alternatives/
""Ahrefs alternatives"" <- /alternative/moz-alternatives/
""Ahrefs alternatives"" <- /alternative/raventools-alternatives/
""Ahrefs alternatives"" <- /alternative/screaming-frog-alternatives/
""Ahrefs alternatives"" <- /alternative/semrush-alternatives/
""Ahrefs alternatives"" <- /alternative/seobility-alternatives/
""Ahrefs alternatives"" <- /alternative/seozoom-alternatives/
""Ahrefs alternatives"" <- /alternative/serpstat-alternatives/
""Ahrefs alternatives"" <- /alternative/sitebulb-alternatives/
""Ahrefs alternatives"" <- /alternative/surfer-seo-alternatives/
""Ahrefs alternatives"" <- /alternative/ubersuggest-alternatives/","""Mangools alternatives"" -> /alternative/mangools-alternatives/
""Moz alternatives"" -> /alternative/moz-alternatives/
""Screaming Frog alternatives"" -> /alternative/screaming-frog-alternatives/
""Semrush alternatives"" -> /alternative/semrush-alternatives/
""Serpstat alternatives"" -> /alternative/serpstat-alternatives/
""Ubersuggest alternatives"" -> /alternative/ubersuggest-alternatives/
""Sabari Rohith"" -> /author/rohith/
""Ahrefs vs Moz"" -> /compare/ahrefs-vs-moz/
""Ahrefs vs Semrush"" -> /compare/ahrefs-vs-semrush/
""Ahrefs vs Ubersuggest"" -> /compare/ahrefs-vs-ubersuggest/
""SE Ranking vs Ahrefs"" -> /compare/se-ranking-vs-ahrefs/
""reach out to us"" -> /contact-us/
""our research methodology and editorial policy"" -> /research-methodology/
""SaaS SEO agency"" -> /saas-seo-agency/"
/alternative/animalz-alternatives/,alternative,9 Best Animalz Alternatives in 2026,9,16,,"""best Animalz alternatives"" <- /alternative/simpletiger-alternatives/
""best Animalz alternatives"" <- /alternative/writesonic-alternatives/
""best Animalz alternatives"" <- /list/best-aeo-agency/
""top Animalz alternatives"" <- /list/best-b2b-content-marketing-agencies/
""Animalz alternatives"" <- /list/best-devtools-marketing-agencies/
""top Animalz alternatives"" <- /list/best-geo-agencies/
""Animalz alternatives"" <- /list/best-saas-content-marketing-agencies/
""Animalz alternatives"" <- /list/best-saas-marketing-agencies-2026/
""best Animalz alternatives"" <- /list/best-saas-seo-agencies/","""Jasper alternatives"" -> /alternative/jasper-alternatives/
""NoGood alternatives"" -> /alternative/nogood-alternatives/
""Omniscient Digital alternatives"" -> /alternative/omniscient-digital-alternatives/
""Siege Media alternatives"" -> /alternative/siege-media-alternatives/
""Kamaraj Mathiarasan (Kim)"" -> /author/kamaraj-mathiarasan/
""PipeRocket vs NoGood"" -> /compare/piperocket-digital-vs-nogood/
""PipeRocket vs Omniscient Digital"" -> /compare/piperocket-digital-vs-omniscient-digital/
""PipeRocket vs Siege Media"" -> /compare/piperocket-digital-vs-siege-media/
""Siege Media vs Animalz"" -> /compare/siege-media-vs-animalz/
""$3,000/mo"" -> /contact-us/
""B2B marketing operations"" -> /marketing-ops/
""our research methodology and editorial policy"" -> /research-methodology/
""SaaS PPC"" -> /saas-ppc/
""SaaS SEO"" -> /saas-seo-agency/
""GEO/AEO"" -> /saas-seo-agency/ai-seo-services/
""Programmatic SEO"" -> /saas-seo-agency/programmatic-seo-agency/"
/alternative/apollo-alternatives/,alternative,8 Best Apollo.io Alternatives in 2026 (Compared),5,10,,"""Apollo alternatives"" <- /alternative/6sense-alternatives/
""Apollo alternatives"" <- /alternative/cognism-alternatives/
""Apollo alternatives"" <- /alternative/demandbase-alternatives/
""Apollo alternatives"" <- /alternative/lusha-alternatives/
""Apollo alternatives"" <- /alternative/zoominfo-alternatives/","""Cognism alternatives"" -> /alternative/cognism-alternatives/
""Lusha alternatives"" -> /alternative/lusha-alternatives/
""Zoominfo alternatives"" -> /alternative/zoominfo-alternatives/
""Sabari Rohith"" -> /author/rohith/
""Apollo vs ZoomInfo"" -> /compare/apollo-vs-zoominfo/
""Clay vs Apollo"" -> /compare/clay-vs-apollo/
""Clearbit vs Apollo"" -> /compare/clearbit-vs-apollo/
""UpLead vs Apollo"" -> /compare/uplead-vs-apollo/
""reach out to us"" -> /contact-us/
""our research methodology and editorial policy"" -> /research-methodology/"
/alternative/bombora-alternatives/,alternative,8 Best Bombora Alternatives in 2026 (Compared),3,8,,"""Bombora alternatives"" <- /alternative/6sense-alternatives/
""Bombora alternatives"" <- /alternative/demandbase-alternatives/
""Bombora alternatives"" <- /alternative/zoominfo-alternatives/","""6sense alternatives"" -> /alternative/6sense-alternatives/
""Cognism alternatives"" -> /alternative/cognism-alternatives/
""Demandbase alternatives"" -> /alternative/demandbase-alternatives/
""Zoominfo alternatives"" -> /alternative/zoominfo-alternatives/
""Kamaraj Mathiarasan (Kim)"" -> /author/kamaraj-mathiarasan/
""6sense vs Bombora"" -> /compare/6sense-vs-bombora/
""reach out to us"" -> /contact-us/
""our research methodology and editorial policy"" -> /research-methodology/"
/alternative/botify-alternatives/,alternative,7 Best Botify Alternatives for Technical SEO (2026),2,9,,"""Botify alternatives"" <- /alternative/brightedge-alternatives/
""Botify alternatives"" <- /alternative/sitebulb-alternatives/","""Conductor alternatives"" -> /alternative/conductor-alternatives/
""Screaming Frog alternatives"" -> /alternative/screaming-frog-alternatives/
""Semrush alternatives"" -> /alternative/semrush-alternatives/
""Sitebulb alternatives"" -> /alternative/sitebulb-alternatives/
""Omar Sheriff"" -> /author/omar/
""internal linking"" -> /blogs/how-to-use-internal-linking/
""Conductor vs BrightEdge"" -> /compare/conductor-vs-brightedge/
""best SEO audit tools"" -> /list/best-seo-audit-tools/
""our research methodology and editorial policy"" -> /research-methodology/"
/alternative/brightedge-alternatives/,alternative,8 Best BrightEdge Alternatives in 2026 (Compared),1,11,,"""Brightedge alternatives"" <- /alternative/sitebulb-alternatives/","""Ahrefs alternatives"" -> /alternative/ahrefs-alternatives/
""Botify alternatives"" -> /alternative/botify-alternatives/
""Conductor alternatives"" -> /alternative/conductor-alternatives/
""Semrush alternatives"" -> /alternative/semrush-alternatives/
""Sabari Rohith"" -> /author/rohith/
""Ahrefs vs Semrush"" -> /compare/ahrefs-vs-semrush/
""BrightEdge vs seoClarity"" -> /compare/brightedge-vs-seoclarity/
""Conductor vs BrightEdge"" -> /compare/conductor-vs-brightedge/
""reach out to us"" -> /contact-us/
""our research methodology and editorial policy"" -> /research-methodology/
""SaaS SEO agency"" -> /saas-seo-agency/"
/alternative/clearscope-alternatives/,alternative,7 Best Clearscope Alternatives in 2026 (Compared),4,9,,"""Clearscope alternatives"" <- /alternative/frase-alternatives/
""Clearscope alternatives"" <- /alternative/marketmuse-alternatives/
""Clearscope alternatives"" <- /alternative/moz-alternatives/
""Clearscope alternatives"" <- /alternative/surfer-seo-alternatives/","""Frase alternatives"" -> /alternative/frase-alternatives/
""Marketmuse alternatives"" -> /alternative/marketmuse-alternatives/
""Semrush alternatives"" -> /alternative/semrush-alternatives/
""Surfer Seo alternatives"" -> /alternative/surfer-seo-alternatives/
""Ranjeeth Kumar"" -> /author/ranjeeth/
""MarketMuse vs Clearscope"" -> /compare/marketmuse-vs-clearscope/
""Reach out"" -> /contact-us/
""our research methodology and editorial policy"" -> /research-methodology/
""SaaS SEO agency"" -> /saas-seo-agency/"
/alternative/cognism-alternatives/,alternative,9 Best Cognism Alternatives in 2026,5,15,,"""Cognism alternatives"" <- /alternative/6sense-alternatives/
""Cognism alternatives"" <- /alternative/apollo-alternatives/
""Cognism alternatives"" <- /alternative/bombora-alternatives/
""Cognism alternatives"" <- /alternative/lusha-alternatives/
""Cognism alternatives"" <- /alternative/zoominfo-alternatives/","""Apollo alternatives"" -> /alternative/apollo-alternatives/
""Directive Consulting alternatives"" -> /alternative/directive-consulting-alternatives/
""Kalungi alternatives"" -> /alternative/kalungi-alternatives/
""Zoominfo alternatives"" -> /alternative/zoominfo-alternatives/
""Praveen Ravi"" -> /author/praveen-ravi/
""HyperStart"" -> /case-study/hyperstart/
""HyperVerge"" -> /case-study/hyperverge/
""Storylane"" -> /case-study/storylane/
""Cognism vs Apollo"" -> /compare/cognism-vs-apollo/
""Cognism vs ZoomInfo"" -> /compare/cognism-vs-zoominfo/
""PipeRocket vs Directive Consulting"" -> /compare/piperocket-vs-directive-consulting/
""$3,000/mo"" -> /contact-us/
""our research methodology and editorial policy"" -> /research-methodology/
""SaaS PPC"" -> /saas-ppc/
""SaaS SEO"" -> /saas-seo-agency/"
/alternative/conductor-alternatives/,alternative,8 Best Conductor Alternatives in 2026,4,14,,"""Conductor alternatives"" <- /alternative/botify-alternatives/
""Conductor alternatives"" <- /alternative/brightedge-alternatives/
""Conductor alternatives"" <- /alternative/screaming-frog-alternatives/
""Conductor alternatives"" <- /alternative/sitebulb-alternatives/","""best Directive Consulting alternatives"" -> /alternative/directive-consulting-alternatives/
""best Kalungi alternatives"" -> /alternative/kalungi-alternatives/
""Mutiny alternatives"" -> /alternative/mutiny-alternatives/
""best Omniscient Digital alternatives"" -> /alternative/omniscient-digital-alternatives/
""best Siege Media alternatives"" -> /alternative/siege-media-alternatives/
""best SimpleTiger alternatives"" -> /alternative/simpletiger-alternatives/
""Kamaraj Mathiarasan (Kim)"" -> /author/kamaraj-mathiarasan/
""HyperStart"" -> /case-study/hyperstart/
""HyperVerge"" -> /case-study/hyperverge/
""PipeRocket vs Omniscient Digital"" -> /compare/piperocket-digital-vs-omniscient-digital/
""PipeRocket vs Siege Media"" -> /compare/piperocket-digital-vs-siege-media/
""PipeRocket vs Directive Consulting"" -> /compare/piperocket-vs-directive-consulting/
""$3,000/mo"" -> /contact-us/
""our research methodology and editorial policy"" -> /research-methodology/"
/alternative/convert-alternatives/,alternative,7 Best Convert.com Alternatives in 2026 (Compared),3,9,,"""Convert alternatives"" <- /alternative/ab-tasty-alternatives/
""Convert alternatives"" <- /alternative/instapage-alternatives/
""Convert alternatives"" <- /alternative/vwo-alternatives/","""Ab Tasty alternatives"" -> /alternative/ab-tasty-alternatives/
""Optimizely alternatives"" -> /alternative/optimizely-alternatives/
""VWO alternatives"" -> /alternative/vwo-alternatives/
""Vishnu Prasadh"" -> /author/vishnu-prasad/
""AB Tasty vs Convert"" -> /compare/ab-tasty-vs-convert/
""Optimizely vs AB Tasty"" -> /compare/optimizely-vs-ab-tasty/
""VWO vs Convert"" -> /compare/vwo-vs-convert/
""VWO vs Optimizely"" -> /compare/vwo-vs-optimizely/
""our research methodology and editorial policy"" -> /research-methodology/"
/alternative/copy-ai-alternatives/,alternative,7 Best Copy.ai Alternatives in 2026 (Compared),0,8,YES,,"""Jasper alternatives"" -> /alternative/jasper-alternatives/
""Writesonic alternatives"" -> /alternative/writesonic-alternatives/
""Vignesh Sampath"" -> /author/vignesh-sampath/
""Jasper vs Copy.ai"" -> /compare/jasper-vs-copy-ai/
""Writesonic vs Copy.ai"" -> /compare/writesonic-vs-copy-ai/
""contact page"" -> /contact-us/
""our research methodology and editorial policy"" -> /research-methodology/
""B2B SaaS SEO service"" -> /saas-seo-agency/"
/alternative/demandbase-alternatives/,alternative,7 Best Demandbase Alternatives for ABM (2026),3,10,,"""Demandbase alternatives"" <- /alternative/6sense-alternatives/
""Demandbase alternatives"" <- /alternative/bombora-alternatives/
""Demandbase alternatives"" <- /alternative/leadfeeder-alternatives/","""account-based marketing agency"" -> /account-based-marketing-agency/
""6sense alternatives"" -> /alternative/6sense-alternatives/
""Apollo alternatives"" -> /alternative/apollo-alternatives/
""Bombora alternatives"" -> /alternative/bombora-alternatives/
""Rollworks alternatives"" -> /alternative/rollworks-alternatives/
""Zoominfo alternatives"" -> /alternative/zoominfo-alternatives/
""Immanual D M"" -> /author/immanual/
""6sense vs Demandbase"" -> /compare/6sense-vs-demandbase/
""RollWorks vs Demandbase"" -> /compare/rollworks-vs-demandbase/
""our research methodology and editorial policy"" -> /research-methodology/"
/alternative/directive-consulting-alternatives/,alternative,10 Best Directive Consulting Alternatives in 2026,35,14,,"""Directive Consulting alternatives"" <- /alternative/cognism-alternatives/
""best Directive Consulting alternatives"" <- /alternative/conductor-alternatives/
""Directive Consulting alternatives"" <- /alternative/factors-ai-alternatives/
""Directive Consulting alternatives"" <- /alternative/kalungi-alternatives/
""Directive Consulting alternatives"" <- /alternative/klientboost-alternatives/
""Directive Consulting alternatives"" <- /alternative/nogood-alternatives/
""best Directive Consulting alternatives"" <- /alternative/optimizely-alternatives/
""best Directive Consulting alternatives"" <- /alternative/powered-by-search-alternatives/
""Directive Consulting alternatives"" <- /alternative/refine-labs-alternatives/
""best Directive Consulting alternatives"" <- /alternative/rollworks-alternatives/
""Directive Consulting alternatives"" <- /alternative/simpletiger-alternatives/
""Directive Consulting alternatives"" <- /alternative/single-grain-alternatives/
""best Directive Consulting alternatives"" <- /alternative/skale-alternatives/
""Directive Consulting alternatives"" <- /alternative/webfx-alternatives/
""best Directive Consulting alternatives"" <- /alternative/writesonic-alternatives/
""best Directive Consulting alternatives"" <- /list/best-abm-agencies/
""best Directive Consulting alternatives"" <- /list/best-affordable-b2b-ppc-agencies/
""top Directive Consulting alternatives"" <- /list/best-b2b-advertising-agencies/
""top Directive Consulting alternatives"" <- /list/best-b2b-demand-generation-agencies/
""Directive Consulting alternatives"" <- /list/best-b2b-google-ads-agencies/
""Directive Consulting alternatives"" <- /list/best-b2b-marketing-agencies/
""Directive Consulting alternatives"" <- /list/best-b2b-seo-agencies/
""best Directive Consulting alternatives"" <- /list/best-bing-ads-agencies/
""best Directive Consulting alternatives"" <- /list/best-enterprise-ppc-agencies/
""Directive Consulting alternatives"" <- /list/best-hr-tech-marketing-agencies/
""best Directive Consulting alternatives"" <- /list/best-legaltech-marketing-agencies/
""best Directive Consulting alternatives"" <- /list/best-martech-marketing-agencies/
""best Directive Consulting alternatives"" <- /list/best-paid-social-agencies/
""Directive Consulting alternatives"" <- /list/best-saas-growth-marketing-agencies/
""best Directive Consulting alternatives"" <- /list/best-saas-marketing-agencies-2026/
""best Directive Consulting alternatives"" <- /list/best-saas-ppc-agencies/
""best Directive Consulting alternatives"" <- /list/best-saas-seo-agencies/
""top Directive Consulting alternatives"" <- /list/best-technical-seo-agencies/
""Directive Consulting alternatives"" <- /list/top-b2b-ppc-agencies/
""Directive Consulting alternatives"" <- /list/top-performance-marketing-agencies/","""ABM"" -> /account-based-marketing-agency/
""KlientBoost alternatives"" -> /alternative/klientboost-alternatives/
""NoGood alternatives"" -> /alternative/nogood-alternatives/
""Kamaraj Mathiarasan (Kim)"" -> /author/kamaraj-mathiarasan/
""Directive Consulting vs Refine Labs"" -> /compare/directive-consulting-vs-refine-labs/
""PipeRocket vs KlientBoost"" -> /compare/piperocket-digital-vs-klientboost/
""PipeRocket vs NoGood"" -> /compare/piperocket-digital-vs-nogood/
""PipeRocket vs Directive Consulting"" -> /compare/piperocket-vs-directive-consulting/
""$3,000/mo"" -> /contact-us/
""our research methodology and editorial policy"" -> /research-methodology/
""SaaS PPC agency"" -> /saas-ppc/
""SaaS SEO"" -> /saas-seo-agency/
""AEO/GEO for AI search"" -> /saas-seo-agency/ai-seo-services/
""content"" -> /saas-seo-agency/content-marketing-agency/"
/alternative/dreamdata-alternatives/,alternative,7 Best Dreamdata Alternatives in 2026 (Compared),1,8,,"""Dreamdata alternatives"" <- /alternative/hockeystack-alternatives/","""Factors.ai alternatives"" -> /alternative/factors-ai-alternatives/
""Hockeystack alternatives"" -> /alternative/hockeystack-alternatives/
""Kamaraj Mathiarasan (Kim)"" -> /author/kamaraj-mathiarasan/
""Dreamdata vs HockeyStack"" -> /compare/dreamdata-vs-hockeystack/
""Factors.ai vs Dreamdata"" -> /compare/factors-ai-vs-dreamdata/
""talk through what that looks like"" -> /contact-us/
""our research methodology and editorial policy"" -> /research-methodology/
""B2B SaaS marketing"" -> /saas-seo-agency/"
/alternative/factors-ai-alternatives/,alternative,9 Best Factors.ai Alternatives in 2026,2,13,,"""Factors.ai alternatives"" <- /alternative/dreamdata-alternatives/
""Factors.ai alternatives"" <- /alternative/hockeystack-alternatives/","""Directive Consulting alternatives"" -> /alternative/directive-consulting-alternatives/
""Kalungi alternatives"" -> /alternative/kalungi-alternatives/
""Single Grain alternatives"" -> /alternative/single-grain-alternatives/
""Praveen Ravi"" -> /author/praveen-ravi/
""HyperStart"" -> /case-study/hyperstart/
""HyperVerge"" -> /case-study/hyperverge/
""PipeRocket vs Directive Consulting"" -> /compare/piperocket-vs-directive-consulting/
""$3,000/mo"" -> /contact-us/
""our research methodology and editorial policy"" -> /research-methodology/
""SaaS PPC"" -> /saas-ppc/
""SaaS SEO"" -> /saas-seo-agency/
""GEO/AEO"" -> /saas-seo-agency/ai-seo-services/
""Programmatic SEO"" -> /saas-seo-agency/programmatic-seo-agency/"
/alternative/frase-alternatives/,alternative,7 Best Frase Alternatives in 2026 (Compared),4,11,,"""Frase alternatives"" <- /alternative/clearscope-alternatives/
""Frase alternatives"" <- /alternative/jasper-alternatives/
""Frase alternatives"" <- /alternative/marketmuse-alternatives/
""Frase alternatives"" <- /alternative/surfer-seo-alternatives/","""Ahrefs alternatives"" -> /alternative/ahrefs-alternatives/
""Clearscope alternatives"" -> /alternative/clearscope-alternatives/
""Marketmuse alternatives"" -> /alternative/marketmuse-alternatives/
""Semrush alternatives"" -> /alternative/semrush-alternatives/
""Surfer Seo alternatives"" -> /alternative/surfer-seo-alternatives/
""Omar Sheriff"" -> /author/omar/
""MarketMuse vs Frase"" -> /compare/marketmuse-vs-frase/
""Surfer SEO vs Frase"" -> /compare/surfer-seo-vs-frase/
""get in touch directly"" -> /contact-us/
""our research methodology and editorial policy"" -> /research-methodology/
""SaaS SEO agency"" -> /saas-seo-agency/"
/alternative/hockeystack-alternatives/,alternative,7 Best HockeyStack Alternatives for B2B Attribution (2026),1,6,,"""Hockeystack alternatives"" <- /alternative/dreamdata-alternatives/","""Dreamdata alternatives"" -> /alternative/dreamdata-alternatives/
""Factors.ai alternatives"" -> /alternative/factors-ai-alternatives/
""Sabarish Chandrasekar"" -> /author/sabarish-chandrasekar/
""Dreamdata vs HockeyStack"" -> /compare/dreamdata-vs-hockeystack/
""best marketing attribution tools"" -> /list/best-marketing-attribution-tools/
""our research methodology and editorial policy"" -> /research-methodology/"
/alternative/hotjar-alternatives/,alternative,7 Best Hotjar Alternatives in 2026 (Compared),2,8,,"""Hotjar alternatives"" <- /alternative/mouseflow-alternatives/
""Hotjar alternatives"" <- /alternative/optimizely-alternatives/","""Mouseflow alternatives"" -> /alternative/mouseflow-alternatives/
""Omar Sheriff"" -> /author/omar/
""Hotjar vs FullStory"" -> /compare/hotjar-vs-fullstory/
""Hotjar vs Microsoft Clarity"" -> /compare/hotjar-vs-microsoft-clarity/
""Hotjar vs Mouseflow"" -> /compare/hotjar-vs-mouseflow/
""Talk to us"" -> /contact-us/
""our research methodology and editorial policy"" -> /research-methodology/
""SaaS SEO and CRO team"" -> /saas-seo-agency/"
/alternative/instapage-alternatives/,alternative,9 Best Instapage Alternatives in 2026,2,14,,"""best Instapage alternatives"" <- /alternative/leadpages-alternatives/
""Instapage alternatives"" <- /alternative/unbounce-alternatives/","""Convert alternatives"" -> /alternative/convert-alternatives/
""Leadpages alternatives"" -> /alternative/leadpages-alternatives/
""Optimizely alternatives"" -> /alternative/optimizely-alternatives/
""Unbounce alternatives"" -> /alternative/unbounce-alternatives/
""Vwo alternatives"" -> /alternative/vwo-alternatives/
""Praveen Ravi"" -> /author/praveen-ravi/
""HyperStart"" -> /case-study/hyperstart/
""HyperVerge"" -> /case-study/hyperverge/
""Storylane"" -> /case-study/storylane/
""Instapage vs Leadpages"" -> /compare/instapage-vs-leadpages/
""$3,000/mo"" -> /contact-us/
""our research methodology and editorial policy"" -> /research-methodology/
""GEO/AEO"" -> /saas-seo-agency/ai-seo-services/
""Programmatic SEO"" -> /saas-seo-agency/programmatic-seo-agency/"
/alternative/jasper-alternatives/,alternative,7 Best Jasper Alternatives in 2026 (Compared),4,9,,"""Jasper alternatives"" <- /alternative/animalz-alternatives/
""Jasper alternatives"" <- /alternative/copy-ai-alternatives/
""Jasper alternatives"" <- /alternative/kalungi-alternatives/
""Jasper alternatives"" <- /alternative/single-grain-alternatives/","""Frase alternatives"" -> /alternative/frase-alternatives/
""Surfer Seo alternatives"" -> /alternative/surfer-seo-alternatives/
""Writesonic alternatives"" -> /alternative/writesonic-alternatives/
""Sabari Rohith"" -> /author/rohith/
""Jasper vs Copy.ai"" -> /compare/jasper-vs-copy-ai/
""Jasper vs Writesonic"" -> /compare/jasper-vs-writesonic/
""get in touch"" -> /contact-us/
""our research methodology and editorial policy"" -> /research-methodology/
""SaaS SEO agency"" -> /saas-seo-agency/"
/alternative/kalungi-alternatives/,alternative,10 Best Kalungi Alternatives in 2026,12,14,,"""Kalungi alternatives"" <- /alternative/cognism-alternatives/
""best Kalungi alternatives"" <- /alternative/conductor-alternatives/
""Kalungi alternatives"" <- /alternative/factors-ai-alternatives/
""top Kalungi alternatives"" <- /list/best-b2b-seo-agencies/
""Kalungi alternatives"" <- /list/best-cybersecurity-marketing-agencies/
""best Kalungi alternatives"" <- /list/best-devtools-marketing-agencies/
""best Kalungi alternatives"" <- /list/best-hr-tech-marketing-agencies/
""Kalungi alternatives"" <- /list/best-martech-marketing-agencies/
""top Kalungi alternatives"" <- /list/best-saas-growth-marketing-agencies/
""Kalungi alternatives"" <- /list/best-saas-marketing-agencies-2026/
""best Kalungi alternatives"" <- /list/best-saas-ppc-agencies/
""Kalungi alternatives"" <- /list/best-saas-seo-agencies/","""Directive Consulting alternatives"" -> /alternative/directive-consulting-alternatives/
""Jasper alternatives"" -> /alternative/jasper-alternatives/
""best NoGood alternatives"" -> /alternative/nogood-alternatives/
""best Omniscient Digital alternatives"" -> /alternative/omniscient-digital-alternatives/
""Kamaraj Mathiarasan (Kim)"" -> /author/kamaraj-mathiarasan/
""PipeRocket vs NoGood"" -> /compare/piperocket-digital-vs-nogood/
""PipeRocket vs Omniscient Digital"" -> /compare/piperocket-digital-vs-omniscient-digital/
""PipeRocket vs Directive Consulting"" -> /compare/piperocket-vs-directive-consulting/
""$3,000/mo"" -> /contact-us/
""our research methodology and editorial policy"" -> /research-methodology/
""SaaS PPC"" -> /saas-ppc/
""SaaS SEO"" -> /saas-seo-agency/
""GEO/AEO"" -> /saas-seo-agency/ai-seo-services/
""Programmatic SEO"" -> /saas-seo-agency/programmatic-seo-agency/"
/alternative/klientboost-alternatives/,alternative,9 Best KlientBoost Alternatives in 2026,15,14,,"""KlientBoost alternatives"" <- /alternative/directive-consulting-alternatives/
""KlientBoost alternatives"" <- /alternative/optimizely-alternatives/
""KlientBoost alternatives"" <- /alternative/refine-labs-alternatives/
""KlientBoost alternatives"" <- /alternative/single-grain-alternatives/
""KlientBoost alternatives"" <- /alternative/webfx-alternatives/
""best KlientBoost alternatives"" <- /list/best-aeo-agency/
""top KlientBoost alternatives"" <- /list/best-affordable-b2b-ppc-agencies/
""best KlientBoost alternatives"" <- /list/best-b2b-advertising-agencies/
""best KlientBoost alternatives"" <- /list/best-b2b-google-ads-agencies/
""best KlientBoost alternatives"" <- /list/best-enterprise-ppc-agencies/
""KlientBoost alternatives"" <- /list/best-geo-agencies/
""best KlientBoost alternatives"" <- /list/best-paid-social-agencies/
""top KlientBoost alternatives"" <- /list/best-saas-marketing-agencies-2026/
""KlientBoost alternatives"" <- /list/best-saas-ppc-agencies/
""best KlientBoost alternatives"" <- /list/top-b2b-ppc-agencies/","""Directive Consulting alternatives"" -> /alternative/directive-consulting-alternatives/
""NoGood alternatives"" -> /alternative/nogood-alternatives/
""Zoominfo alternatives"" -> /alternative/zoominfo-alternatives/
""Praveen Ravi"" -> /author/praveen-ravi/
""KlientBoost vs Disruptive Advertising"" -> /compare/klientboost-vs-disruptive-advertising/
""PipeRocket vs KlientBoost"" -> /compare/piperocket-digital-vs-klientboost/
""PipeRocket vs NoGood"" -> /compare/piperocket-digital-vs-nogood/
""PipeRocket vs Directive Consulting"" -> /compare/piperocket-vs-directive-consulting/
""$3,000/mo"" -> /contact-us/
""our research methodology and editorial policy"" -> /research-methodology/
""PPC"" -> /saas-ppc/
""SEO"" -> /saas-seo-agency/
""GEO/AEO"" -> /saas-seo-agency/ai-seo-services/
""Link building"" -> /saas-seo-agency/link-building-agency/"
/alternative/leadfeeder-alternatives/,alternative,9 Best Leadfeeder Alternatives in 2026,0,13,YES,,"""6sense alternatives"" -> /alternative/6sense-alternatives/
""Demandbase alternatives"" -> /alternative/demandbase-alternatives/
""Praveen Ravi"" -> /author/praveen-ravi/
""HyperStart"" -> /case-study/hyperstart/
""HyperVerge"" -> /case-study/hyperverge/
""Storylane"" -> /case-study/storylane/
""Leadfeeder vs Albacross"" -> /compare/leadfeeder-vs-albacross/
""$3,000/mo"" -> /contact-us/
""our research methodology and editorial policy"" -> /research-methodology/
""SaaS PPC"" -> /saas-ppc/
""SaaS SEO"" -> /saas-seo-agency/
""GEO/AEO"" -> /saas-seo-agency/ai-seo-services/
""Programmatic SEO"" -> /saas-seo-agency/programmatic-seo-agency/"
/alternative/leadpages-alternatives/,alternative,8 Best Leadpages Alternatives in 2026 (Compared),2,6,,"""Leadpages alternatives"" <- /alternative/instapage-alternatives/
""Leadpages alternatives"" <- /alternative/unbounce-alternatives/","""best Instapage alternatives"" -> /alternative/instapage-alternatives/
""best Unbounce alternatives"" -> /alternative/unbounce-alternatives/
""Sabarish Chandrasekar"" -> /author/sabarish-chandrasekar/
""Instapage vs Leadpages"" -> /compare/instapage-vs-leadpages/
""Leadpages vs Unbounce"" -> /compare/leadpages-vs-unbounce/
""our research methodology and editorial policy"" -> /research-methodology/"
/alternative/lusha-alternatives/,alternative,9 Best Lusha Alternatives in 2026,2,14,,"""Lusha alternatives"" <- /alternative/apollo-alternatives/
""Lusha alternatives"" <- /alternative/zoominfo-alternatives/","""Apollo alternatives"" -> /alternative/apollo-alternatives/
""Cognism alternatives"" -> /alternative/cognism-alternatives/
""Zoominfo alternatives"" -> /alternative/zoominfo-alternatives/
""Praveen Ravi"" -> /author/praveen-ravi/
""HyperStart"" -> /case-study/hyperstart/
""HyperVerge"" -> /case-study/hyperverge/
""Kaspr vs Lusha"" -> /compare/kaspr-vs-lusha/
""Lusha vs Cognism"" -> /compare/lusha-vs-cognism/
""UpLead vs Apollo"" -> /compare/uplead-vs-apollo/
""$3,000/mo"" -> /contact-us/
""our research methodology and editorial policy"" -> /research-methodology/
""our research methodology"" -> /research-methodology/
""SaaS PPC"" -> /saas-ppc/
""SaaS SEO"" -> /saas-seo-agency/"
/alternative/mangools-alternatives/,alternative,8 Best Mangools Alternatives in 2026 (Compared),7,17,,"""Mangools alternatives"" <- /alternative/ahrefs-alternatives/
""Mangools alternatives"" <- /alternative/moz-alternatives/
""Mangools alternatives"" <- /alternative/semrush-alternatives/
""Mangools alternatives"" <- /alternative/seobility-alternatives/
""Mangools alternatives"" <- /alternative/seozoom-alternatives/
""Mangools alternatives"" <- /alternative/serpstat-alternatives/
""Mangools alternatives"" <- /alternative/ubersuggest-alternatives/","""Ahrefs alternatives"" -> /alternative/ahrefs-alternatives/
""Moz alternatives"" -> /alternative/moz-alternatives/
""Semrush alternatives"" -> /alternative/semrush-alternatives/
""Serpstat alternatives"" -> /alternative/serpstat-alternatives/
""Ubersuggest alternatives"" -> /alternative/ubersuggest-alternatives/
""Sabari Rohith"" -> /author/rohith/
""Ahrefs vs Moz"" -> /compare/ahrefs-vs-moz/
""Ahrefs vs Semrush"" -> /compare/ahrefs-vs-semrush/
""Mangools vs Semrush"" -> /compare/mangools-vs-semrush/
""Mangools vs Ubersuggest"" -> /compare/mangools-vs-ubersuggest/
""Moz vs Semrush"" -> /compare/moz-vs-semrush/
""SE Ranking vs Ahrefs"" -> /compare/se-ranking-vs-ahrefs/
""SE Ranking vs Semrush"" -> /compare/se-ranking-vs-semrush/
""Semrush vs Serpstat"" -> /compare/semrush-vs-serpstat/
""Semrush vs SpyFu"" -> /compare/semrush-vs-spyfu/
""Serpstat vs Moz"" -> /compare/serpstat-vs-moz/
""our research methodology and editorial policy"" -> /research-methodology/"
/alternative/marketmuse-alternatives/,alternative,5 Best MarketMuse Alternatives in 2026 (Compared),3,10,,"""Marketmuse alternatives"" <- /alternative/clearscope-alternatives/
""Marketmuse alternatives"" <- /alternative/frase-alternatives/
""Marketmuse alternatives"" <- /alternative/surfer-seo-alternatives/","""Clearscope alternatives"" -> /alternative/clearscope-alternatives/
""Frase alternatives"" -> /alternative/frase-alternatives/
""Surfer SEO alternatives"" -> /alternative/surfer-seo-alternatives/
""Kamaraj Mathiarasan (Kim)"" -> /author/kamaraj-mathiarasan/
""MarketMuse vs Clearscope"" -> /compare/marketmuse-vs-clearscope/
""MarketMuse vs Frase"" -> /compare/marketmuse-vs-frase/
""Surfer SEO vs Clearscope"" -> /compare/surfer-seo-vs-clearscope/
""reach out to us"" -> /contact-us/
""our research methodology and editorial policy"" -> /research-methodology/
""SaaS SEO agency"" -> /saas-seo-agency/"
/alternative/mouseflow-alternatives/,alternative,7 Best Mouseflow Alternatives in 2026 (Compared),1,7,,"""Mouseflow alternatives"" <- /alternative/hotjar-alternatives/","""Hotjar alternatives"" -> /alternative/hotjar-alternatives/
""Vwo alternatives"" -> /alternative/vwo-alternatives/
""Sabari Rohith"" -> /author/rohith/
""Hotjar vs Mouseflow"" -> /compare/hotjar-vs-mouseflow/
""VWO vs Optimizely"" -> /compare/vwo-vs-optimizely/
""Reach out to us"" -> /contact-us/
""our research methodology and editorial policy"" -> /research-methodology/"
/alternative/moz-alternatives/,alternative,7 Best Moz Alternatives in 2026 (Compared),6,14,,"""Moz alternatives"" <- /alternative/ahrefs-alternatives/
""Moz alternatives"" <- /alternative/mangools-alternatives/
""Moz alternatives"" <- /alternative/semrush-alternatives/
""Moz alternatives"" <- /alternative/seobility-alternatives/
""Moz alternatives"" <- /alternative/serpstat-alternatives/
""Moz alternatives"" <- /alternative/ubersuggest-alternatives/","""Ahrefs alternatives"" -> /alternative/ahrefs-alternatives/
""Clearscope alternatives"" -> /alternative/clearscope-alternatives/
""Mangools alternatives"" -> /alternative/mangools-alternatives/
""Semrush alternatives"" -> /alternative/semrush-alternatives/
""Serpstat alternatives"" -> /alternative/serpstat-alternatives/
""Ubersuggest alternatives"" -> /alternative/ubersuggest-alternatives/
""Sabari Rohith"" -> /author/rohith/
""Ahrefs vs Moz"" -> /compare/ahrefs-vs-moz/
""Moz vs Semrush"" -> /compare/moz-vs-semrush/
""Serpstat vs Moz"" -> /compare/serpstat-vs-moz/
""reach out to us"" -> /contact-us/
""our research methodology and editorial policy"" -> /research-methodology/
""SaaS SEO agency guide"" -> /saas-seo-agency/
""SaaS SEO agency"" -> /saas-seo-agency/"
/alternative/mutiny-alternatives/,alternative,7 Best Mutiny Alternatives in 2026 (Compared),3,5,,"""Mutiny alternatives"" <- /alternative/conductor-alternatives/
""Mutiny alternatives"" <- /alternative/simpletiger-alternatives/
""Mutiny alternatives"" <- /alternative/skale-alternatives/","""Vwo alternatives"" -> /alternative/vwo-alternatives/
""Kamaraj Mathiarasan (Kim)"" -> /author/kamaraj-mathiarasan/
""Reach out to us"" -> /contact-us/
""our research methodology and editorial policy"" -> /research-methodology/
""B2B SaaS SEO practice"" -> /saas-seo-agency/"
/alternative/nogood-alternatives/,alternative,9 Best NoGood Alternatives in 2026,18,12,,"""NoGood alternatives"" <- /alternative/animalz-alternatives/
""NoGood alternatives"" <- /alternative/directive-consulting-alternatives/
""best NoGood alternatives"" <- /alternative/kalungi-alternatives/
""NoGood alternatives"" <- /alternative/klientboost-alternatives/
""best NoGood alternatives"" <- /alternative/powered-by-search-alternatives/
""NoGood alternatives"" <- /alternative/refine-labs-alternatives/
""NoGood alternatives"" <- /alternative/single-grain-alternatives/
""best NoGood alternatives"" <- /alternative/writesonic-alternatives/
""NoGood alternatives"" <- /list/best-aeo-agency/
""NoGood alternatives"" <- /list/best-ai-seo-agencies/
""top NoGood alternatives"" <- /list/best-geo-agencies/
""top NoGood alternatives"" <- /list/best-healthtech-marketing-agencies/
""best NoGood alternatives"" <- /list/best-paid-social-agencies/
""NoGood alternatives"" <- /list/best-proptech-marketing-agencies/
""top NoGood alternatives"" <- /list/best-saas-growth-marketing-agencies/
""NoGood alternatives"" <- /list/best-saas-marketing-agencies-2026/
""top NoGood alternatives"" <- /list/best-saas-ppc-agencies/
""top NoGood alternatives"" <- /list/top-performance-marketing-agencies/","""account-based LinkedIn"" -> /account-based-marketing-agency/
""AEO/GEO"" -> /ai-seo-services/  [UNRESOLVED]
""Directive Consulting alternatives"" -> /alternative/directive-consulting-alternatives/
""Zoominfo alternatives"" -> /alternative/zoominfo-alternatives/
""Kamaraj Mathiarasan (Kim)"" -> /author/kamaraj-mathiarasan/
""PipeRocket vs NoGood"" -> /compare/piperocket-digital-vs-nogood/
""PipeRocket vs Directive Consulting"" -> /compare/piperocket-vs-directive-consulting/
""$3,000/mo"" -> /contact-us/
""marketing ops"" -> /marketing-ops/
""our research methodology and editorial policy"" -> /research-methodology/
""PPC"" -> /saas-ppc/
""SEO"" -> /saas-seo-agency/"
/alternative/omniscient-digital-alternatives/,alternative,10 Best Omniscient Digital Alternatives in 2026,16,13,,"""Omniscient Digital alternatives"" <- /alternative/animalz-alternatives/
""best Omniscient Digital alternatives"" <- /alternative/conductor-alternatives/
""best Omniscient Digital alternatives"" <- /alternative/kalungi-alternatives/
""Omniscient Digital alternatives"" <- /alternative/siege-media-alternatives/
""best Omniscient Digital alternatives"" <- /alternative/simpletiger-alternatives/
""Omniscient Digital alternatives"" <- /alternative/single-grain-alternatives/
""best Omniscient Digital alternatives"" <- /alternative/skale-alternatives/
""best Omniscient Digital alternatives"" <- /alternative/writesonic-alternatives/
""best Omniscient Digital alternatives"" <- /list/best-aeo-agency/
""best Omniscient Digital alternatives"" <- /list/best-ai-seo-agencies/
""Omniscient Digital alternatives"" <- /list/best-b2b-content-marketing-agencies/
""best Omniscient Digital alternatives"" <- /list/best-b2b-seo-agencies/
""best Omniscient Digital alternatives"" <- /list/best-geo-agencies/
""Omniscient Digital alternatives"" <- /list/best-saas-geo-agencies/
""best Omniscient Digital alternatives"" <- /list/best-saas-growth-marketing-agencies/
""Omniscient Digital alternatives"" <- /list/best-saas-seo-agencies/","""Semrush alternatives"" -> /alternative/semrush-alternatives/
""Siege Media alternatives"" -> /alternative/siege-media-alternatives/
""Zoominfo alternatives"" -> /alternative/zoominfo-alternatives/
""Praveen Ravi"" -> /author/praveen-ravi/
""PipeRocket Digital vs Omniscient Digital"" -> /compare/piperocket-digital-vs-omniscient-digital/
""PipeRocket vs Siege Media"" -> /compare/piperocket-digital-vs-siege-media/
""Siege Media vs Omniscient Digital"" -> /compare/siege-media-vs-omniscient-digital/
""$3,000/mo"" -> /contact-us/
""our research methodology and editorial policy"" -> /research-methodology/
""SaaS SEO"" -> /saas-seo-agency/
""GEO and AI search visibility"" -> /saas-seo-agency/ai-seo-services/
""content marketing"" -> /saas-seo-agency/content-marketing-agency/
""link building"" -> /saas-seo-agency/link-building-agency/"
/alternative/opteo-alternatives/,alternative,7 Best Opteo Alternatives for Google Ads Management (2026),2,5,,"""Opteo alternatives"" <- /alternative/optmyzr-alternatives/
""best Opteo alternatives"" <- /list/best-ppc-audit-tools/","""Optmyzr alternatives"" -> /alternative/optmyzr-alternatives/
""Vishnu Prasadh"" -> /author/vishnu-prasad/
""Optmyzr vs Opteo"" -> /compare/optmyzr-vs-opteo/
""our research methodology and editorial policy"" -> /research-methodology/
""SaaS PPC management"" -> /saas-ppc/"
/alternative/optimizely-alternatives/,alternative,8 Best Optimizely Alternatives in 2026,4,15,,"""Optimizely alternatives"" <- /alternative/ab-tasty-alternatives/
""Optimizely alternatives"" <- /alternative/convert-alternatives/
""Optimizely alternatives"" <- /alternative/instapage-alternatives/
""Optimizely alternatives"" <- /alternative/unbounce-alternatives/","""Ab Tasty alternatives"" -> /alternative/ab-tasty-alternatives/
""best Directive Consulting alternatives"" -> /alternative/directive-consulting-alternatives/
""Hotjar alternatives"" -> /alternative/hotjar-alternatives/
""KlientBoost alternatives"" -> /alternative/klientboost-alternatives/
""Vwo alternatives"" -> /alternative/vwo-alternatives/
""Kamaraj Mathiarasan (Kim)"" -> /author/kamaraj-mathiarasan/
""HyperStart"" -> /case-study/hyperstart/
""HyperVerge"" -> /case-study/hyperverge/
""Optimizely vs AB Tasty"" -> /compare/optimizely-vs-ab-tasty/
""PipeRocket vs KlientBoost"" -> /compare/piperocket-digital-vs-klientboost/
""PipeRocket vs Directive Consulting"" -> /compare/piperocket-vs-directive-consulting/
""$3,000/mo"" -> /contact-us/
""our research methodology and editorial policy"" -> /research-methodology/
""SaaS PPC"" -> /saas-ppc/
""SaaS SEO"" -> /saas-seo-agency/"
/alternative/optmyzr-alternatives/,alternative,6 Best Optmyzr Alternatives in 2026 (Compared),1,5,,"""Optmyzr alternatives"" <- /alternative/opteo-alternatives/","""Opteo alternatives"" -> /alternative/opteo-alternatives/
""Vishnu Prasadh"" -> /author/vishnu-prasad/
""Optmyzr vs Opteo"" -> /compare/optmyzr-vs-opteo/
""reach out to us"" -> /contact-us/
""our research methodology and editorial policy"" -> /research-methodology/"
/alternative/powered-by-search-alternatives/,alternative,9 Best Powered by Search Alternatives in 2026,6,13,,"""best Powered by Search alternatives"" <- /alternative/simpletiger-alternatives/
""best Powered by Search alternatives"" <- /list/best-devtools-marketing-agencies/
""best Powered by Search alternatives"" <- /list/best-martech-marketing-agencies/
""top Powered by Search alternatives"" <- /list/best-saas-growth-marketing-agencies/
""Powered by Search alternatives"" <- /list/best-saas-ppc-agencies/
""top Powered by Search alternatives"" <- /list/best-saas-seo-agencies/","""best Directive Consulting alternatives"" -> /alternative/directive-consulting-alternatives/
""best NoGood alternatives"" -> /alternative/nogood-alternatives/
""Praveen Ravi"" -> /author/praveen-ravi/
""PipeRocket vs NoGood"" -> /compare/piperocket-digital-vs-nogood/
""PipeRocket vs Directive Consulting"" -> /compare/piperocket-vs-directive-consulting/
""$3,000/mo"" -> /contact-us/
""B2B SaaS marketing agency list"" -> /list/best-b2b-marketing-agencies/
""B2B marketing operations"" -> /marketing-ops/
""our research methodology and editorial policy"" -> /research-methodology/
""SaaS PPC"" -> /saas-ppc/
""SaaS SEO"" -> /saas-seo-agency/
""GEO/AEO"" -> /saas-seo-agency/ai-seo-services/
""Programmatic SEO"" -> /saas-seo-agency/programmatic-seo-agency/"
/alternative/raventools-alternatives/,alternative,8 Best RavenTools Alternatives in 2026 (Compared),1,6,,"""RavenTools alternatives"" <- /alternative/seobility-alternatives/","""Ahrefs alternatives"" -> /alternative/ahrefs-alternatives/
""Semrush alternatives"" -> /alternative/semrush-alternatives/
""Vignesh Sampath"" -> /author/vignesh-sampath/
""SE Ranking vs Ahrefs"" -> /compare/se-ranking-vs-ahrefs/
""SE Ranking vs Semrush"" -> /compare/se-ranking-vs-semrush/
""our research methodology and editorial policy"" -> /research-methodology/"
/alternative/refine-labs-alternatives/,alternative,9 Best Refine Labs Alternatives in 2026,7,19,,"""best Refine Labs alternatives"" <- /list/best-abm-agencies/
""Refine Labs alternatives"" <- /list/best-b2b-demand-generation-agencies/
""top Refine Labs alternatives"" <- /list/best-devtools-marketing-agencies/
""top Refine Labs alternatives"" <- /list/best-linkedin-marketing-agencies/
""top Refine Labs alternatives"" <- /list/best-martech-marketing-agencies/
""best Refine Labs alternatives"" <- /list/best-saas-growth-marketing-agencies/
""top Refine Labs alternatives"" <- /list/best-saas-marketing-agencies-2026/","""Directive Consulting alternatives"" -> /alternative/directive-consulting-alternatives/
""KlientBoost alternatives"" -> /alternative/klientboost-alternatives/
""NoGood alternatives"" -> /alternative/nogood-alternatives/
""Praveen Ravi"" -> /author/praveen-ravi/
""HyperStart"" -> /case-study/hyperstart/
""HyperVerge"" -> /case-study/hyperverge/
""Storylane"" -> /case-study/storylane/
""Directive Consulting vs Refine Labs"" -> /compare/directive-consulting-vs-refine-labs/
""PipeRocket vs KlientBoost"" -> /compare/piperocket-digital-vs-klientboost/
""PipeRocket vs NoGood"" -> /compare/piperocket-digital-vs-nogood/
""PipeRocket vs Directive Consulting"" -> /compare/piperocket-vs-directive-consulting/
""$3,000/mo"" -> /contact-us/
""PipeRocket Digital"" -> /contact-us/
""B2B marketing operations"" -> /marketing-ops/
""our research methodology and editorial policy"" -> /research-methodology/
""SaaS PPC"" -> /saas-ppc/
""SaaS SEO"" -> /saas-seo-agency/
""GEO/AEO"" -> /saas-seo-agency/ai-seo-services/
""Programmatic SEO"" -> /saas-seo-agency/programmatic-seo-agency/"
/alternative/rollworks-alternatives/,alternative,8 Best RollWorks Alternatives in 2026,2,7,,"""Rollworks alternatives"" <- /alternative/6sense-alternatives/
""Rollworks alternatives"" <- /alternative/demandbase-alternatives/","""best Directive Consulting alternatives"" -> /alternative/directive-consulting-alternatives/
""Praveen Ravi"" -> /author/praveen-ravi/
""HyperStart"" -> /case-study/hyperstart/
""HyperVerge"" -> /case-study/hyperverge/
""PipeRocket vs Directive Consulting"" -> /compare/piperocket-vs-directive-consulting/
""$3,000/mo"" -> /contact-us/
""our research methodology and editorial policy"" -> /research-methodology/"
/alternative/screaming-frog-alternatives/,alternative,8 Best Screaming Frog Alternatives in 2026 (Compared),3,9,,"""Screaming Frog alternatives"" <- /alternative/ahrefs-alternatives/
""Screaming Frog alternatives"" <- /alternative/botify-alternatives/
""Screaming Frog alternatives"" <- /alternative/sitebulb-alternatives/","""Ahrefs alternatives"" -> /alternative/ahrefs-alternatives/
""Conductor alternatives"" -> /alternative/conductor-alternatives/
""Semrush alternatives"" -> /alternative/semrush-alternatives/
""Sitebulb alternatives"" -> /alternative/sitebulb-alternatives/
""Vignesh Sampath"" -> /author/vignesh-sampath/
""Screaming Frog vs Sitebulb"" -> /compare/screaming-frog-vs-sitebulb/
""contact us directly"" -> /contact-us/
""our research methodology and editorial policy"" -> /research-methodology/
""SaaS SEO agency"" -> /saas-seo-agency/"
/alternative/semrush-alternatives/,alternative,8 Best Semrush Alternatives in 2026 (Compared),17,17,,"""Semrush alternatives"" <- /alternative/ahrefs-alternatives/
""Semrush alternatives"" <- /alternative/botify-alternatives/
""Semrush alternatives"" <- /alternative/brightedge-alternatives/
""Semrush alternatives"" <- /alternative/clearscope-alternatives/
""Semrush alternatives"" <- /alternative/frase-alternatives/
""Semrush alternatives"" <- /alternative/mangools-alternatives/
""Semrush alternatives"" <- /alternative/moz-alternatives/
""Semrush alternatives"" <- /alternative/omniscient-digital-alternatives/
""Semrush alternatives"" <- /alternative/raventools-alternatives/
""Semrush alternatives"" <- /alternative/screaming-frog-alternatives/
""Semrush alternatives"" <- /alternative/seobility-alternatives/
""Semrush alternatives"" <- /alternative/seozoom-alternatives/
""Semrush alternatives"" <- /alternative/serpstat-alternatives/
""Semrush alternatives"" <- /alternative/sitebulb-alternatives/
""Semrush alternatives"" <- /alternative/skale-alternatives/
""Semrush alternatives"" <- /alternative/surfer-seo-alternatives/
""Semrush alternatives"" <- /alternative/ubersuggest-alternatives/","""Ahrefs alternatives"" -> /alternative/ahrefs-alternatives/
""Mangools alternatives"" -> /alternative/mangools-alternatives/
""Moz alternatives"" -> /alternative/moz-alternatives/
""Serpstat alternatives"" -> /alternative/serpstat-alternatives/
""Ubersuggest alternatives"" -> /alternative/ubersuggest-alternatives/
""Sabari Rohith"" -> /author/rohith/
""Ahrefs vs Moz"" -> /compare/ahrefs-vs-moz/
""Ahrefs vs Semrush"" -> /compare/ahrefs-vs-semrush/
""Ahrefs vs Ubersuggest"" -> /compare/ahrefs-vs-ubersuggest/
""Mangools vs Semrush"" -> /compare/mangools-vs-semrush/
""Moz vs Semrush"" -> /compare/moz-vs-semrush/
""SE Ranking vs Semrush"" -> /compare/se-ranking-vs-semrush/
""Semrush vs Serpstat"" -> /compare/semrush-vs-serpstat/
""Semrush vs SpyFu"" -> /compare/semrush-vs-spyfu/
""reach out to us"" -> /contact-us/
""our research methodology and editorial policy"" -> /research-methodology/
""SaaS SEO agency"" -> /saas-seo-agency/"
/alternative/seobility-alternatives/,alternative,8 Best Seobility Alternatives in 2026 (Compared),2,18,,"""Seobility alternatives"" <- /alternative/seozoom-alternatives/
""Seobility alternatives"" <- /alternative/serpstat-alternatives/","""Ahrefs alternatives"" -> /alternative/ahrefs-alternatives/
""Mangools alternatives"" -> /alternative/mangools-alternatives/
""Moz alternatives"" -> /alternative/moz-alternatives/
""RavenTools alternatives"" -> /alternative/raventools-alternatives/
""Semrush alternatives"" -> /alternative/semrush-alternatives/
""Serpstat alternatives"" -> /alternative/serpstat-alternatives/
""Ranjeeth Kumar"" -> /author/ranjeeth/
""Ahrefs vs Moz"" -> /compare/ahrefs-vs-moz/
""Ahrefs vs Semrush"" -> /compare/ahrefs-vs-semrush/
""Mangools vs Semrush"" -> /compare/mangools-vs-semrush/
""Moz vs Semrush"" -> /compare/moz-vs-semrush/
""SE Ranking vs Ahrefs"" -> /compare/se-ranking-vs-ahrefs/
""SE Ranking vs Semrush"" -> /compare/se-ranking-vs-semrush/
""Semrush vs Serpstat"" -> /compare/semrush-vs-serpstat/
""Serpstat vs Moz"" -> /compare/serpstat-vs-moz/
""reach out to us"" -> /contact-us/
""our research methodology and editorial policy"" -> /research-methodology/
""SaaS SEO agency"" -> /saas-seo-agency/"
/alternative/seozoom-alternatives/,alternative,8 Best SEOZoom Alternatives in 2026 (Compared),1,13,,"""SEOZoom alternatives"" <- /alternative/serpstat-alternatives/","""Ahrefs alternatives"" -> /alternative/ahrefs-alternatives/
""Mangools alternatives"" -> /alternative/mangools-alternatives/
""Semrush alternatives"" -> /alternative/semrush-alternatives/
""Seobility alternatives"" -> /alternative/seobility-alternatives/
""Serpstat alternatives"" -> /alternative/serpstat-alternatives/
""Ubersuggest alternatives"" -> /alternative/ubersuggest-alternatives/
""Ranjeeth Kumar"" -> /author/ranjeeth/
""Ahrefs vs Ubersuggest"" -> /compare/ahrefs-vs-ubersuggest/
""Mangools vs Ubersuggest"" -> /compare/mangools-vs-ubersuggest/
""SE Ranking vs Ahrefs"" -> /compare/se-ranking-vs-ahrefs/
""SE Ranking vs Semrush"" -> /compare/se-ranking-vs-semrush/
""Semrush vs Serpstat"" -> /compare/semrush-vs-serpstat/
""our research methodology and editorial policy"" -> /research-methodology/"
/alternative/serpstat-alternatives/,alternative,8 Best Serpstat Alternatives in 2026 (Compared),7,17,,"""Serpstat alternatives"" <- /alternative/ahrefs-alternatives/
""Serpstat alternatives"" <- /alternative/mangools-alternatives/
""Serpstat alternatives"" <- /alternative/moz-alternatives/
""Serpstat alternatives"" <- /alternative/semrush-alternatives/
""Serpstat alternatives"" <- /alternative/seobility-alternatives/
""Serpstat alternatives"" <- /alternative/seozoom-alternatives/
""Serpstat alternatives"" <- /alternative/ubersuggest-alternatives/","""Ahrefs alternatives"" -> /alternative/ahrefs-alternatives/
""Mangools alternatives"" -> /alternative/mangools-alternatives/
""Moz alternatives"" -> /alternative/moz-alternatives/
""Semrush alternatives"" -> /alternative/semrush-alternatives/
""Seobility alternatives"" -> /alternative/seobility-alternatives/
""SEOZoom alternatives"" -> /alternative/seozoom-alternatives/
""Ubersuggest alternatives"" -> /alternative/ubersuggest-alternatives/
""Omar Sheriff"" -> /author/omar/
""Ahrefs vs Ubersuggest"" -> /compare/ahrefs-vs-ubersuggest/
""Mangools vs Semrush"" -> /compare/mangools-vs-semrush/
""Mangools vs Ubersuggest"" -> /compare/mangools-vs-ubersuggest/
""SE Ranking vs Ahrefs"" -> /compare/se-ranking-vs-ahrefs/
""SE Ranking vs Semrush"" -> /compare/se-ranking-vs-semrush/
""Semrush vs Serpstat"" -> /compare/semrush-vs-serpstat/
""Semrush vs SpyFu"" -> /compare/semrush-vs-spyfu/
""Serpstat vs Moz"" -> /compare/serpstat-vs-moz/
""our research methodology and editorial policy"" -> /research-methodology/"
/alternative/siege-media-alternatives/,alternative,10 Best Siege Media Alternatives in 2026,19,13,,"""Siege Media alternatives"" <- /alternative/animalz-alternatives/
""best Siege Media alternatives"" <- /alternative/conductor-alternatives/
""Siege Media alternatives"" <- /alternative/omniscient-digital-alternatives/
""best Siege Media alternatives"" <- /alternative/simpletiger-alternatives/
""best Siege Media alternatives"" <- /alternative/writesonic-alternatives/
""top Siege Media alternatives"" <- /list/best-aeo-agency/
""best Siege Media alternatives"" <- /list/best-b2b-content-marketing-agencies/
""top Siege Media alternatives"" <- /list/best-b2b-marketing-agencies/
""top Siege Media alternatives"" <- /list/best-b2b-seo-agencies/
""best Siege Media alternatives"" <- /list/best-enterprise-seo-agencies/
""best Siege Media alternatives"" <- /list/best-fintech-geo-agencies/
""best Siege Media alternatives"" <- /list/best-geo-agencies/
""best Siege Media alternatives"" <- /list/best-legaltech-marketing-agencies/
""best Siege Media alternatives"" <- /list/best-saas-content-marketing-agencies/
""top Siege Media alternatives"" <- /list/best-saas-geo-agencies/
""best Siege Media alternatives"" <- /list/best-saas-link-building-agencies/
""best Siege Media alternatives"" <- /list/best-saas-seo-agencies/
""Siege Media alternatives"" <- /list/best-technical-seo-agencies/
""best Siege Media alternatives"" <- /list/top-fintech-marketing-agencies/","""Omniscient Digital alternatives"" -> /alternative/omniscient-digital-alternatives/
""Kamaraj Mathiarasan (Kim)"" -> /author/kamaraj-mathiarasan/
""PipeRocket vs Omniscient Digital"" -> /compare/piperocket-digital-vs-omniscient-digital/
""PipeRocket vs Siege Media"" -> /compare/piperocket-digital-vs-siege-media/
""Siege Media vs Animalz"" -> /compare/siege-media-vs-animalz/
""Siege Media vs Omniscient Digital"" -> /compare/siege-media-vs-omniscient-digital/
""$3,000/mo"" -> /contact-us/
""our research methodology and editorial policy"" -> /research-methodology/
""B2B SaaS SEO"" -> /saas-seo-agency/
""GEO/AEO"" -> /saas-seo-agency/ai-seo-services/
""content marketing"" -> /saas-seo-agency/content-marketing-agency/
""link building"" -> /saas-seo-agency/link-building-agency/
""programmatic SEO"" -> /saas-seo-agency/programmatic-seo-agency/"
/alternative/simpletiger-alternatives/,alternative,9 Best SimpleTiger Alternatives in 2026,7,17,,"""best SimpleTiger alternatives"" <- /alternative/conductor-alternatives/
""best SimpleTiger alternatives"" <- /list/best-aeo-agency/
""SimpleTiger alternatives"" <- /list/best-ai-seo-agencies/
""best SimpleTiger alternatives"" <- /list/best-b2b-google-ads-agencies/
""top SimpleTiger alternatives"" <- /list/best-geo-agencies/
""SimpleTiger alternatives"" <- /list/best-saas-marketing-agencies-2026/
""top Simple Tiger alternatives"" <- /list/best-saas-seo-agencies/","""best Animalz alternatives"" -> /alternative/animalz-alternatives/
""Directive Consulting alternatives"" -> /alternative/directive-consulting-alternatives/
""Mutiny alternatives"" -> /alternative/mutiny-alternatives/
""best Omniscient Digital alternatives"" -> /alternative/omniscient-digital-alternatives/
""best Powered by Search alternatives"" -> /alternative/powered-by-search-alternatives/
""best Siege Media alternatives"" -> /alternative/siege-media-alternatives/
""best Skale alternatives"" -> /alternative/skale-alternatives/
""Kamaraj Mathiarasan (Kim)"" -> /author/kamaraj-mathiarasan/
""PipeRocket vs Omniscient Digital"" -> /compare/piperocket-digital-vs-omniscient-digital/
""PipeRocket vs Siege Media"" -> /compare/piperocket-digital-vs-siege-media/
""PipeRocket vs Directive Consulting"" -> /compare/piperocket-vs-directive-consulting/
""SimpleTiger vs Skale"" -> /compare/simpletiger-vs-skale/
""$3,000/mo"" -> /contact-us/
""B2B marketing operations"" -> /marketing-ops/
""our research methodology and editorial policy"" -> /research-methodology/
""GEO/AEO"" -> /saas-seo-agency/ai-seo-services/
""Programmatic SEO"" -> /saas-seo-agency/programmatic-seo-agency/"
/alternative/single-grain-alternatives/,alternative,9 Best Single Grain Alternatives in 2026,10,24,,"""Single Grain alternatives"" <- /alternative/factors-ai-alternatives/
""top Single Grain alternatives"" <- /list/best-aeo-agency/
""best Single Grain alternatives"" <- /list/best-b2b-google-ads-agencies/
""Single Grain alternatives"" <- /list/best-geo-agencies/
""best Single Grain alternatives"" <- /list/best-reddit-ads-agencies/
""best Single Grain alternatives"" <- /list/best-saas-geo-agencies/
""Single Grain alternatives"" <- /list/best-saas-growth-marketing-agencies/
""best Single Grain alternatives"" <- /list/best-saas-marketing-agencies-2026/
""top Single Grain alternatives"" <- /list/best-saas-ppc-agencies/
""best Single Grain alternatives"" <- /list/top-b2b-ppc-agencies/","""Directive Consulting alternatives"" -> /alternative/directive-consulting-alternatives/
""Jasper alternatives"" -> /alternative/jasper-alternatives/
""KlientBoost alternatives"" -> /alternative/klientboost-alternatives/
""NoGood alternatives"" -> /alternative/nogood-alternatives/
""Omniscient Digital alternatives"" -> /alternative/omniscient-digital-alternatives/
""Kamaraj Mathiarasan (Kim)"" -> /author/kamaraj-mathiarasan/
""HyperStart"" -> /case-study/hyperstart/
""HyperVerge"" -> /case-study/hyperverge/
""Storylane"" -> /case-study/storylane/
""PipeRocket vs KlientBoost"" -> /compare/piperocket-digital-vs-klientboost/
""PipeRocket vs NoGood"" -> /compare/piperocket-digital-vs-nogood/
""PipeRocket vs Omniscient Digital"" -> /compare/piperocket-digital-vs-omniscient-digital/
""PipeRocket vs Directive Consulting"" -> /compare/piperocket-vs-directive-consulting/
""$3,000/mo"" -> /contact-us/
""best SaaS marketing agencies"" -> /list/best-saas-marketing-agencies-2026/
""B2B SaaS SEO agency comparison"" -> /list/best-saas-seo-agencies/
""B2B marketing operations"" -> /marketing-ops/
""our research methodology and editorial policy"" -> /research-methodology/
""research methodology"" -> /research-methodology/
""SaaS PPC"" -> /saas-ppc/
""SaaS SEO"" -> /saas-seo-agency/
""GEO/AEO"" -> /saas-seo-agency/ai-seo-services/
""link-building"" -> /saas-seo-agency/link-building-agency/
""Programmatic SEO"" -> /saas-seo-agency/programmatic-seo-agency/"
/alternative/sitebulb-alternatives/,alternative,9 Best Sitebulb Alternatives in 2026 (Compared),2,12,,"""Sitebulb alternatives"" <- /alternative/botify-alternatives/
""Sitebulb alternatives"" <- /alternative/screaming-frog-alternatives/","""Ahrefs alternatives"" -> /alternative/ahrefs-alternatives/
""Botify alternatives"" -> /alternative/botify-alternatives/
""Brightedge alternatives"" -> /alternative/brightedge-alternatives/
""Conductor alternatives"" -> /alternative/conductor-alternatives/
""Screaming Frog alternatives"" -> /alternative/screaming-frog-alternatives/
""Semrush alternatives"" -> /alternative/semrush-alternatives/
""Zoominfo alternatives"" -> /alternative/zoominfo-alternatives/
""Vignesh Sampath"" -> /author/vignesh-sampath/
""Ahrefs vs Semrush"" -> /compare/ahrefs-vs-semrush/
""Conductor vs BrightEdge"" -> /compare/conductor-vs-brightedge/
""Screaming Frog vs Sitebulb"" -> /compare/screaming-frog-vs-sitebulb/
""our research methodology and editorial policy"" -> /research-methodology/"
/alternative/skale-alternatives/,alternative,9 Best Skale Alternatives in 2026 (Honest Review),5,13,,"""best Skale alternatives"" <- /alternative/simpletiger-alternatives/
""top Skale alternatives"" <- /list/best-ai-seo-agencies/
""Skale alternatives"" <- /list/best-legaltech-marketing-agencies/
""best Skale alternatives"" <- /list/best-saas-growth-marketing-agencies/
""top Skale alternatives"" <- /list/best-saas-llmo-agencies/","""best Directive Consulting alternatives"" -> /alternative/directive-consulting-alternatives/
""Mutiny alternatives"" -> /alternative/mutiny-alternatives/
""best Omniscient Digital alternatives"" -> /alternative/omniscient-digital-alternatives/
""Semrush alternatives"" -> /alternative/semrush-alternatives/
""Zoominfo alternatives"" -> /alternative/zoominfo-alternatives/
""Kamaraj Mathiarasan (Kim)"" -> /author/kamaraj-mathiarasan/
""PipeRocket vs Omniscient Digital"" -> /compare/piperocket-digital-vs-omniscient-digital/
""PipeRocket vs Directive Consulting"" -> /compare/piperocket-vs-directive-consulting/
""SimpleTiger vs Skale"" -> /compare/simpletiger-vs-skale/
""$3,000/mo"" -> /contact-us/
""our research methodology and editorial policy"" -> /research-methodology/
""GEO/AEO"" -> /saas-seo-agency/ai-seo-services/
""Programmatic SEO"" -> /saas-seo-agency/programmatic-seo-agency/"
/alternative/surfer-seo-alternatives/,alternative,7 Best Surfer SEO Alternatives in 2026 (Compared),4,11,,"""Surfer Seo alternatives"" <- /alternative/clearscope-alternatives/
""Surfer Seo alternatives"" <- /alternative/frase-alternatives/
""Surfer Seo alternatives"" <- /alternative/jasper-alternatives/
""Surfer SEO alternatives"" <- /alternative/marketmuse-alternatives/","""Ahrefs alternatives"" -> /alternative/ahrefs-alternatives/
""Clearscope alternatives"" -> /alternative/clearscope-alternatives/
""Frase alternatives"" -> /alternative/frase-alternatives/
""Marketmuse alternatives"" -> /alternative/marketmuse-alternatives/
""Semrush alternatives"" -> /alternative/semrush-alternatives/
""Ranjeeth Kumar"" -> /author/ranjeeth/
""Surfer SEO vs Frase"" -> /compare/surfer-seo-vs-frase/
""reach out here"" -> /contact-us/
""our research methodology and editorial policy"" -> /research-methodology/
""SaaS SEO services"" -> /saas-seo-agency/
""SaaS SEO team"" -> /saas-seo-agency/"
/alternative/ubersuggest-alternatives/,alternative,6 Best Ubersuggest Alternatives in 2026 (Compared),7,11,,"""Ubersuggest alternatives"" <- /alternative/ahrefs-alternatives/
""Ubersuggest alternatives"" <- /alternative/mangools-alternatives/
""Ubersuggest alternatives"" <- /alternative/moz-alternatives/
""Ubersuggest alternatives"" <- /alternative/semrush-alternatives/
""Ubersuggest alternatives"" <- /alternative/seozoom-alternatives/
""Ubersuggest alternatives"" <- /alternative/serpstat-alternatives/
""Ubersuggest alternatives"" <- /alternative/webfx-alternatives/","""Ahrefs alternatives"" -> /alternative/ahrefs-alternatives/
""Mangools alternatives"" -> /alternative/mangools-alternatives/
""Moz alternatives"" -> /alternative/moz-alternatives/
""Semrush alternatives"" -> /alternative/semrush-alternatives/
""Serpstat alternatives"" -> /alternative/serpstat-alternatives/
""Vignesh Sampath"" -> /author/vignesh-sampath/
""Ahrefs vs Ubersuggest"" -> /compare/ahrefs-vs-ubersuggest/
""Mangools vs Ubersuggest"" -> /compare/mangools-vs-ubersuggest/
""best free keyword research tools"" -> /list/best-free-keyword-research-tools/
""best rank tracking tools for SaaS"" -> /list/best-rank-tracking-tools-for-saas/
""our research methodology and editorial policy"" -> /research-methodology/"
/alternative/unbounce-alternatives/,alternative,7 Best Unbounce Alternatives in 2026 (Compared),3,11,,"""Unbounce alternatives"" <- /alternative/ab-tasty-alternatives/
""Unbounce alternatives"" <- /alternative/instapage-alternatives/
""best Unbounce alternatives"" <- /alternative/leadpages-alternatives/","""Instapage alternatives"" -> /alternative/instapage-alternatives/
""Leadpages alternatives"" -> /alternative/leadpages-alternatives/
""Optimizely alternatives"" -> /alternative/optimizely-alternatives/
""Vwo alternatives"" -> /alternative/vwo-alternatives/
""Ranjeeth Kumar"" -> /author/ranjeeth/
""Leadpages vs Unbounce"" -> /compare/leadpages-vs-unbounce/
""Unbounce vs Instapage"" -> /compare/unbounce-vs-instapage/
""get in touch directly"" -> /contact-us/
""our research methodology and editorial policy"" -> /research-methodology/
""SaaS SEO agency"" -> /saas-seo-agency/
""our SaaS SEO and CRO services page"" -> /saas-seo-agency/"
/alternative/vwo-alternatives/,alternative,9 Best VWO Alternatives in 2026,7,10,,"""VWO alternatives"" <- /alternative/ab-tasty-alternatives/
""VWO alternatives"" <- /alternative/convert-alternatives/
""Vwo alternatives"" <- /alternative/instapage-alternatives/
""Vwo alternatives"" <- /alternative/mouseflow-alternatives/
""Vwo alternatives"" <- /alternative/mutiny-alternatives/
""Vwo alternatives"" <- /alternative/optimizely-alternatives/
""Vwo alternatives"" <- /alternative/unbounce-alternatives/","""Ab Tasty alternatives"" -> /alternative/ab-tasty-alternatives/
""Convert alternatives"" -> /alternative/convert-alternatives/
""Kamaraj Mathiarasan (Kim)"" -> /author/kamaraj-mathiarasan/
""HyperStart"" -> /case-study/hyperstart/
""HyperVerge"" -> /case-study/hyperverge/
""VWO vs Convert"" -> /compare/vwo-vs-convert/
""$3,000/mo"" -> /contact-us/
""our research methodology and editorial policy"" -> /research-methodology/
""SaaS PPC"" -> /saas-ppc/
""SaaS SEO"" -> /saas-seo-agency/"
/alternative/webfx-alternatives/,alternative,10 Best WebFX Alternatives in 2026,6,18,,"""top WebFX alternatives"" <- /list/best-aeo-agency/
""WebFX alternatives"" <- /list/best-affordable-b2b-ppc-agencies/
""top WebFX alternatives"" <- /list/best-enterprise-seo-agencies/
""WebFX alternatives"" <- /list/best-geo-agencies/
""top WebFX alternatives"" <- /list/best-proptech-marketing-agencies/
""top WebFX alternatives"" <- /list/top-b2b-ppc-agencies/","""Directive Consulting alternatives"" -> /alternative/directive-consulting-alternatives/
""KlientBoost alternatives"" -> /alternative/klientboost-alternatives/
""Ubersuggest alternatives"" -> /alternative/ubersuggest-alternatives/
""Praveen Ravi"" -> /author/praveen-ravi/
""HyperStart"" -> /case-study/hyperstart/
""HyperVerge"" -> /case-study/hyperverge/
""Storylane"" -> /case-study/storylane/
""PipeRocket vs KlientBoost"" -> /compare/piperocket-digital-vs-klientboost/
""PipeRocket vs. WebFX comparison"" -> /compare/piperocket-digital-vs-webfx/
""PipeRocket vs Directive Consulting"" -> /compare/piperocket-vs-directive-consulting/
""$3,000/mo"" -> /contact-us/
""B2B marketing operations"" -> /marketing-ops/
""our research methodology and editorial policy"" -> /research-methodology/
""SaaS PPC"" -> /saas-ppc/
""SaaS SEO"" -> /saas-seo-agency/
""GEO/AEO"" -> /saas-seo-agency/ai-seo-services/
""link-building"" -> /saas-seo-agency/link-building-agency/
""Programmatic SEO"" -> /saas-seo-agency/programmatic-seo-agency/"
/alternative/writesonic-alternatives/,alternative,9 Best Writesonic Alternatives in 2026,2,15,,"""Writesonic alternatives"" <- /alternative/copy-ai-alternatives/
""Writesonic alternatives"" <- /alternative/jasper-alternatives/","""best Animalz alternatives"" -> /alternative/animalz-alternatives/
""best Directive Consulting alternatives"" -> /alternative/directive-consulting-alternatives/
""best NoGood alternatives"" -> /alternative/nogood-alternatives/
""best Omniscient Digital alternatives"" -> /alternative/omniscient-digital-alternatives/
""best Siege Media alternatives"" -> /alternative/siege-media-alternatives/
""Kamaraj Mathiarasan (Kim)"" -> /author/kamaraj-mathiarasan/
""HyperStart"" -> /case-study/hyperstart/
""HyperVerge"" -> /case-study/hyperverge/
""Storylane"" -> /case-study/storylane/
""PipeRocket vs NoGood"" -> /compare/piperocket-digital-vs-nogood/
""PipeRocket vs Omniscient Digital"" -> /compare/piperocket-digital-vs-omniscient-digital/
""PipeRocket vs Siege Media"" -> /compare/piperocket-digital-vs-siege-media/
""PipeRocket vs Directive Consulting"" -> /compare/piperocket-vs-directive-consulting/
""$3,000/mo"" -> /contact-us/
""our research methodology and editorial policy"" -> /research-methodology/"
/alternative/zoominfo-alternatives/,alternative,8 Best ZoomInfo Alternatives in 2026 (Compared),11,11,,"""Zoominfo alternatives"" <- /alternative/6sense-alternatives/
""Zoominfo alternatives"" <- /alternative/apollo-alternatives/
""Zoominfo alternatives"" <- /alternative/bombora-alternatives/
""Zoominfo alternatives"" <- /alternative/cognism-alternatives/
""Zoominfo alternatives"" <- /alternative/demandbase-alternatives/
""Zoominfo alternatives"" <- /alternative/klientboost-alternatives/
""Zoominfo alternatives"" <- /alternative/lusha-alternatives/
""Zoominfo alternatives"" <- /alternative/nogood-alternatives/
""Zoominfo alternatives"" <- /alternative/omniscient-digital-alternatives/
""Zoominfo alternatives"" <- /alternative/sitebulb-alternatives/
""Zoominfo alternatives"" <- /alternative/skale-alternatives/","""Apollo alternatives"" -> /alternative/apollo-alternatives/
""Bombora alternatives"" -> /alternative/bombora-alternatives/
""Cognism alternatives"" -> /alternative/cognism-alternatives/
""Lusha alternatives"" -> /alternative/lusha-alternatives/
""Praveen Ravi"" -> /author/praveen-ravi/
""Apollo vs ZoomInfo"" -> /compare/apollo-vs-zoominfo/
""Clay vs Apollo"" -> /compare/clay-vs-apollo/
""Clearbit vs ZoomInfo"" -> /compare/clearbit-vs-zoominfo/
""Seamless.AI vs ZoomInfo"" -> /compare/seamless-ai-vs-zoominfo/
""reach out to us"" -> /contact-us/
""our research methodology and editorial policy"" -> /research-methodology/"
/author/,section,PipeRocket authors,0,0,,,
/author/deepan-siddhu/,author,Deepan Siddhu,0,0,YES,,
/author/douglas-ribback/,author,Douglas Ribback,0,0,YES,,
/author/immanual/,author,Immanual D M,9,0,,"""Immanual D M"" <- /alternative/ab-tasty-alternatives/
""Immanual D M"" <- /alternative/demandbase-alternatives/
""Immanual D M"" <- /blogs/chatgpt-ads-for-saas/
""Immanual D M"" <- /blogs/saas-creative-testing/
""Immanual D M"" <- /blogs/saas-linkedin-ad-copy/
""Immanual D M"" <- /compare/6sense-vs-demandbase/
""Immanual D M"" <- /compare/lusha-vs-cognism/
""Immanual D M"" <- /compare/uplead-vs-apollo/
""Immanual D M"" <- /list/best-paid-social-agencies/",
/author/jithesh-joseph/,author,Jithesh Joseph,0,0,YES,,
/author/kamaraj-mathiarasan/,author,Kamaraj Mathiarasan (Kim),230,0,,"""Kamaraj Mathiarasan (Kim)"" <- /alternative/animalz-alternatives/
""Kamaraj Mathiarasan (Kim)"" <- /alternative/bombora-alternatives/
""Kamaraj Mathiarasan (Kim)"" <- /alternative/conductor-alternatives/
""Kamaraj Mathiarasan (Kim)"" <- /alternative/directive-consulting-alternatives/
""Kamaraj Mathiarasan (Kim)"" <- /alternative/dreamdata-alternatives/
""Kamaraj Mathiarasan (Kim)"" <- /alternative/kalungi-alternatives/
""Kamaraj Mathiarasan (Kim)"" <- /alternative/marketmuse-alternatives/
""Kamaraj Mathiarasan (Kim)"" <- /alternative/mutiny-alternatives/
""Kamaraj Mathiarasan (Kim)"" <- /alternative/nogood-alternatives/
""Kamaraj Mathiarasan (Kim)"" <- /alternative/optimizely-alternatives/
""Kamaraj Mathiarasan (Kim)"" <- /alternative/siege-media-alternatives/
""Kamaraj Mathiarasan (Kim)"" <- /alternative/simpletiger-alternatives/
""Kamaraj Mathiarasan (Kim)"" <- /alternative/single-grain-alternatives/
""Kamaraj Mathiarasan (Kim)"" <- /alternative/skale-alternatives/
""Kamaraj Mathiarasan (Kim)"" <- /alternative/vwo-alternatives/
""Kamaraj Mathiarasan (Kim)"" <- /alternative/writesonic-alternatives/
""Kamaraj Mathiarasan (Kim)"" <- /blogs/aeo-performance-metrics-reporting-dashboard/
""Kamaraj Mathiarasan (Kim)"" <- /blogs/aeo-vs-geo/
""Kamaraj Mathiarasan (Kim)"" <- /blogs/ai-agents-for-seo/
""Kamaraj Mathiarasan (Kim)"" <- /blogs/ai-search-optimization-for-saas/
""Kamaraj Mathiarasan (Kim)"" <- /blogs/ai-seo-strategy-and-framework/
""Kamaraj Mathiarasan (Kim)"" <- /blogs/b2b-content-marketing-guide/
""Kamaraj Mathiarasan (Kim)"" <- /blogs/b2b-inbound-marketing-guide/
""Kamaraj Mathiarasan (Kim)"" <- /blogs/b2b-saas-seo/
""Kamaraj Mathiarasan (Kim)"" <- /blogs/enterprise-saas-seo-guide/
""Kamaraj Mathiarasan (Kim)"" <- /blogs/enterprise-seo-challenges-and-fixes/
""Kamaraj Mathiarasan (Kim)"" <- /blogs/enterprise-seo-guide/
""Kamaraj Mathiarasan (Kim)"" <- /blogs/enterprise-seo-strategy-and-framework/
""Kamaraj Mathiarasan (Kim)"" <- /blogs/geo-vs-seo/
""Kamaraj Mathiarasan (Kim)"" <- /blogs/how-to-build-topic-clusters/
""Kamaraj Mathiarasan (Kim)"" <- /blogs/how-to-choose-search-volume-vs-search-intent/
""Kamaraj Mathiarasan (Kim)"" <- /blogs/how-to-do-keyword-gap-analysis/
""Kamaraj Mathiarasan (Kim)"" <- /blogs/how-to-do-saas-content-audit/
""Kamaraj Mathiarasan (Kim)"" <- /blogs/how-to-do-saas-seo-competitor-analysis/
""Kamaraj Mathiarasan (Kim)"" <- /blogs/how-to-do-saas-seo-keyword-research/
""Kamaraj Mathiarasan (Kim)"" <- /blogs/how-to-fix-keyword-cannibalization/
""Kamaraj Mathiarasan (Kim)"" <- /blogs/how-to-map-keywords-to-saas-buyer-journey/
""Kamaraj Mathiarasan (Kim)"" <- /blogs/how-to-prioritize-saas-keywords-by-funnel-stage/
""Kamaraj Mathiarasan (Kim)"" <- /blogs/how-to-rank-bofu-keywords-saas/
""Kamaraj Mathiarasan (Kim)"" <- /blogs/how-to-rank-mofu-keywords-saas/
""Kamaraj Mathiarasan (Kim)"" <- /blogs/how-to-rank-on-chatgpt-in-2026-strategies-and-tips/
""Kamaraj Mathiarasan (Kim)"" <- /blogs/how-to-score-saas-keywords-by-icp-intent/
""Kamaraj Mathiarasan (Kim)"" <- /blogs/how-to-write-saas-comparison-pages-for-seo/
""Kamaraj Mathiarasan (Kim)"" <- /blogs/how-to-write-saas-seo-content-with-ai-that-actually-ranks/
""Kamaraj Mathiarasan (Kim)"" <- /blogs/optimize-saas-landing-pages-for-seo/
""Kamaraj Mathiarasan (Kim)"" <- /blogs/programmatic-seo-for-saas/
""Kamaraj Mathiarasan (Kim)"" <- /blogs/saas-content-distribution-strategy/
""Kamaraj Mathiarasan (Kim)"" <- /blogs/saas-content-marketing-guide/
""Kamaraj Mathiarasan (Kim)"" <- /blogs/saas-content-strategy/
""Kamaraj Mathiarasan (Kim)"" <- /blogs/saas-international-seo-strategy/
""Kamaraj Mathiarasan (Kim)"" <- /blogs/saas-link-building/
""Kamaraj Mathiarasan (Kim)"" <- /blogs/saas-marketing-challenges-and-fixes/
""Kamaraj Mathiarasan (Kim)"" <- /blogs/saas-marketing/
""Kamaraj Mathiarasan (Kim)"" <- /blogs/saas-messaging-strategy/
""Kamaraj Mathiarasan (Kim)"" <- /blogs/saas-positioning-strategy/
""Kamaraj Mathiarasan (Kim)"" <- /blogs/saas-product-marketing-strategy/
""Kamaraj Mathiarasan (Kim)"" <- /blogs/saas-seo-strategies-and-framework/
""Kamaraj Mathiarasan (Kim)"" <- /blogs/saas-seo/
""Kamaraj Mathiarasan (Kim)"" <- /blogs/saas-thought-leadership-strategy/
""Kamaraj Mathiarasan (Kim)"" <- /blogs/technical-seo-for-saas/
""Kamaraj Mathiarasan (Kim)"" <- /blogs/types-of-keywords-in-seo/
""Kamaraj Mathiarasan (Kim)"" <- /checklists/aeo-checklist/
""Kamaraj Mathiarasan (Kim)"" <- /checklists/ai-crawler-access-checklist/
""Kamaraj Mathiarasan (Kim)"" <- /checklists/ai-seo-checklist/
""Kamaraj Mathiarasan (Kim)"" <- /checklists/bing-copilot-optimization-checklist/
""Kamaraj Mathiarasan (Kim)"" <- /checklists/blog-post-checklist/
""Kamaraj Mathiarasan (Kim)"" <- /checklists/chatgpt-seo-checklist/
""Kamaraj Mathiarasan (Kim)"" <- /checklists/content-audit-checklist/
""Kamaraj Mathiarasan (Kim)"" <- /checklists/content-marketing-checklist/
""Kamaraj Mathiarasan (Kim)"" <- /checklists/content-seo-checklist/
""Kamaraj Mathiarasan (Kim)"" <- /checklists/eeat-checklist/
""Kamaraj Mathiarasan (Kim)"" <- /checklists/entity-seo-checklist/
""Kamaraj Mathiarasan (Kim)"" <- /checklists/geo-checklist/
""Kamaraj Mathiarasan (Kim)"" <- /checklists/google-ai-overviews-checklist/
""Kamaraj Mathiarasan (Kim)"" <- /checklists/image-seo-checklist/
""Kamaraj Mathiarasan (Kim)"" <- /checklists/international-seo-checklist/
""Kamaraj Mathiarasan (Kim)"" <- /checklists/keyword-research-checklist/
""Kamaraj Mathiarasan (Kim)"" <- /checklists/local-seo-checklist/
""Kamaraj Mathiarasan (Kim)"" <- /checklists/mobile-seo-checklist/
""Kamaraj Mathiarasan (Kim)"" <- /checklists/new-website-seo-checklist/
""Kamaraj Mathiarasan (Kim)"" <- /checklists/off-page-seo-checklist/
""Kamaraj Mathiarasan (Kim)"" <- /checklists/on-page-aeo-checklist/
""Kamaraj Mathiarasan (Kim)"" <- /checklists/on-page-seo-checklist/
""Kamaraj Mathiarasan (Kim)"" <- /checklists/perplexity-seo-checklist/
""Kamaraj Mathiarasan (Kim)"" <- /checklists/reddit-quora-seo-checklist/
""Kamaraj Mathiarasan (Kim)"" <- /checklists/saas-lead-generation-checklist/
""Kamaraj Mathiarasan (Kim)"" <- /checklists/saas-seo-checklist/
""Kamaraj Mathiarasan (Kim)"" <- /checklists/saas-seo-reporting-checklist/
""Kamaraj Mathiarasan (Kim)"" <- /checklists/saas-seo-strategy-checklist/
""Kamaraj Mathiarasan (Kim)"" <- /checklists/seo-audit-checklist/
""Kamaraj Mathiarasan (Kim)"" <- /checklists/seo-checklist/
""Kamaraj Mathiarasan (Kim)"" <- /checklists/seo-competitor-analysis-checklist/
""Kamaraj Mathiarasan (Kim)"" <- /checklists/seo-site-migration-checklist/
""Kamaraj Mathiarasan (Kim)"" <- /checklists/technical-seo-checklist/
""Kamaraj Mathiarasan (Kim)"" <- /checklists/website-audit-checklist/
""Kamaraj Mathiarasan (Kim)"" <- /checklists/wordpress-seo-checklist/
""Kamaraj Mathiarasan (Kim)"" <- /checklists/youtube-seo-checklist/
""Kamaraj Mathiarasan (Kim)"" <- /compare/6sense-vs-bombora/
""Kamaraj Mathiarasan (Kim)"" <- /compare/ab-tasty-vs-convert/
""Kamaraj Mathiarasan (Kim)"" <- /compare/ahrefs-vs-moz/
""Kamaraj Mathiarasan (Kim)"" <- /compare/ahrefs-vs-semrush/
""Kamaraj Mathiarasan (Kim)"" <- /compare/ahrefs-vs-ubersuggest/
""Kamaraj Mathiarasan (Kim)"" <- /compare/brightedge-vs-seoclarity/
""Kamaraj Mathiarasan (Kim)"" <- /compare/clearbit-vs-apollo/
""Kamaraj Mathiarasan (Kim)"" <- /compare/clearbit-vs-zoominfo/
""Kamaraj Mathiarasan (Kim)"" <- /compare/conductor-vs-brightedge/
""Kamaraj Mathiarasan (Kim)"" <- /compare/directive-consulting-vs-refine-labs/
""Kamaraj Mathiarasan (Kim)"" <- /compare/dreamdata-vs-hockeystack/
""Kamaraj Mathiarasan (Kim)"" <- /compare/factors-ai-vs-dreamdata/
""Kamaraj Mathiarasan (Kim)"" <- /compare/hotjar-vs-fullstory/
""Kamaraj Mathiarasan (Kim)"" <- /compare/jasper-vs-copy-ai/
""Kamaraj Mathiarasan (Kim)"" <- /compare/jasper-vs-writesonic/
""Kamaraj Mathiarasan (Kim)"" <- /compare/klientboost-vs-disruptive-advertising/
""Kamaraj Mathiarasan (Kim)"" <- /compare/leadpages-vs-unbounce/
""Kamaraj Mathiarasan (Kim)"" <- /compare/mangools-vs-semrush/
""Kamaraj Mathiarasan (Kim)"" <- /compare/mangools-vs-ubersuggest/
""Kamaraj Mathiarasan (Kim)"" <- /compare/marketmuse-vs-clearscope/
""Kamaraj Mathiarasan (Kim)"" <- /compare/marketmuse-vs-frase/
""Kamaraj Mathiarasan (Kim)"" <- /compare/moz-vs-semrush/
""Kamaraj Mathiarasan (Kim)"" <- /compare/optimizely-vs-ab-tasty/
""Kamaraj Mathiarasan (Kim)"" <- /compare/piperocket-digital-vs-klientboost/
""Kamaraj Mathiarasan (Kim)"" <- /compare/piperocket-digital-vs-nogood/
""Kamaraj Mathiarasan (Kim)"" <- /compare/piperocket-digital-vs-omniscient-digital/
""Kamaraj Mathiarasan (Kim)"" <- /compare/piperocket-digital-vs-siege-media/
""Kamaraj Mathiarasan (Kim)"" <- /compare/piperocket-digital-vs-webfx/
""Kamaraj Mathiarasan (Kim)"" <- /compare/piperocket-vs-directive-consulting/
""Kamaraj Mathiarasan (Kim)"" <- /compare/screaming-frog-vs-sitebulb/
""Kamaraj Mathiarasan (Kim)"" <- /compare/se-ranking-vs-ahrefs/
""Kamaraj Mathiarasan (Kim)"" <- /compare/se-ranking-vs-semrush/
""Kamaraj Mathiarasan (Kim)"" <- /compare/semrush-vs-serpstat/
""Kamaraj Mathiarasan (Kim)"" <- /compare/semrush-vs-spyfu/
""Kamaraj Mathiarasan (Kim)"" <- /compare/serpstat-vs-moz/
""Kamaraj Mathiarasan (Kim)"" <- /compare/siege-media-vs-animalz/
""Kamaraj Mathiarasan (Kim)"" <- /compare/siege-media-vs-omniscient-digital/
""Kamaraj Mathiarasan (Kim)"" <- /compare/simpletiger-vs-skale/
""Kamaraj Mathiarasan (Kim)"" <- /compare/surfer-seo-vs-clearscope/
""Kamaraj Mathiarasan (Kim)"" <- /compare/surfer-seo-vs-frase/
""Kamaraj Mathiarasan (Kim)"" <- /compare/unbounce-vs-instapage/
""Kamaraj Mathiarasan (Kim)"" <- /compare/vwo-vs-convert/
""Kamaraj Mathiarasan (Kim)"" <- /compare/vwo-vs-optimizely/
""Kamaraj Mathiarasan (Kim)"" <- /compare/writesonic-vs-copy-ai/
""Kamaraj Mathiarasan (Kim)"" <- /glossary/what-are-keyword-clusters/
""Kamaraj Mathiarasan (Kim)"" <- /glossary/what-is-a-301-redirect/
""Kamaraj Mathiarasan (Kim)"" <- /glossary/what-is-a-backlink/
""Kamaraj Mathiarasan (Kim)"" <- /glossary/what-is-a-canonical-tag/
""Kamaraj Mathiarasan (Kim)"" <- /glossary/what-is-a-commercial-keyword/
""Kamaraj Mathiarasan (Kim)"" <- /glossary/what-is-a-long-tail-keyword/
""Kamaraj Mathiarasan (Kim)"" <- /glossary/what-is-a-meta-description/
""Kamaraj Mathiarasan (Kim)"" <- /glossary/what-is-a-navigational-keyword/
""Kamaraj Mathiarasan (Kim)"" <- /glossary/what-is-a-transactional-keyword/
""Kamaraj Mathiarasan (Kim)"" <- /glossary/what-is-ai-hallucination/
""Kamaraj Mathiarasan (Kim)"" <- /glossary/what-is-an-informational-keyword/
""Kamaraj Mathiarasan (Kim)"" <- /glossary/what-is-an-llm/
""Kamaraj Mathiarasan (Kim)"" <- /glossary/what-is-an-seo-audit/
""Kamaraj Mathiarasan (Kim)"" <- /glossary/what-is-anchor-text/
""Kamaraj Mathiarasan (Kim)"" <- /glossary/what-is-brand-positioning/
""Kamaraj Mathiarasan (Kim)"" <- /glossary/what-is-cls/
""Kamaraj Mathiarasan (Kim)"" <- /glossary/what-is-content-marketing/
""Kamaraj Mathiarasan (Kim)"" <- /glossary/what-is-domain-authority/
""Kamaraj Mathiarasan (Kim)"" <- /glossary/what-is-evergreen-content/
""Kamaraj Mathiarasan (Kim)"" <- /glossary/what-is-fid/
""Kamaraj Mathiarasan (Kim)"" <- /glossary/what-is-go-to-market-strategy/
""Kamaraj Mathiarasan (Kim)"" <- /glossary/what-is-google-search-console/
""Kamaraj Mathiarasan (Kim)"" <- /glossary/what-is-google-tag-manager/
""Kamaraj Mathiarasan (Kim)"" <- /glossary/what-is-gpt/
""Kamaraj Mathiarasan (Kim)"" <- /glossary/what-is-icp/
""Kamaraj Mathiarasan (Kim)"" <- /glossary/what-is-image-alt-text/
""Kamaraj Mathiarasan (Kim)"" <- /glossary/what-is-inbound-marketing/
""Kamaraj Mathiarasan (Kim)"" <- /glossary/what-is-indexing/
""Kamaraj Mathiarasan (Kim)"" <- /glossary/what-is-keyword-difficulty/
""Kamaraj Mathiarasan (Kim)"" <- /glossary/what-is-keyword-ranking/
""Kamaraj Mathiarasan (Kim)"" <- /glossary/what-is-lead-generation/
""Kamaraj Mathiarasan (Kim)"" <- /glossary/what-is-nrr/
""Kamaraj Mathiarasan (Kim)"" <- /glossary/what-is-off-page-seo/
""Kamaraj Mathiarasan (Kim)"" <- /glossary/what-is-on-page-seo/
""Kamaraj Mathiarasan (Kim)"" <- /glossary/what-is-prompt-engineering/
""Kamaraj Mathiarasan (Kim)"" <- /glossary/what-is-rag/
""Kamaraj Mathiarasan (Kim)"" <- /glossary/what-is-robots-txt/
""Kamaraj Mathiarasan (Kim)"" <- /glossary/what-is-schema-markup/
""Kamaraj Mathiarasan (Kim)"" <- /glossary/what-is-search-intent/
""Kamaraj Mathiarasan (Kim)"" <- /glossary/what-is-search-volume/
""Kamaraj Mathiarasan (Kim)"" <- /glossary/what-is-seo/
""Kamaraj Mathiarasan (Kim)"" <- /glossary/what-is-serp/
""Kamaraj Mathiarasan (Kim)"" <- /glossary/what-is-ssl-certificate/
""Kamaraj Mathiarasan (Kim)"" <- /glossary/what-is-structured-data/
""Kamaraj Mathiarasan (Kim)"" <- /glossary/what-is-technical-seo/
""Kamaraj Mathiarasan (Kim)"" <- /glossary/what-is-thought-leadership/
""Kamaraj Mathiarasan (Kim)"" <- /glossary/what-is-topical-authority/
""Kamaraj Mathiarasan (Kim)"" <- /glossary/what-is-user-generated-content/
""Kamaraj Mathiarasan (Kim)"" <- /list/b2b-ppc-experts/
""Kamaraj Mathiarasan (Kim)"" <- /list/best-aeo-agency/
""Kamaraj Mathiarasan (Kim)"" <- /list/best-aeo-tools/
""Kamaraj Mathiarasan (Kim)"" <- /list/best-ai-content-detector/
""Kamaraj Mathiarasan (Kim)"" <- /list/best-ai-seo-agencies/
""Kamaraj Mathiarasan (Kim)"" <- /list/best-ai-seo-tools/
""Kamaraj Mathiarasan (Kim)"" <- /list/best-ai-visibility-tools/
""Kamaraj Mathiarasan (Kim)"" <- /list/best-b2b-content-marketing-agencies/
""Kamaraj Mathiarasan (Kim)"" <- /list/best-b2b-marketing-agencies/
""Kamaraj Mathiarasan (Kim)"" <- /list/best-b2b-seo-agencies/
""Kamaraj Mathiarasan (Kim)"" <- /list/best-backlink-analysis-tools/
""Kamaraj Mathiarasan (Kim)"" <- /list/best-content-optimization-tools/
""Kamaraj Mathiarasan (Kim)"" <- /list/best-conversion-rate-optimization-agencies/
""Kamaraj Mathiarasan (Kim)"" <- /list/best-cro-tools-saas/
""Kamaraj Mathiarasan (Kim)"" <- /list/best-cybersecurity-marketing-agencies/
""Kamaraj Mathiarasan (Kim)"" <- /list/best-devtools-marketing-agencies/
""Kamaraj Mathiarasan (Kim)"" <- /list/best-digital-pr-tools/
""Kamaraj Mathiarasan (Kim)"" <- /list/best-enterprise-seo-agencies/
""Kamaraj Mathiarasan (Kim)"" <- /list/best-enterprise-seo-software/
""Kamaraj Mathiarasan (Kim)"" <- /list/best-fintech-geo-agencies/
""Kamaraj Mathiarasan (Kim)"" <- /list/best-geo-agencies/
""Kamaraj Mathiarasan (Kim)"" <- /list/best-healthtech-marketing-agencies/
""Kamaraj Mathiarasan (Kim)"" <- /list/best-landing-page-builders-for-saas/
""Kamaraj Mathiarasan (Kim)"" <- /list/best-legaltech-marketing-agencies/
""Kamaraj Mathiarasan (Kim)"" <- /list/best-link-building-tools/
""Kamaraj Mathiarasan (Kim)"" <- /list/best-marketing-attribution-tools/
""Kamaraj Mathiarasan (Kim)"" <- /list/best-martech-marketing-agencies/
""Kamaraj Mathiarasan (Kim)"" <- /list/best-rank-tracking-tools-for-saas/
""Kamaraj Mathiarasan (Kim)"" <- /list/best-saas-content-marketing-agencies/
""Kamaraj Mathiarasan (Kim)"" <- /list/best-saas-geo-agencies/
""Kamaraj Mathiarasan (Kim)"" <- /list/best-saas-link-building-agencies/
""Kamaraj Mathiarasan (Kim)"" <- /list/best-saas-llmo-agencies/
""Kamaraj Mathiarasan (Kim)"" <- /list/best-saas-marketing-agencies-2026/
""Kamaraj Mathiarasan (Kim)"" <- /list/best-saas-seo-agencies/
""Kamaraj Mathiarasan (Kim)"" <- /list/best-seo-audit-tools/
""Kamaraj Mathiarasan (Kim)"" <- /list/best-seo-reporting-tools/
""Kamaraj Mathiarasan (Kim)"" <- /list/best-serp-testing-tools-for-saas/
""Kamaraj Mathiarasan (Kim)"" <- /list/best-technical-seo-agencies/
""Kamaraj Mathiarasan (Kim)"" <- /list/top-fintech-seo-agencies/
""Kamaraj Mathiarasan (Kim)"" <- /research-methodology/
""Kamaraj Mathiarasan (Kim)"" <- /research/ai-seo-statistics/",
/author/omar/,author,Omar Sheriff,17,0,,"""Omar Sheriff"" <- /alternative/botify-alternatives/
""Omar Sheriff"" <- /alternative/frase-alternatives/
""Omar Sheriff"" <- /alternative/hotjar-alternatives/
""Omar Sheriff"" <- /alternative/serpstat-alternatives/
""Omar Sheriff"" <- /blogs/how-to-forecast-pipeline-from-seo/
""Omar Sheriff"" <- /blogs/how-to-improve-organic-ctr/
""Omar Sheriff"" <- /blogs/how-to-rank-tofu-keywords-saas/
""Omar Sheriff"" <- /blogs/how-to-refresh-content-rankings/
""Omar Sheriff"" <- /blogs/how-to-set-seo-kpis-cfo-trusts/
""Omar Sheriff"" <- /blogs/how-to-set-up-multi-touch-attribution/
""Omar Sheriff"" <- /blogs/how-to-use-internal-linking/
""Omar Sheriff"" <- /blogs/saas-marketing-metrics/
""Omar Sheriff"" <- /blogs/saas-social-proof/
""Omar Sheriff"" <- /compare/leadpages-vs-unbounce/
""Omar Sheriff"" <- /compare/marketmuse-vs-clearscope/
""Omar Sheriff"" <- /compare/semrush-vs-spyfu/
""Omar Sheriff"" <- /glossary/what-is-aeo/",
/author/praveen-ravi/,author,Praveen Ravi,118,0,,"""Praveen Ravi"" <- /alternative/6sense-alternatives/
""Praveen Ravi"" <- /alternative/cognism-alternatives/
""Praveen Ravi"" <- /alternative/factors-ai-alternatives/
""Praveen Ravi"" <- /alternative/instapage-alternatives/
""Praveen Ravi"" <- /alternative/klientboost-alternatives/
""Praveen Ravi"" <- /alternative/leadfeeder-alternatives/
""Praveen Ravi"" <- /alternative/lusha-alternatives/
""Praveen Ravi"" <- /alternative/omniscient-digital-alternatives/
""Praveen Ravi"" <- /alternative/powered-by-search-alternatives/
""Praveen Ravi"" <- /alternative/refine-labs-alternatives/
""Praveen Ravi"" <- /alternative/rollworks-alternatives/
""Praveen Ravi"" <- /alternative/webfx-alternatives/
""Praveen Ravi"" <- /alternative/zoominfo-alternatives/
""Praveen Ravi"" <- /blogs/ai-smart-bidding-for-saas-ppc/
""Praveen Ravi"" <- /blogs/b2b-demand-generation-guide/
""Praveen Ravi"" <- /blogs/b2b-lead-generation/
""Praveen Ravi"" <- /blogs/b2b-linkedin-marketing-guide/
""Praveen Ravi"" <- /blogs/b2b-marketing-operations-guide/
""Praveen Ravi"" <- /blogs/b2b-marketing/
""Praveen Ravi"" <- /blogs/b2b-ppc-guide/
""Praveen Ravi"" <- /blogs/b2b-ppc/
""Praveen Ravi"" <- /blogs/how-do-i-run-linkedin-ads-for-saas-an-experts-take/
""Praveen Ravi"" <- /blogs/how-to-run-google-ads-for-saas/
""Praveen Ravi"" <- /blogs/how-to-run-linkedin-retargeting-ads/
""Praveen Ravi"" <- /blogs/how-to-write-google-ads-copy-for-saas-in-2026/
""Praveen Ravi"" <- /blogs/linkedin-account-based-marketing/
""Praveen Ravi"" <- /blogs/linkedin-ads-for-saas-guide/
""Praveen Ravi"" <- /blogs/paid-search-vs-paid-social-for-saas/
""Praveen Ravi"" <- /blogs/saas-abm-strategy/
""Praveen Ravi"" <- /blogs/saas-cro-strategy/
""Praveen Ravi"" <- /blogs/saas-customer-acquisition-strategy/
""Praveen Ravi"" <- /blogs/saas-demand-generation-strategy/
""Praveen Ravi"" <- /blogs/saas-go-to-market-strategy/
""Praveen Ravi"" <- /blogs/saas-growth-strategy/
""Praveen Ravi"" <- /blogs/saas-lead-generation-strategy/
""Praveen Ravi"" <- /blogs/saas-linkedin-ads-mistakes-to-avoid/
""Praveen Ravi"" <- /blogs/saas-paid-marketing-guide/
""Praveen Ravi"" <- /blogs/saas-paid-media-strategy/
""Praveen Ravi"" <- /blogs/saas-ppc/
""Praveen Ravi"" <- /blogs/saas-product-led-growth-strategy/
""Praveen Ravi"" <- /blogs/the-8-common-saas-google-ads-mistakes-to-avoid-in-2026/
""Praveen Ravi"" <- /blogs/the-no-nonsense-guide-to-auditing-your-saas-ppc-account/
""Praveen Ravi"" <- /checklists/ab-testing-checklist/
""Praveen Ravi"" <- /checklists/abm-checklist/
""Praveen Ravi"" <- /checklists/conversion-tracking-checklist/
""Praveen Ravi"" <- /checklists/demand-generation-checklist/
""Praveen Ravi"" <- /checklists/ga4-audit-checklist/
""Praveen Ravi"" <- /checklists/google-ads-audit-checklist/
""Praveen Ravi"" <- /checklists/google-ads-checklist/
""Praveen Ravi"" <- /checklists/google-ads-remarketing-checklist/
""Praveen Ravi"" <- /checklists/internal-linking-checklist/
""Praveen Ravi"" <- /checklists/landing-page-checklist/
""Praveen Ravi"" <- /checklists/linkedin-ads-checklist/
""Praveen Ravi"" <- /checklists/marketing-attribution-checklist/
""Praveen Ravi"" <- /checklists/product-led-seo-checklist/
""Praveen Ravi"" <- /checklists/saas-go-to-market-checklist/
""Praveen Ravi"" <- /checklists/saas-link-building-checklist/
""Praveen Ravi"" <- /checklists/saas-ppc-checklist/
""Praveen Ravi"" <- /compare/6sense-vs-demandbase/
""Praveen Ravi"" <- /compare/apollo-vs-zoominfo/
""Praveen Ravi"" <- /compare/clay-vs-apollo/
""Praveen Ravi"" <- /compare/clearbit-vs-lusha/
""Praveen Ravi"" <- /compare/cognism-vs-apollo/
""Praveen Ravi"" <- /compare/cognism-vs-zoominfo/
""Praveen Ravi"" <- /compare/directive-consulting-vs-refine-labs/
""Praveen Ravi"" <- /compare/hotjar-vs-microsoft-clarity/
""Praveen Ravi"" <- /compare/hotjar-vs-mouseflow/
""Praveen Ravi"" <- /compare/instapage-vs-leadpages/
""Praveen Ravi"" <- /compare/kaspr-vs-lusha/
""Praveen Ravi"" <- /compare/klientboost-vs-disruptive-advertising/
""Praveen Ravi"" <- /compare/leadfeeder-vs-albacross/
""Praveen Ravi"" <- /compare/lusha-vs-cognism/
""Praveen Ravi"" <- /compare/optmyzr-vs-opteo/
""Praveen Ravi"" <- /compare/piperocket-digital-vs-klientboost/
""Praveen Ravi"" <- /compare/piperocket-digital-vs-nogood/
""Praveen Ravi"" <- /compare/piperocket-digital-vs-omniscient-digital/
""Praveen Ravi"" <- /compare/piperocket-digital-vs-siege-media/
""Praveen Ravi"" <- /compare/piperocket-digital-vs-webfx/
""Praveen Ravi"" <- /compare/piperocket-vs-directive-consulting/
""Praveen Ravi"" <- /compare/rollworks-vs-6sense/
""Praveen Ravi"" <- /compare/rollworks-vs-demandbase/
""Praveen Ravi"" <- /compare/seamless-ai-vs-zoominfo/
""Praveen Ravi"" <- /compare/siege-media-vs-animalz/
""Praveen Ravi"" <- /compare/siege-media-vs-omniscient-digital/
""Praveen Ravi"" <- /compare/simpletiger-vs-skale/
""Praveen Ravi"" <- /compare/uplead-vs-apollo/
""Praveen Ravi"" <- /glossary/what-is-arr/
""Praveen Ravi"" <- /glossary/what-is-clv/
""Praveen Ravi"" <- /glossary/what-is-conversion-rate/
""Praveen Ravi"" <- /glossary/what-is-cost-per-click/
""Praveen Ravi"" <- /glossary/what-is-cpa/
""Praveen Ravi"" <- /glossary/what-is-cpm/
""Praveen Ravi"" <- /glossary/what-is-ctr/
""Praveen Ravi"" <- /glossary/what-is-google-ads/
""Praveen Ravi"" <- /glossary/what-is-meta-ads/
""Praveen Ravi"" <- /glossary/what-is-performance-marketing/
""Praveen Ravi"" <- /glossary/what-is-ppc/
""Praveen Ravi"" <- /glossary/what-is-programmatic-advertising/
""Praveen Ravi"" <- /glossary/what-is-roas/
""Praveen Ravi"" <- /glossary/what-is-sem/
""Praveen Ravi"" <- /glossary/what-is-ssp/
""Praveen Ravi"" <- /list/best-abm-agencies/
""Praveen Ravi"" <- /list/best-affordable-b2b-ppc-agencies/
""Praveen Ravi"" <- /list/best-b2b-advertising-agencies/
""Praveen Ravi"" <- /list/best-b2b-demand-generation-agencies/
""Praveen Ravi"" <- /list/best-b2b-google-ads-agencies/
""Praveen Ravi"" <- /list/best-b2b-lead-generation-companies/
""Praveen Ravi"" <- /list/best-edtech-marketing-agencies/
""Praveen Ravi"" <- /list/best-hr-tech-marketing-agencies/
""Praveen Ravi"" <- /list/best-linkedin-marketing-agencies/
""Praveen Ravi"" <- /list/best-proptech-marketing-agencies/
""Praveen Ravi"" <- /list/best-saas-growth-marketing-agencies/
""Praveen Ravi"" <- /list/best-saas-ppc-agencies/
""Praveen Ravi"" <- /list/saas-seo-experts/
""Praveen Ravi"" <- /list/top-b2b-ppc-agencies/
""Praveen Ravi"" <- /list/top-fintech-marketing-agencies/
""Praveen Ravi"" <- /list/top-performance-marketing-agencies/
""Praveen Ravi"" <- /research/google-ads-benchmarks/",
/author/pritesh-vora/,author,Pritesh Vora,0,0,YES,,
/author/ranjeeth/,author,Ranjeeth Kumar,38,0,,"""Ranjeeth Kumar"" <- /alternative/clearscope-alternatives/
""Ranjeeth Kumar"" <- /alternative/seobility-alternatives/
""Ranjeeth Kumar"" <- /alternative/seozoom-alternatives/
""Ranjeeth Kumar"" <- /alternative/surfer-seo-alternatives/
""Ranjeeth Kumar"" <- /alternative/unbounce-alternatives/
""Ranjeeth Kumar"" <- /blogs/ab-test-saas-landing-pages/
""Ranjeeth Kumar"" <- /blogs/how-to-attribute-seo-to-pipeline/
""Ranjeeth Kumar"" <- /blogs/how-to-cluster-keywords-for-saas/
""Ranjeeth Kumar"" <- /blogs/how-to-improve-topical-authority/
""Ranjeeth Kumar"" <- /blogs/how-to-prove-seo-roi/
""Ranjeeth Kumar"" <- /blogs/how-to-recover-from-google-core-update/
""Ranjeeth Kumar"" <- /blogs/how-to-tie-content-to-mqls/
""Ranjeeth Kumar"" <- /blogs/why-is-my-seo-not-driving-pipeline/
""Ranjeeth Kumar"" <- /compare/6sense-vs-bombora/
""Ranjeeth Kumar"" <- /compare/ahrefs-vs-ubersuggest/
""Ranjeeth Kumar"" <- /compare/brightedge-vs-seoclarity/
""Ranjeeth Kumar"" <- /compare/clearbit-vs-apollo/
""Ranjeeth Kumar"" <- /compare/clearbit-vs-zoominfo/
""Ranjeeth Kumar"" <- /compare/conductor-vs-brightedge/
""Ranjeeth Kumar"" <- /compare/marketmuse-vs-frase/
""Ranjeeth Kumar"" <- /compare/optimizely-vs-ab-tasty/
""Ranjeeth Kumar"" <- /compare/se-ranking-vs-ahrefs/
""Ranjeeth Kumar"" <- /compare/se-ranking-vs-semrush/
""Ranjeeth Kumar"" <- /compare/surfer-seo-vs-clearscope/
""Ranjeeth Kumar"" <- /compare/surfer-seo-vs-frase/
""Ranjeeth Kumar"" <- /compare/unbounce-vs-instapage/
""Ranjeeth Kumar"" <- /compare/vwo-vs-optimizely/
""Ranjeeth Kumar"" <- /glossary/what-is-crawling/
""Ranjeeth Kumar"" <- /glossary/what-is-geo/
""Ranjeeth Kumar"" <- /glossary/what-is-keyword-research/
""Ranjeeth Kumar"" <- /glossary/what-is-runway/
""Ranjeeth Kumar"" <- /glossary/what-is-sal-in-saas/
""Ranjeeth Kumar"" <- /glossary/what-is-tam-sam-som/
""Ranjeeth Kumar"" <- /glossary/what-is-upsell/
""Ranjeeth Kumar"" <- /list/best-free-keyword-research-tools/
""Ranjeeth Kumar"" <- /list/best-heatmap-session-recording-tools-for-saas/
""Ranjeeth Kumar"" <- /list/best-keyword-clustering-tools/
""Ranjeeth Kumar"" <- /list/best-schema-markup-tools-for-saas/",
/author/rohith/,author,Sabari Rohith,28,0,,"""Sabari Rohith"" <- /alternative/ahrefs-alternatives/
""Sabari Rohith"" <- /alternative/apollo-alternatives/
""Sabari Rohith"" <- /alternative/brightedge-alternatives/
""Sabari Rohith"" <- /alternative/jasper-alternatives/
""Sabari Rohith"" <- /alternative/mangools-alternatives/
""Sabari Rohith"" <- /alternative/mouseflow-alternatives/
""Sabari Rohith"" <- /alternative/moz-alternatives/
""Sabari Rohith"" <- /alternative/semrush-alternatives/
""Sabari Rohith"" <- /blogs/fintech-seo-guide/
""Sabari Rohith"" <- /blogs/google-ranking-factors-saas/
""Sabari Rohith"" <- /blogs/how-to-align-seo-with-sales/
""Sabari Rohith"" <- /blogs/how-to-build-saas-keyword-map-content-calendar/
""Sabari Rohith"" <- /blogs/how-to-rank-for-question-keywords/
""Sabari Rohith"" <- /blogs/how-to-rank-new-saas-site/
""Sabari Rohith"" <- /blogs/how-to-report-seo-to-the-board/
""Sabari Rohith"" <- /compare/ab-tasty-vs-convert/
""Sabari Rohith"" <- /compare/ahrefs-vs-moz/
""Sabari Rohith"" <- /compare/ahrefs-vs-semrush/
""Sabari Rohith"" <- /compare/jasper-vs-copy-ai/
""Sabari Rohith"" <- /compare/jasper-vs-writesonic/
""Sabari Rohith"" <- /compare/mangools-vs-semrush/
""Sabari Rohith"" <- /compare/screaming-frog-vs-sitebulb/
""Sabari Rohith"" <- /compare/semrush-vs-serpstat/
""Sabari Rohith"" <- /compare/serpstat-vs-moz/
""Sabari Rohith"" <- /compare/writesonic-vs-copy-ai/
""Sabari Rohith"" <- /glossary/what-is-ab-testing/
""Sabari Rohith"" <- /glossary/what-is-an-ai-overview/
""Sabari Rohith"" <- /glossary/what-is-cro/",
/author/sabarish-chandrasekar/,author,Sabarish Chandrasekar,16,0,,"""Sabarish Chandrasekar"" <- /alternative/hockeystack-alternatives/
""Sabarish Chandrasekar"" <- /alternative/leadpages-alternatives/
""Sabarish Chandrasekar"" <- /blogs/abm-for-saas-paid-playbook/
""Sabarish Chandrasekar"" <- /blogs/linkedin-buying-committee-saas/
""Sabarish Chandrasekar"" <- /blogs/saas-ad-fatigue/
""Sabarish Chandrasekar"" <- /blogs/saas-quality-score/
""Sabarish Chandrasekar"" <- /checklists/meta-ads-checklist/
""Sabarish Chandrasekar"" <- /compare/clearbit-vs-lusha/
""Sabarish Chandrasekar"" <- /compare/cognism-vs-apollo/
""Sabarish Chandrasekar"" <- /compare/hotjar-vs-mouseflow/
""Sabarish Chandrasekar"" <- /compare/leadfeeder-vs-albacross/
""Sabarish Chandrasekar"" <- /compare/rollworks-vs-demandbase/
""Sabarish Chandrasekar"" <- /compare/seamless-ai-vs-zoominfo/
""Sabarish Chandrasekar"" <- /list/best-bing-ads-agencies/
""Sabarish Chandrasekar"" <- /list/best-enterprise-ppc-agencies/
""Sabarish Chandrasekar"" <- /list/best-ppc-audit-tools/",
/author/vignesh-sampath/,author,Vignesh Sampath,19,0,,"""Vignesh Sampath"" <- /alternative/copy-ai-alternatives/
""Vignesh Sampath"" <- /alternative/raventools-alternatives/
""Vignesh Sampath"" <- /alternative/screaming-frog-alternatives/
""Vignesh Sampath"" <- /alternative/sitebulb-alternatives/
""Vignesh Sampath"" <- /alternative/ubersuggest-alternatives/
""Vignesh Sampath"" <- /blogs/how-to-calculate-blog-revenue-impact/
""Vignesh Sampath"" <- /blogs/how-to-do-geo-for-saas/
""Vignesh Sampath"" <- /blogs/how-to-get-cited-in-ai-overviews/
""Vignesh Sampath"" <- /blogs/how-to-measure-organic-cac/
""Vignesh Sampath"" <- /blogs/how-to-rank-high-difficulty-keywords/
""Vignesh Sampath"" <- /blogs/how-to-write-seo-content-brief/
""Vignesh Sampath"" <- /blogs/llms-txt-for-saas/
""Vignesh Sampath"" <- /compare/dreamdata-vs-hockeystack/
""Vignesh Sampath"" <- /compare/factors-ai-vs-dreamdata/
""Vignesh Sampath"" <- /compare/hotjar-vs-fullstory/
""Vignesh Sampath"" <- /compare/mangools-vs-ubersuggest/
""Vignesh Sampath"" <- /compare/moz-vs-semrush/
""Vignesh Sampath"" <- /compare/vwo-vs-convert/
""Vignesh Sampath"" <- /glossary/what-is-a-landing-page/",
/author/vishnu-prasad/,author,Vishnu Prasadh,26,0,,"""Vishnu Prasadh"" <- /alternative/convert-alternatives/
""Vishnu Prasadh"" <- /alternative/opteo-alternatives/
""Vishnu Prasadh"" <- /alternative/optmyzr-alternatives/
""Vishnu Prasadh"" <- /blogs/how-to-forecast-saas-ppc-budget/
""Vishnu Prasadh"" <- /blogs/how-to-use-customer-match-for-saas/
""Vishnu Prasadh"" <- /blogs/meta-ads-for-b2b-saas/
""Vishnu Prasadh"" <- /blogs/microsoft-ads-for-saas/
""Vishnu Prasadh"" <- /blogs/saas-reddit-ads/
""Vishnu Prasadh"" <- /checklists/cro-checklist/
""Vishnu Prasadh"" <- /checklists/google-ads-setup-checklist/
""Vishnu Prasadh"" <- /checklists/ppc-audit-checklist/
""Vishnu Prasadh"" <- /compare/apollo-vs-zoominfo/
""Vishnu Prasadh"" <- /compare/clay-vs-apollo/
""Vishnu Prasadh"" <- /compare/cognism-vs-zoominfo/
""Vishnu Prasadh"" <- /compare/hotjar-vs-microsoft-clarity/
""Vishnu Prasadh"" <- /compare/instapage-vs-leadpages/
""Vishnu Prasadh"" <- /compare/kaspr-vs-lusha/
""Vishnu Prasadh"" <- /compare/optmyzr-vs-opteo/
""Vishnu Prasadh"" <- /compare/rollworks-vs-6sense/
""Vishnu Prasadh"" <- /glossary/what-is-abm/
""Vishnu Prasadh"" <- /glossary/what-is-brand-identity/
""Vishnu Prasadh"" <- /glossary/what-is-employer-branding/
""Vishnu Prasadh"" <- /glossary/what-is-ga4/
""Vishnu Prasadh"" <- /glossary/what-is-third-party-cookies/
""Vishnu Prasadh"" <- /list/best-abm-platforms/
""Vishnu Prasadh"" <- /list/best-reddit-ads-agencies/",
/bing-ads-agency/,service,Bing Ads Agency | Pipeline-First Microsoft Advertising,0,0,YES,,
/blogs/,section,PipeRocket Blog,0,0,,,
/blogs/ab-test-saas-landing-pages/,blog,How to A/B Test SaaS Landing Pages (Without Fooling Yourself),7,8,,"""A/B test SaaS landing pages"" <- /blogs/saas-cro-strategy/
""A/B testing"" <- /glossary/what-is-ab-testing/
""A/B testing"" <- /glossary/what-is-cro/
""A/B testing"" <- /list/best-affordable-b2b-ppc-agencies/
""A/B testing"" <- /list/best-conversion-rate-optimization-agencies/
""A/B testing"" <- /list/best-cro-tools-saas/
""A/B Testing"" <- /list/best-landing-page-builders-for-saas/","""Ranjeeth Kumar"" -> /author/ranjeeth/
""bottom-of-funnel"" -> /blogs/how-to-rank-bofu-keywords-saas/
""social proof"" -> /blogs/saas-social-proof/
""A/B testing checklist"" -> /checklists/ab-testing-checklist/
""landing page checklist"" -> /checklists/landing-page-checklist/
""landing page"" -> /glossary/what-is-a-landing-page/
""ROAS"" -> /glossary/what-is-roas/
""Conversion rate"" -> /tools/conversion-rate-calculator/"
/blogs/abm-for-saas-paid-playbook/,blog,ABM for SaaS: The Paid Playbook,4,8,,"""PipeRocket's ABM paid playbook"" <- /blogs/saas-abm-strategy/
""ABM-style paid"" <- /blogs/saas-paid-media-strategy/
""paid ABM"" <- /glossary/what-is-abm/
""paid ABM"" <- /list/best-abm-agencies/","""Sabarish Chandrasekar"" -> /author/sabarish-chandrasekar/
""click-through rate"" -> /blogs/how-to-improve-organic-ctr/
""Customer Match"" -> /blogs/how-to-use-customer-match-for-saas/
""social proof"" -> /blogs/saas-social-proof/
""ABM"" -> /glossary/what-is-abm/
""ARR"" -> /glossary/what-is-arr/
""Google Ads"" -> /glossary/what-is-google-ads/
""ICP"" -> /glossary/what-is-icp/"
/blogs/aeo-performance-metrics-reporting-dashboard/,blog,The 5 AEO Metrics We Actually Report (Most Agencies Can't Show You These),0,13,YES,,"""Kamaraj Mathiarasan (Kim)"" -> /author/kamaraj-mathiarasan/
""AI SEO strategy and framework"" -> /blogs/ai-seo-strategy-and-framework/
""how to get cited in AI Overviews"" -> /blogs/how-to-get-cited-in-ai-overviews/
""answer engine optimization"" -> /glossary/what-is-aeo/
""AI Overviews"" -> /glossary/what-is-an-ai-overview/
""LLM"" -> /glossary/what-is-an-llm/
""crawling"" -> /glossary/what-is-crawling/
""best AEO agencies for SaaS"" -> /list/best-aeo-agency/
""best AEO tools"" -> /list/best-aeo-tools/
""answer engine optimization services"" -> /saas-seo-agency/ai-seo-services/
""AEO ROI calculator"" -> /tools/aeo-roi-calculator/
""AI Overview traffic-loss calculator"" -> /tools/ai-overview-traffic-loss-calculator/
""AI Share of Voice calculator"" -> /tools/ai-share-of-voice-calculator/"
/blogs/aeo-vs-geo/,blog,AEO vs GEO: Which Should You Prioritize?,1,10,,"""AEO vs GEO"" <- /blogs/how-to-do-geo-for-saas/","""Kamaraj Mathiarasan (Kim)"" -> /author/kamaraj-mathiarasan/
""GEO vs SEO"" -> /blogs/geo-vs-seo/
""complete GEO and AEO playbook"" -> /blogs/how-to-do-geo-for-saas/
""GEO and AEO playbook for SaaS"" -> /blogs/how-to-do-geo-for-saas/
""internal linking"" -> /blogs/how-to-use-internal-linking/
""AEO"" -> /glossary/what-is-aeo/
""AI Overviews"" -> /glossary/what-is-an-ai-overview/
""generative engine optimization"" -> /glossary/what-is-geo/
""runway"" -> /glossary/what-is-runway/
""SEO"" -> /glossary/what-is-seo/"
/blogs/ai-agents-for-seo/,blog,AI Agents for SEO: What They Are and How They Help,1,11,,"""AI agents for SEO"" <- /blogs/saas-marketing/","""Kamaraj Mathiarasan (Kim)"" -> /author/kamaraj-mathiarasan/
""keyword clustering"" -> /blogs/how-to-cluster-keywords-for-saas/
""topical authority"" -> /blogs/how-to-improve-topical-authority/
""ranking drop"" -> /blogs/how-to-recover-from-google-core-update/
""Internal linking"" -> /blogs/how-to-use-internal-linking/
""content brief"" -> /blogs/how-to-write-seo-content-brief/
""crawling"" -> /glossary/what-is-crawling/
""SEO"" -> /glossary/what-is-seo/
""SERP"" -> /glossary/what-is-serp/
""technical SEO"" -> /glossary/what-is-technical-seo/
""rank tracker"" -> /list/best-rank-tracking-tools-for-saas/"
/blogs/ai-search-optimization-for-saas/,blog,AEO for SaaS: How B2B Software Companies Get Cited by AI Engines,6,18,,"""AI search optimization"" <- /blogs/enterprise-seo-challenges-and-fixes/
""AI search optimization"" <- /list/best-aeo-tools/
""AI search optimization"" <- /list/best-ai-seo-agencies/
""AI Search Optimization"" <- /list/best-fintech-geo-agencies/
""AI Search Optimization"" <- /list/best-geo-agencies/
""AI search optimization"" <- /list/best-technical-seo-agencies/","""Kamaraj Mathiarasan (Kim)"" -> /author/kamaraj-mathiarasan/
""Answer Engine Optimization"" -> /blogs/how-to-do-geo-for-saas/
""contact page"" -> /contact-us/
""backlinks"" -> /glossary/what-is-a-backlink/
""Answer Engine Optimization"" -> /glossary/what-is-aeo/
""AI Overview"" -> /glossary/what-is-an-ai-overview/
""LLM"" -> /glossary/what-is-an-llm/
""brand identity"" -> /glossary/what-is-brand-identity/
""Domain authority"" -> /glossary/what-is-domain-authority/
""Generative Engine Optimization"" -> /glossary/what-is-geo/
""SEO"" -> /glossary/what-is-seo/
""best AEO agencies"" -> /list/best-aeo-agency/
""AEO tools"" -> /list/best-aeo-tools/
""AI content detection tools"" -> /list/best-ai-content-detector/
""all-in-one AI SEO platforms"" -> /list/best-ai-seo-tools/
""AI content optimization tools"" -> /list/best-content-optimization-tools/
""SaaS SEO agencies"" -> /list/best-saas-seo-agencies/
""AI SEO services"" -> /saas-seo-agency/ai-seo-services/"
/blogs/ai-seo-strategy-and-framework/,blog,AI SEO Strategy and Framework 2026: The Operating Model for SaaS Teams,4,13,,"""AI SEO strategy and framework"" <- /blogs/aeo-performance-metrics-reporting-dashboard/
""AI SEO program"" <- /blogs/how-to-do-geo-for-saas/
""AI SEO strategy and framework"" <- /blogs/saas-marketing/
""AI SEO program"" <- /list/best-ai-seo-agencies/","""Kamaraj Mathiarasan (Kim)"" -> /author/kamaraj-mathiarasan/
""GEO vs SEO"" -> /blogs/geo-vs-seo/
""Generative engine optimization"" -> /blogs/how-to-do-geo-for-saas/
""topical authority"" -> /blogs/how-to-improve-topical-authority/
""BoFu pages"" -> /blogs/how-to-rank-bofu-keywords-saas/
""comparison pages"" -> /blogs/how-to-write-saas-comparison-pages-for-seo/
""LLM"" -> /glossary/what-is-an-llm/
""GEO"" -> /glossary/what-is-geo/
""ICP"" -> /glossary/what-is-icp/
""SEO"" -> /glossary/what-is-seo/
""technical SEO"" -> /glossary/what-is-technical-seo/
""AI SEO consultant"" -> /saas-seo-agency/ai-seo-consultant/
""AI SEO agency"" -> /saas-seo-agency/ai-seo-services/"
/blogs/ai-smart-bidding-for-saas-ppc/,blog,How to Make Smart Bidding Work for SaaS PPC,0,9,YES,,"""Praveen Ravi"" -> /author/praveen-ravi/
""reach out to us"" -> /contact-us/
""landing page"" -> /glossary/what-is-a-landing-page/
""CPC"" -> /glossary/what-is-cost-per-click/
""CPA"" -> /glossary/what-is-cpa/
""Google Ads"" -> /glossary/what-is-google-ads/
""ICP"" -> /glossary/what-is-icp/
""PPC"" -> /glossary/what-is-ppc/
""SaaS PPC"" -> /saas-ppc/"
/blogs/b2b-content-marketing-guide/,blog,The Ultimate Guide to B2B Content Marketing,5,20,,"""Content marketing"" <- /blogs/b2b-demand-generation-guide/
""content marketing"" <- /blogs/b2b-inbound-marketing-guide/
""B2B content marketing guide"" <- /blogs/b2b-marketing/
""B2B content marketing"" <- /list/best-b2b-google-ads-agencies/
""B2B content marketing"" <- /list/best-b2b-seo-agencies/","""Kamaraj Mathiarasan (Kim)"" -> /author/kamaraj-mathiarasan/
""Lead Generation"" -> /blogs/b2b-lead-generation/
""B2B marketing"" -> /blogs/b2b-marketing/
""buying committee"" -> /blogs/linkedin-buying-committee-saas/
""SEO"" -> /blogs/saas-seo/
""Thought Leadership"" -> /blogs/saas-thought-leadership-strategy/
""Book a call"" -> /contact-us/
""backlinks"" -> /glossary/what-is-a-backlink/
""landing pages"" -> /glossary/what-is-a-landing-page/
""ABM"" -> /glossary/what-is-abm/
""AI Overviews"" -> /glossary/what-is-an-ai-overview/
""LLM"" -> /glossary/what-is-an-llm/
""Content marketing"" -> /glossary/what-is-content-marketing/
""conversion rate"" -> /glossary/what-is-conversion-rate/
""CPA"" -> /glossary/what-is-cpa/
""Lead Generation"" -> /glossary/what-is-lead-generation/
""PPC"" -> /glossary/what-is-ppc/
""SEO"" -> /glossary/what-is-seo/
""thought leadership"" -> /glossary/what-is-thought-leadership/
""B2B content marketing agencies"" -> /list/best-b2b-content-marketing-agencies/"
/blogs/b2b-demand-generation-guide/,blog,The Ultimate Guide to B2B Demand Generation,7,21,,"""B2B demand generation guide"" <- /blogs/b2b-lead-generation/
""nurture them"" <- /checklists/saas-seo-checklist/
""B2B demand generation"" <- /list/best-b2b-content-marketing-agencies/
""B2B demand generation"" <- /list/best-b2b-google-ads-agencies/
""B2B demand generation"" <- /list/best-b2b-lead-generation-companies/
""demand generation"" <- /list/best-b2b-marketing-agencies/
""B2B demand generation"" <- /list/best-enterprise-seo-agencies/","""Praveen Ravi"" -> /author/praveen-ravi/
""Content marketing"" -> /blogs/b2b-content-marketing-guide/
""Lead generation"" -> /blogs/b2b-lead-generation/
""Paid Advertising (PPC)"" -> /blogs/b2b-ppc/
""Search Engine Optimization (SEO)"" -> /blogs/b2b-saas-seo/
""buying committee"" -> /blogs/linkedin-buying-committee-saas/
""content distribution"" -> /blogs/saas-content-distribution-strategy/
""Social Proof"" -> /blogs/saas-social-proof/
""demand generation checklist"" -> /checklists/demand-generation-checklist/
""Contact us"" -> /contact-us/
""Account-Based Marketing"" -> /glossary/what-is-abm/
""Customer Lifetime Value"" -> /glossary/what-is-clv/
""Content Marketing"" -> /glossary/what-is-content-marketing/
""Conversion Rate"" -> /glossary/what-is-conversion-rate/
""CPA"" -> /glossary/what-is-cpa/
""Google Ads"" -> /glossary/what-is-google-ads/
""Lead Generation"" -> /glossary/what-is-lead-generation/
""PPC"" -> /glossary/what-is-ppc/
""SEO"" -> /glossary/what-is-seo/
""Thought Leadership"" -> /glossary/what-is-thought-leadership/
""Customer Lifetime Value"" -> /tools/ltv-calculator/"
/blogs/b2b-inbound-marketing-guide/,blog,B2B Inbound Marketing – The Ultimate Guide,2,13,,"""inbound"" <- /blogs/b2b-lead-generation/
""B2B inbound marketing guide"" <- /blogs/b2b-marketing/","""Kamaraj Mathiarasan (Kim)"" -> /author/kamaraj-mathiarasan/
""content marketing"" -> /blogs/b2b-content-marketing-guide/
""lead generation"" -> /blogs/b2b-lead-generation/
""B2B marketing"" -> /blogs/b2b-marketing/
""content calendar"" -> /blogs/how-to-build-saas-keyword-map-content-calendar/
""SEO"" -> /blogs/saas-seo/
""Book a strategy call with Piperocket Digital"" -> /contact-us/
""landing pages"" -> /glossary/what-is-a-landing-page/
""ABM"" -> /glossary/what-is-abm/
""Conversion Rate"" -> /glossary/what-is-conversion-rate/
""Google Search Console"" -> /glossary/what-is-google-search-console/
""ICP"" -> /glossary/what-is-icp/
""SEO"" -> /glossary/what-is-seo/"
/blogs/b2b-lead-generation/,blog,B2B Lead Generation: A Complete Guide,7,13,,"""Lead Generation"" <- /blogs/b2b-content-marketing-guide/
""Lead generation"" <- /blogs/b2b-demand-generation-guide/
""lead generation"" <- /blogs/b2b-inbound-marketing-guide/
""lead generation"" <- /blogs/b2b-linkedin-marketing-guide/
""lead generation"" <- /blogs/saas-content-marketing-guide/
""B2B lead generation"" <- /list/best-b2b-marketing-agencies/
""B2B lead generation"" <- /list/top-fintech-seo-agencies/","""Praveen Ravi"" -> /author/praveen-ravi/
""B2B demand generation guide"" -> /blogs/b2b-demand-generation-guide/
""inbound"" -> /blogs/b2b-inbound-marketing-guide/
""B2B marketing guide"" -> /blogs/b2b-marketing/
""comparison pages"" -> /blogs/how-to-write-saas-comparison-pages-for-seo/
""buying committee"" -> /blogs/linkedin-buying-committee-saas/
""book a strategy call"" -> /contact-us/
""landing pages"" -> /glossary/what-is-a-landing-page/
""ABM"" -> /glossary/what-is-abm/
""Google Ads"" -> /glossary/what-is-google-ads/
""ICP"" -> /glossary/what-is-icp/
""lead generation"" -> /glossary/what-is-lead-generation/
""SEO"" -> /glossary/what-is-seo/"
/blogs/b2b-linkedin-marketing-guide/,blog,B2B LinkedIn Marketing: The Complete Strategy Guide,1,14,,"""LinkedIn"" <- /list/best-saas-ppc-agencies/","""Praveen Ravi"" -> /author/praveen-ravi/
""lead generation"" -> /blogs/b2b-lead-generation/
""B2B PPC"" -> /blogs/b2b-ppc/
""Thought leadership"" -> /blogs/saas-thought-leadership-strategy/
""Spendflo’s success results"" -> /case-study/spendflo/
""Storylane"" -> /case-study/storylane/
""Reach out to us"" -> /contact-us/
""ABM"" -> /glossary/what-is-abm/
""Click-through rate"" -> /glossary/what-is-ctr/
""ICP"" -> /glossary/what-is-icp/
""lead generation"" -> /glossary/what-is-lead-generation/
""PPC"" -> /glossary/what-is-ppc/
""thought leadership"" -> /glossary/what-is-thought-leadership/
""PipeRocket Digital"" -> /saas-ppc/"
/blogs/b2b-marketing-operations-guide/,blog,B2B Marketing Operations: The Complete 2026 B2B Guide,4,17,,"""B2B marketing operations"" <- /blogs/enterprise-saas-seo-guide/
""B2B marketing operations"" <- /blogs/enterprise-seo-challenges-and-fixes/
""B2B marketing operations"" <- /blogs/enterprise-seo-strategy-and-framework/
""marketing operations"" <- /list/best-b2b-demand-generation-agencies/","""Praveen Ravi"" -> /author/praveen-ravi/
""B2B marketing"" -> /blogs/b2b-marketing/
""B2B PPC campaigns"" -> /blogs/b2b-ppc-guide/
""organic CAC"" -> /blogs/how-to-measure-organic-cac/
""multi-touch attribution"" -> /blogs/how-to-set-up-multi-touch-attribution/
""SaaS marketing challenges"" -> /blogs/saas-marketing-challenges-and-fixes/
""SaaS marketing"" -> /blogs/saas-marketing/
""ABM"" -> /glossary/what-is-abm/
""ARR"" -> /glossary/what-is-arr/
""conversion rate"" -> /glossary/what-is-conversion-rate/
""Google Ads"" -> /glossary/what-is-google-ads/
""ICP"" -> /glossary/what-is-icp/
""SEO"" -> /glossary/what-is-seo/
""marketing operations"" -> /marketing-ops/
""SaaS PPC:"" -> /saas-ppc/
""SaaS SEO"" -> /saas-seo-agency/
""conversion rate"" -> /tools/conversion-rate-calculator/"
/blogs/b2b-marketing/,blog,B2B Marketing: A Complete Guide for 2026,11,14,,"""B2B marketing"" <- /blogs/b2b-content-marketing-guide/
""B2B marketing"" <- /blogs/b2b-inbound-marketing-guide/
""B2B marketing guide"" <- /blogs/b2b-lead-generation/
""B2B marketing"" <- /blogs/b2b-marketing-operations-guide/
""B2B marketing guide"" <- /blogs/b2b-ppc/
""B2B marketing"" <- /blogs/how-to-do-saas-seo-competitor-analysis/
""B2B marketing"" <- /blogs/how-to-run-linkedin-retargeting-ads/
""B2B marketing"" <- /glossary/what-is-a-backlink/
""B2B marketing"" <- /list/best-b2b-advertising-agencies/
""B2B marketing"" <- /list/best-b2b-marketing-agencies/
""B2B marketing"" <- /list/best-cybersecurity-marketing-agencies/","""Praveen Ravi"" -> /author/praveen-ravi/
""B2B content marketing guide"" -> /blogs/b2b-content-marketing-guide/
""B2B inbound marketing guide"" -> /blogs/b2b-inbound-marketing-guide/
""social proof"" -> /blogs/saas-social-proof/
""Thought leadership"" -> /blogs/saas-thought-leadership-strategy/
""Storylane"" -> /case-study/storylane/
""Book a strategy call"" -> /contact-us/
""landing pages"" -> /glossary/what-is-a-landing-page/
""ABM"" -> /glossary/what-is-abm/
""content marketing"" -> /glossary/what-is-content-marketing/
""ICP"" -> /glossary/what-is-icp/
""PPC"" -> /glossary/what-is-ppc/
""SEO"" -> /glossary/what-is-seo/
""thought leadership"" -> /glossary/what-is-thought-leadership/"
/blogs/b2b-ppc-guide/,blog,How to Run B2B PPC Campaigns That Convert?,6,19,,"""B2B PPC campaigns"" <- /blogs/b2b-marketing-operations-guide/
""how to run B2B PPC campaigns"" <- /blogs/b2b-ppc/
""B2B PPC campaigns guide"" <- /blogs/enterprise-saas-seo-guide/
""Google and LinkedIn"" <- /list/best-b2b-demand-generation-agencies/
""Google and LinkedIn"" <- /list/best-b2b-google-ads-agencies/
""B2B PPC guide"" <- /list/best-enterprise-ppc-agencies/","""Praveen Ravi"" -> /author/praveen-ravi/
""b2b ppc"" -> /blogs/b2b-ppc/
""TOFU keywords"" -> /blogs/how-to-rank-tofu-keywords-saas/
""LinkedIn Account-Based Marketing guide"" -> /blogs/linkedin-account-based-marketing/
""buying committee"" -> /blogs/linkedin-buying-committee-saas/
""quality score"" -> /blogs/saas-quality-score/
""social proof"" -> /blogs/saas-social-proof/
""LeadSquared"" -> /case-study/leadsquared/
""landing pages"" -> /glossary/what-is-a-landing-page/
""ARR"" -> /glossary/what-is-arr/
""cost-per-click"" -> /glossary/what-is-cost-per-click/
""CPA"" -> /glossary/what-is-cpa/
""Google Ads"" -> /glossary/what-is-google-ads/
""ICP"" -> /glossary/what-is-icp/
""keyword research"" -> /glossary/what-is-keyword-research/
""PPC"" -> /glossary/what-is-ppc/
""best SaaS PPC agencies"" -> /list/best-saas-ppc-agencies/
""Marketing Operations service"" -> /marketing-ops/
""SaaS PPC service"" -> /saas-ppc/"
/blogs/b2b-ppc/,blog,B2B PPC: A Complete Guide for 2026,5,17,,"""Paid Advertising (PPC)"" <- /blogs/b2b-demand-generation-guide/
""B2B PPC"" <- /blogs/b2b-linkedin-marketing-guide/
""b2b ppc"" <- /blogs/b2b-ppc-guide/
""B2B PPC"" <- /list/best-b2b-google-ads-agencies/
""B2B PPC"" <- /list/top-b2b-ppc-agencies/","""Praveen Ravi"" -> /author/praveen-ravi/
""B2B marketing guide"" -> /blogs/b2b-marketing/
""how to run B2B PPC campaigns"" -> /blogs/b2b-ppc-guide/
""PPC budget"" -> /blogs/how-to-forecast-saas-ppc-budget/
""Bottom-of-funnel"" -> /blogs/how-to-rank-bofu-keywords-saas/
""comparison pages"" -> /blogs/how-to-write-saas-comparison-pages-for-seo/
""Microsoft Advertising"" -> /blogs/microsoft-ads-for-saas/
""SaaS PPC"" -> /blogs/saas-ppc/
""Schedule a call"" -> /contact-us/
""landing pages"" -> /glossary/what-is-a-landing-page/
""ABM"" -> /glossary/what-is-abm/
""Google Ads"" -> /glossary/what-is-google-ads/
""ICP"" -> /glossary/what-is-icp/
""PPC"" -> /glossary/what-is-ppc/
""thought leadership"" -> /glossary/what-is-thought-leadership/
""top B2B PPC agencies"" -> /list/best-affordable-b2b-ppc-agencies/
""Piperocket Digital"" -> /saas-ppc/"
/blogs/b2b-saas-seo/,blog,B2B SaaS SEO: The Guide to Turn Organic Traffic into Deals,6,25,,"""Search Engine Optimization (SEO)"" <- /blogs/b2b-demand-generation-guide/
""SaaS SEO guide"" <- /checklists/product-led-seo-checklist/
""SaaS SEO guide"" <- /checklists/saas-link-building-checklist/
""SaaS SEO guide"" <- /checklists/saas-seo-reporting-checklist/
""SaaS SEO guide"" <- /checklists/saas-seo-strategy-checklist/
""B2B SaaS SEO"" <- /list/top-fintech-marketing-agencies/","""Kamaraj Mathiarasan (Kim)"" -> /author/kamaraj-mathiarasan/
""enterprise SaaS SEO guide"" -> /blogs/enterprise-saas-seo-guide/
""bottom-of-funnel"" -> /blogs/how-to-rank-bofu-keywords-saas/
""Internal linking"" -> /blogs/how-to-use-internal-linking/
""comparison pages"" -> /blogs/how-to-write-saas-comparison-pages-for-seo/
""SaaS SEO 8-step framework"" -> /blogs/saas-seo-strategies-and-framework/
""SaaS SEO"" -> /blogs/saas-seo/
""backlinks"" -> /glossary/what-is-a-backlink/
""landing pages"" -> /glossary/what-is-a-landing-page/
""AI Overviews"" -> /glossary/what-is-an-ai-overview/
""ARR"" -> /glossary/what-is-arr/
""content marketing"" -> /glossary/what-is-content-marketing/
""GA4"" -> /glossary/what-is-ga4/
""Google Search Console"" -> /glossary/what-is-google-search-console/
""ICP"" -> /glossary/what-is-icp/
""keyword research"" -> /glossary/what-is-keyword-research/
""SEO"" -> /glossary/what-is-seo/
""structured data"" -> /glossary/what-is-structured-data/
""technical SEO"" -> /glossary/what-is-technical-seo/
""Thought Leadership"" -> /glossary/what-is-thought-leadership/
""best B2B SEO agencies"" -> /list/best-b2b-seo-agencies/
""best SaaS SEO agencies"" -> /list/best-saas-seo-agencies/
""best SaaS SEO agencies for startups"" -> /list/best-saas-seo-agencies/
""SaaS SEO agency"" -> /saas-seo-agency/
""SaaS SEO consultant"" -> /saas-seo-agency/seo-consultant/"
/blogs/chatgpt-ads-for-saas/,blog,ChatGPT Ads for SaaS: What's Live and How to Run Them,2,8,,"""ChatGPT ads"" <- /blogs/saas-paid-marketing-guide/
""ChatGPT Ads"" <- /blogs/saas-paid-media-strategy/","""Immanual D M"" -> /author/immanual/
""quality score"" -> /blogs/saas-quality-score/
""landing page"" -> /glossary/what-is-a-landing-page/
""CPC"" -> /glossary/what-is-cost-per-click/
""CTR"" -> /glossary/what-is-ctr/
""Google Ads"" -> /glossary/what-is-google-ads/
""ICP"" -> /glossary/what-is-icp/
""lifetime value"" -> /tools/ltv-calculator/"
/blogs/enterprise-saas-seo-guide/,blog,What Is Enterprise SaaS SEO? Four Pillars Explained,3,30,,"""enterprise SaaS SEO guide"" <- /blogs/b2b-saas-seo/
""enterprise SaaS SEO guide"" <- /blogs/enterprise-seo-guide/
""Enterprise SaaS SEO: The Four-Pillar Framework"" <- /blogs/saas-seo-strategies-and-framework/","""Kamaraj Mathiarasan (Kim)"" -> /author/kamaraj-mathiarasan/
""B2B marketing operations"" -> /blogs/b2b-marketing-operations-guide/
""B2B PPC campaigns guide"" -> /blogs/b2b-ppc-guide/
""Enterprise SEO"" -> /blogs/enterprise-seo-guide/
""content calendar"" -> /blogs/how-to-build-saas-keyword-map-content-calendar/
""cannibalization"" -> /blogs/how-to-fix-keyword-cannibalization/
""topical authority"" -> /blogs/how-to-improve-topical-authority/
""Organic CAC"" -> /blogs/how-to-measure-organic-cac/
""SEO ROI"" -> /blogs/how-to-prove-seo-roi/
""multi-touch attribution"" -> /blogs/how-to-set-up-multi-touch-attribution/
""internal linking"" -> /blogs/how-to-use-internal-linking/
""comparison pages"" -> /blogs/how-to-write-saas-comparison-pages-for-seo/
""SaaS link building guide"" -> /blogs/saas-link-building/
""SaaS marketing"" -> /blogs/saas-marketing/
""SaaS SEO strategies guide"" -> /blogs/saas-seo-strategies-and-framework/
""keyword clusters"" -> /glossary/what-are-keyword-clusters/
""backlinks"" -> /glossary/what-is-a-backlink/
""canonical tag"" -> /glossary/what-is-a-canonical-tag/
""landing pages"" -> /glossary/what-is-a-landing-page/
""AI Overviews"" -> /glossary/what-is-an-ai-overview/
""ARR"" -> /glossary/what-is-arr/
""domain authority"" -> /glossary/what-is-domain-authority/
""ICP"" -> /glossary/what-is-icp/
""SEO"" -> /glossary/what-is-seo/
""SERPs"" -> /glossary/what-is-serp/
""technical SEO"" -> /glossary/what-is-technical-seo/
""Thought leadership"" -> /glossary/what-is-thought-leadership/
""Marketing Operations:"" -> /marketing-ops/
""SaaS PPC:"" -> /saas-ppc/
""SaaS SEO:"" -> /saas-seo-agency/"
/blogs/enterprise-seo-challenges-and-fixes/,blog,The 8 Most Common Enterprise SEO Challenges (And Fixes),2,30,,"""enterprise SEO challenges and how to fix them"" <- /blogs/enterprise-seo-guide/
""Enterprise SEO Challenges: What Blocks Execution at Scale"" <- /blogs/saas-seo-strategies-and-framework/","""Kamaraj Mathiarasan (Kim)"" -> /author/kamaraj-mathiarasan/
""AI search optimization"" -> /blogs/ai-search-optimization-for-saas/
""B2B marketing operations"" -> /blogs/b2b-marketing-operations-guide/
""enterprise SEO"" -> /blogs/enterprise-seo-guide/
""cannibalization"" -> /blogs/how-to-fix-keyword-cannibalization/
""topical authority"" -> /blogs/how-to-improve-topical-authority/
""Organic CAC"" -> /blogs/how-to-measure-organic-cac/
""multi-touch attribution"" -> /blogs/how-to-set-up-multi-touch-attribution/
""internal linking"" -> /blogs/how-to-use-internal-linking/
""comparison pages"" -> /blogs/how-to-write-saas-comparison-pages-for-seo/
""content brief"" -> /blogs/how-to-write-seo-content-brief/
""SaaS link building strategy"" -> /blogs/saas-link-building/
""SaaS marketing challenges guide"" -> /blogs/saas-marketing-challenges-and-fixes/
""SaaS SEO strategies guide"" -> /blogs/saas-seo-strategies-and-framework/
""301 redirects"" -> /glossary/what-is-a-301-redirect/
""backlinks"" -> /glossary/what-is-a-backlink/
""canonical tags"" -> /glossary/what-is-a-canonical-tag/
""A/B testing"" -> /glossary/what-is-ab-testing/
""AI Overviews"" -> /glossary/what-is-an-ai-overview/
""ARR"" -> /glossary/what-is-arr/
""Domain authority"" -> /glossary/what-is-domain-authority/
""Google Search Console"" -> /glossary/what-is-google-search-console/
""ICP"" -> /glossary/what-is-icp/
""robots.txt"" -> /glossary/what-is-robots-txt/
""SEO"" -> /glossary/what-is-seo/
""SERPs"" -> /glossary/what-is-serp/
""technical SEO"" -> /glossary/what-is-technical-seo/
""Marketing Operations:"" -> /marketing-ops/
""SaaS PPC:"" -> /saas-ppc/
""SaaS SEO:"" -> /saas-seo-agency/"
/blogs/enterprise-seo-guide/,blog,"Enterprise SEO: The Blueprint for Simple, Scalable SEO",5,24,,"""Enterprise SEO"" <- /blogs/enterprise-saas-seo-guide/
""enterprise SEO"" <- /blogs/enterprise-seo-challenges-and-fixes/
""enterprise SEO"" <- /blogs/enterprise-seo-strategy-and-framework/
""Enterprise SEO"" <- /list/best-saas-growth-marketing-agencies/
""enterprise SEO"" <- /list/best-technical-seo-agencies/","""Kamaraj Mathiarasan (Kim)"" -> /author/kamaraj-mathiarasan/
""enterprise SaaS SEO guide"" -> /blogs/enterprise-saas-seo-guide/
""enterprise SEO challenges and how to fix them"" -> /blogs/enterprise-seo-challenges-and-fixes/
""SEO strategy"" -> /blogs/enterprise-seo-strategy-and-framework/
""cannibalization"" -> /blogs/how-to-fix-keyword-cannibalization/
""topical authority"" -> /blogs/how-to-improve-topical-authority/
""internal linking"" -> /blogs/how-to-use-internal-linking/
""get in touch with us today"" -> /contact-us/
""Backlink"" -> /glossary/what-is-a-backlink/
""canonical tags"" -> /glossary/what-is-a-canonical-tag/
""landing pages"" -> /glossary/what-is-a-landing-page/
""Answer Engine Optimization"" -> /glossary/what-is-aeo/
""AI Overviews"" -> /glossary/what-is-an-ai-overview/
""crawling"" -> /glossary/what-is-crawling/
""Google Search Console"" -> /glossary/what-is-google-search-console/
""schema markup"" -> /glossary/what-is-schema-markup/
""SEO"" -> /glossary/what-is-seo/
""structured data"" -> /glossary/what-is-structured-data/
""Total Addressable Market"" -> /glossary/what-is-tam-sam-som/
""Technical SEO"" -> /glossary/what-is-technical-seo/
""technical SEO"" -> /glossary/what-is-technical-seo/
""best B2B SEO agencies"" -> /list/best-b2b-seo-agencies/
""Enterprise SEO platforms"" -> /list/best-enterprise-seo-software/
""SaaS SEO service"" -> /saas-seo-agency/"
/blogs/enterprise-seo-strategy-and-framework/,blog,Enterprise SEO Strategies: Complete 7-step Framework for 2026,2,29,,"""SEO strategy"" <- /blogs/enterprise-seo-guide/
""Enterprise SEO Strategy: How to Build a Program That Scales"" <- /blogs/saas-seo-strategies-and-framework/","""Kamaraj Mathiarasan (Kim)"" -> /author/kamaraj-mathiarasan/
""B2B marketing operations"" -> /blogs/b2b-marketing-operations-guide/
""enterprise SEO"" -> /blogs/enterprise-seo-guide/
""content calendar"" -> /blogs/how-to-build-saas-keyword-map-content-calendar/
""topical authority"" -> /blogs/how-to-improve-topical-authority/
""Organic CAC"" -> /blogs/how-to-measure-organic-cac/
""internal linking"" -> /blogs/how-to-use-internal-linking/
""comparison pages"" -> /blogs/how-to-write-saas-comparison-pages-for-seo/
""SaaS link building"" -> /blogs/saas-link-building/
""SaaS marketing challenges"" -> /blogs/saas-marketing-challenges-and-fixes/
""keyword clusters"" -> /glossary/what-are-keyword-clusters/
""backlinks"" -> /glossary/what-is-a-backlink/
""canonical tags"" -> /glossary/what-is-a-canonical-tag/
""landing page"" -> /glossary/what-is-a-landing-page/
""ABM"" -> /glossary/what-is-abm/
""AI Overviews"" -> /glossary/what-is-an-ai-overview/
""anchor text"" -> /glossary/what-is-anchor-text/
""ARR"" -> /glossary/what-is-arr/
""CLS"" -> /glossary/what-is-cls/
""conversion rate"" -> /glossary/what-is-conversion-rate/
""ICP"" -> /glossary/what-is-icp/
""keyword research"" -> /glossary/what-is-keyword-research/
""SEO"" -> /glossary/what-is-seo/
""Technical SEO"" -> /glossary/what-is-technical-seo/
""best B2B SEO agencies"" -> /list/best-b2b-seo-agencies/
""Marketing Operations:"" -> /marketing-ops/
""SaaS PPC:"" -> /saas-ppc/
""SaaS SEO:"" -> /saas-seo-agency/
""conversion rate"" -> /tools/conversion-rate-calculator/"
/blogs/fintech-seo-guide/,blog,Fintech SEO: The Trust-First Playbook for 2026,3,10,,"""fintech SEO"" <- /list/best-ai-seo-agencies/
""Fintech SEO"" <- /list/best-fintech-geo-agencies/
""fintech SEO"" <- /list/top-fintech-seo-agencies/","""Sabari Rohith"" -> /author/rohith/
""topical authority"" -> /blogs/how-to-improve-topical-authority/
""comparison page"" -> /blogs/how-to-write-saas-comparison-pages-for-seo/
""talk to us"" -> /contact-us/
""AI Overviews"" -> /glossary/what-is-an-ai-overview/
""SEO"" -> /glossary/what-is-seo/
""SERP"" -> /glossary/what-is-serp/
""Technical SEO"" -> /glossary/what-is-technical-seo/
""best fintech SEO agencies"" -> /list/top-fintech-seo-agencies/
""SaaS SEO"" -> /saas-seo-agency/"
/blogs/geo-vs-seo/,blog,GEO vs SEO: What's Actually Different in 2026,3,13,,"""GEO vs SEO"" <- /blogs/aeo-vs-geo/
""GEO vs SEO"" <- /blogs/ai-seo-strategy-and-framework/
""GEO vs SEO"" <- /blogs/how-to-do-geo-for-saas/","""Kamaraj Mathiarasan (Kim)"" -> /author/kamaraj-mathiarasan/
""full AI SEO statistics"" -> /blogs/ai-seo-statistics/  [UNRESOLVED]
""GEO for SaaS"" -> /blogs/how-to-do-geo-for-saas/
""bottom-of-funnel"" -> /blogs/how-to-rank-bofu-keywords-saas/
""internal linking"" -> /blogs/how-to-use-internal-linking/
""SaaS SEO"" -> /blogs/saas-seo/
""backlinks"" -> /glossary/what-is-a-backlink/
""AI Overviews"" -> /glossary/what-is-an-ai-overview/
""LLM"" -> /glossary/what-is-an-llm/
""generative engine optimization"" -> /glossary/what-is-geo/
""On-page SEO"" -> /glossary/what-is-on-page-seo/
""SEO"" -> /glossary/what-is-seo/
""Technical SEO"" -> /glossary/what-is-technical-seo/"
/blogs/google-ranking-factors-saas/,blog,Google Ranking Factors 2026: The Complete List (Free PDF Download),0,13,YES,,"""Sabari Rohith"" -> /author/rohith/
""cited in AI Overviews"" -> /blogs/how-to-get-cited-in-ai-overviews/
""topical authority"" -> /blogs/how-to-improve-topical-authority/
""internal linking"" -> /blogs/how-to-use-internal-linking/
""link building"" -> /blogs/saas-link-building/
""backlinks"" -> /glossary/what-is-a-backlink/
""YMYL"" -> /glossary/what-is-aeo/
""AI Overviews"" -> /glossary/what-is-an-ai-overview/
""click-through rate"" -> /glossary/what-is-ctr/
""domain authority"" -> /glossary/what-is-domain-authority/
""indexed"" -> /glossary/what-is-indexing/
""SEO"" -> /glossary/what-is-seo/
""SERP"" -> /glossary/what-is-serp/"
/blogs/how-do-i-run-linkedin-ads-for-saas-an-experts-take/,blog,How do I Run LinkedIn Ads for SaaS (An Expert’s Take),4,17,,"""SaaS LinkedIn Ads"" <- /blogs/how-to-run-google-ads-for-saas/
""LinkedIn ads"" <- /blogs/how-to-run-linkedin-retargeting-ads/
""LinkedIn ads"" <- /blogs/linkedin-account-based-marketing/
""SaaS LinkedIn Ads"" <- /blogs/saas-linkedin-ads-mistakes-to-avoid/","""Praveen Ravi"" -> /author/praveen-ravi/
""running Google Ads"" -> /blogs/how-to-run-google-ads-for-saas/
""LinkedIn Ads for SaaS"" -> /blogs/linkedin-ads-for-saas-guide/
""LinkedIn Ads mistakes"" -> /blogs/saas-linkedin-ads-mistakes-to-avoid/
""SaaS PPC strategy"" -> /blogs/saas-ppc/
""audited SaaS PPC accounts"" -> /blogs/the-no-nonsense-guide-to-auditing-your-saas-ppc-account/
""LinkedIn Ads checklist"" -> /checklists/linkedin-ads-checklist/
""reach out to us and let’s plan how to grow your pipeline"" -> /contact-us/
""ABM"" -> /glossary/what-is-abm/
""Cost Per Click"" -> /glossary/what-is-cost-per-click/
""Google Ads"" -> /glossary/what-is-google-ads/
""ICP"" -> /glossary/what-is-icp/
""Lead Generation"" -> /glossary/what-is-lead-generation/
""PPC"" -> /glossary/what-is-ppc/
""Thought Leadership"" -> /glossary/what-is-thought-leadership/
""PipeRocket Digital"" -> /saas-ppc/
""Cost Per Click"" -> /tools/cpc-calculator/"
/blogs/how-to-align-seo-with-sales/,blog,How to Align SEO With Sales in B2B SaaS,1,8,,"""align SEO with sales"" <- /blogs/why-is-my-seo-not-driving-pipeline/","""Sabari Rohith"" -> /author/rohith/
""content calendar"" -> /blogs/how-to-build-saas-keyword-map-content-calendar/
""top-of-funnel content"" -> /blogs/how-to-rank-tofu-keywords-saas/
""comparison page"" -> /blogs/how-to-write-saas-comparison-pages-for-seo/
""ABM"" -> /glossary/what-is-abm/
""ICP"" -> /glossary/what-is-icp/
""keyword research"" -> /glossary/what-is-keyword-research/
""SEO"" -> /glossary/what-is-seo/"
/blogs/how-to-attribute-seo-to-pipeline/,blog,How to Attribute SEO to Pipeline (B2B SaaS Method),2,6,,"""attribute to pipeline"" <- /blogs/how-to-forecast-pipeline-from-seo/
""SEO attribution"" <- /list/best-marketing-attribution-tools/","""Ranjeeth Kumar"" -> /author/ranjeeth/
""bottom-of-funnel"" -> /blogs/how-to-rank-bofu-keywords-saas/
""top-of-funnel content"" -> /blogs/how-to-rank-tofu-keywords-saas/
""comparison pages"" -> /blogs/how-to-write-saas-comparison-pages-for-seo/
""landing page"" -> /glossary/what-is-a-landing-page/
""SEO"" -> /glossary/what-is-seo/"
/blogs/how-to-build-saas-keyword-map-content-calendar/,blog,How to Build a SaaS Keyword Map and Content Calendar,17,11,,"""content calendar"" <- /blogs/b2b-inbound-marketing-guide/
""content calendar"" <- /blogs/enterprise-saas-seo-guide/
""content calendar"" <- /blogs/enterprise-seo-strategy-and-framework/
""content calendar"" <- /blogs/how-to-align-seo-with-sales/
""content calendar"" <- /blogs/how-to-build-topic-clusters/
""keyword map"" <- /blogs/how-to-cluster-keywords-for-saas/
""content calendar"" <- /blogs/how-to-prioritize-saas-keywords-by-funnel-stage/
""content calendar"" <- /blogs/how-to-use-internal-linking/
""content calendar"" <- /blogs/saas-content-marketing-guide/
""building a SaaS keyword map and content calendar"" <- /blogs/saas-content-strategy/
""content calendar"" <- /blogs/saas-thought-leadership-strategy/
""content calendar"" <- /glossary/what-is-an-seo-audit/
""content calendar"" <- /glossary/what-is-brand-positioning/
""content calendar"" <- /glossary/what-is-google-search-console/
""content calendar"" <- /list/best-ai-seo-tools/
""keyword map"" <- /list/best-free-keyword-research-tools/
""content calendar"" <- /list/best-keyword-clustering-tools/","""Sabari Rohith"" -> /author/rohith/
""built your topic clusters"" -> /blogs/how-to-build-topic-clusters/
""keyword research"" -> /blogs/how-to-do-saas-seo-keyword-research/
""cannibalization"" -> /blogs/how-to-fix-keyword-cannibalization/
""Sequencing keywords by funnel stage"" -> /blogs/how-to-prioritize-saas-keywords-by-funnel-stage/
""BOFU pages"" -> /blogs/how-to-rank-bofu-keywords-saas/
""ranking drop"" -> /blogs/how-to-recover-from-google-core-update/
""content freshness"" -> /blogs/how-to-refresh-content-rankings/
""internal links"" -> /blogs/how-to-use-internal-linking/
""comparison page"" -> /blogs/how-to-write-saas-comparison-pages-for-seo/
""SEO"" -> /glossary/what-is-seo/"
/blogs/how-to-build-topic-clusters/,blog,How to Build Topic Clusters That Rank a SaaS Site,9,14,,"""built your topic clusters"" <- /blogs/how-to-build-saas-keyword-map-content-calendar/
""one topic"" <- /blogs/how-to-fix-keyword-cannibalization/
""building topic clusters"" <- /blogs/how-to-map-keywords-to-saas-buyer-journey/
""building topic clusters"" <- /blogs/how-to-prioritize-saas-keywords-by-funnel-stage/
""topic clusters guide"" <- /blogs/how-to-rank-mofu-keywords-saas/
""SaaS SEO Compounding Revenue Machine"" <- /blogs/saas-content-strategy/
""how to build topic clusters that rank a SaaS site"" <- /glossary/what-is-a-transactional-keyword/
""how to build topic clusters that rank a SaaS site"" <- /glossary/what-is-search-intent/
""how to build topic clusters that rank a SaaS site"" <- /glossary/what-is-topical-authority/","""Kamaraj Mathiarasan (Kim)"" -> /author/kamaraj-mathiarasan/
""content calendar"" -> /blogs/how-to-build-saas-keyword-map-content-calendar/
""secondary keywords"" -> /blogs/how-to-do-saas-seo-keyword-research/
""topical authority"" -> /blogs/how-to-improve-topical-authority/
""buyer down the funnel"" -> /blogs/how-to-map-keywords-to-saas-buyer-journey/
""bottom-of-funnel pages"" -> /blogs/how-to-prioritize-saas-keywords-by-funnel-stage/
""BOFU pages"" -> /blogs/how-to-rank-bofu-keywords-saas/
""MOFU"" -> /blogs/how-to-rank-mofu-keywords-saas/
""Internal linking"" -> /blogs/how-to-use-internal-linking/
""comparison page"" -> /blogs/how-to-write-saas-comparison-pages-for-seo/
""backlinks"" -> /glossary/what-is-a-backlink/
""anchor text"" -> /glossary/what-is-anchor-text/
""domain authority"" -> /glossary/what-is-domain-authority/
""SEO"" -> /glossary/what-is-seo/"
/blogs/how-to-calculate-blog-revenue-impact/,blog,How to Calculate the Revenue Impact of a Blog Post,1,4,,"""calculate the revenue impact of each blog post"" <- /blogs/why-is-my-seo-not-driving-pipeline/","""Vignesh Sampath"" -> /author/vignesh-sampath/
""internal links"" -> /blogs/how-to-use-internal-linking/
""comparison page"" -> /blogs/how-to-write-saas-comparison-pages-for-seo/
""SEO"" -> /glossary/what-is-seo/"
/blogs/how-to-choose-search-volume-vs-search-intent/,blog,Search Volume vs Search Intent: How to Choose for SaaS,6,13,,"""Search volume vs search intent"" <- /blogs/how-to-do-saas-seo-keyword-research/
""search volume versus search intent"" <- /blogs/how-to-map-keywords-to-saas-buyer-journey/
""search volume versus search intent"" <- /blogs/how-to-prioritize-saas-keywords-by-funnel-stage/
""search volume versus search intent"" <- /blogs/how-to-rank-mofu-keywords-saas/
""search volume versus search intent"" <- /blogs/how-to-score-saas-keywords-by-icp-intent/
""how to choose between search volume and search intent"" <- /glossary/what-is-search-volume/","""Kamaraj Mathiarasan (Kim)"" -> /author/kamaraj-mathiarasan/
""SaaS keyword research"" -> /blogs/how-to-do-saas-seo-keyword-research/
""mapping keywords to the SaaS buyer journey"" -> /blogs/how-to-map-keywords-to-saas-buyer-journey/
""how to prioritize keywords by funnel stage"" -> /blogs/how-to-prioritize-saas-keywords-by-funnel-stage/
""ranking BOFU keywords"" -> /blogs/how-to-rank-bofu-keywords-saas/
""score keywords by ICP intent"" -> /blogs/how-to-score-saas-keywords-by-icp-intent/
""comparison pages"" -> /blogs/how-to-write-saas-comparison-pages-for-seo/
""types of keywords"" -> /blogs/types-of-keywords-in-seo/
""ICP"" -> /glossary/what-is-icp/
""Keyword Difficulty"" -> /glossary/what-is-keyword-difficulty/
""SEO"" -> /glossary/what-is-seo/
""SERP"" -> /glossary/what-is-serp/
""conversion rate"" -> /tools/conversion-rate-calculator/"
/blogs/how-to-cluster-keywords-for-saas/,blog,How to Cluster Keywords for SaaS SEO,4,7,,"""keyword clustering"" <- /blogs/ai-agents-for-seo/
""keyword clustering"" <- /glossary/what-is-evergreen-content/
""keyword clustering"" <- /list/best-content-optimization-tools/
""keyword clustering"" <- /list/best-keyword-clustering-tools/","""Ranjeeth Kumar"" -> /author/ranjeeth/
""keyword map"" -> /blogs/how-to-build-saas-keyword-map-content-calendar/
""Cannibalization"" -> /blogs/how-to-fix-keyword-cannibalization/
""bottom-of-funnel"" -> /blogs/how-to-rank-bofu-keywords-saas/
""internal links"" -> /blogs/how-to-use-internal-linking/
""comparison page"" -> /blogs/how-to-write-saas-comparison-pages-for-seo/
""SEO"" -> /glossary/what-is-seo/"
/blogs/how-to-do-geo-for-saas/,blog,GEO and AEO for SaaS: How to Win AI Search With One Playbook,19,12,,"""complete GEO and AEO playbook"" <- /blogs/aeo-vs-geo/
""GEO and AEO playbook for SaaS"" <- /blogs/aeo-vs-geo/
""Answer Engine Optimization"" <- /blogs/ai-search-optimization-for-saas/
""Generative engine optimization"" <- /blogs/ai-seo-strategy-and-framework/
""GEO for SaaS"" <- /blogs/geo-vs-seo/
""GEO for SaaS"" <- /checklists/geo-checklist/
""guide to GEO for SaaS"" <- /checklists/seo-checklist/
""GEO for SaaS"" <- /checklists/seo-checklist/
""generative engine optimization"" <- /glossary/what-is-an-ai-overview/
""generative engine optimization"" <- /glossary/what-is-geo/
""Generative Engine Optimization"" <- /list/best-aeo-agency/
""Generative Engine Optimization"" <- /list/best-aeo-tools/
""Generative Engine Optimization"" <- /list/best-b2b-seo-agencies/
""Generative Engine Optimization"" <- /list/best-geo-agencies/
""generative engine optimization"" <- /list/best-saas-content-marketing-agencies/
""Generative Engine Optimization"" <- /list/best-saas-llmo-agencies/
""Answer Engine Optimization"" <- /list/best-saas-marketing-agencies-2026/
""generative engine optimization"" <- /list/best-saas-seo-agencies/
""Generative Engine Optimization"" <- /research/ai-seo-statistics/","""Vignesh Sampath"" -> /author/vignesh-sampath/
""AEO vs GEO"" -> /blogs/aeo-vs-geo/
""AI SEO program"" -> /blogs/ai-seo-strategy-and-framework/
""GEO vs SEO"" -> /blogs/geo-vs-seo/
""Internal linking"" -> /blogs/how-to-use-internal-linking/
""backlink"" -> /glossary/what-is-a-backlink/
""AEO"" -> /glossary/what-is-aeo/
""AI Overviews"" -> /glossary/what-is-an-ai-overview/
""LLM"" -> /glossary/what-is-an-llm/
""generative engine optimization"" -> /glossary/what-is-geo/
""SEO"" -> /glossary/what-is-seo/
""AI SEO consultant"" -> /saas-seo-agency/ai-seo-consultant/"
/blogs/how-to-do-keyword-gap-analysis/,blog,How to Do a Keyword Gap Analysis vs SaaS Competitors,2,11,,"""How to run a keyword gap analysis"" <- /blogs/how-to-do-saas-seo-keyword-research/
""how to do a keyword gap analysis vs SaaS competitors"" <- /glossary/what-is-a-navigational-keyword/","""Kamaraj Mathiarasan (Kim)"" -> /author/kamaraj-mathiarasan/
""SaaS SEO competitor analysis"" -> /blogs/how-to-do-saas-seo-competitor-analysis/
""full SaaS SEO keyword research process"" -> /blogs/how-to-do-saas-seo-keyword-research/
""topical authority"" -> /blogs/how-to-improve-topical-authority/
""comparison page"" -> /blogs/how-to-write-saas-comparison-pages-for-seo/
""Reach out to us"" -> /contact-us/
""keyword research"" -> /glossary/what-is-keyword-research/
""SEO"" -> /glossary/what-is-seo/
""SERP"" -> /glossary/what-is-serp/
""SaaS SEO team"" -> /saas-seo-agency/
""conversion rate"" -> /tools/conversion-rate-calculator/"
/blogs/how-to-do-saas-content-audit/,blog,How to Run a SaaS Content Audit That Actually Moves Rankings,0,18,YES,,"""Kamaraj Mathiarasan (Kim)"" -> /author/kamaraj-mathiarasan/
""SaaS SEO competitor analysis"" -> /blogs/how-to-do-saas-seo-competitor-analysis/
""secondary keywords"" -> /blogs/how-to-do-saas-seo-keyword-research/
""topical authority"" -> /blogs/how-to-improve-topical-authority/
""core update"" -> /blogs/how-to-recover-from-google-core-update/
""content refresh"" -> /blogs/how-to-refresh-content-rankings/
""internal linking"" -> /blogs/how-to-use-internal-linking/
""SaaS SEO 8-step framework"" -> /blogs/saas-seo-strategies-and-framework/
""SaaS SEO"" -> /blogs/saas-seo/
""content audit checklist"" -> /checklists/content-audit-checklist/
""let’s discuss how we can bring them back!"" -> /contact-us/
""SEO audit"" -> /glossary/what-is-an-seo-audit/
""content marketing"" -> /glossary/what-is-content-marketing/
""click-through rate"" -> /glossary/what-is-ctr/
""evergreen content"" -> /glossary/what-is-evergreen-content/
""SEO"" -> /glossary/what-is-seo/
""SERP"" -> /glossary/what-is-serp/
""PipeRocket Digital"" -> /saas-seo-agency/"
/blogs/how-to-do-saas-seo-competitor-analysis/,blog,How I Do Competitor Analysis for SaaS SEO in 2026,6,19,,"""SaaS SEO competitor analysis"" <- /blogs/how-to-do-keyword-gap-analysis/
""SaaS SEO competitor analysis"" <- /blogs/how-to-do-saas-content-audit/
""competitor gap analysis"" <- /blogs/how-to-do-saas-seo-keyword-research/
""competitor analysis"" <- /blogs/how-to-write-saas-comparison-pages-for-seo/
""compare your SaaS tool to a competitor"" <- /blogs/optimize-saas-landing-pages-for-seo/
""competitors"" <- /blogs/saas-link-building/","""Kamaraj Mathiarasan (Kim)"" -> /author/kamaraj-mathiarasan/
""B2B marketing"" -> /blogs/b2b-marketing/
""Customer Acquisition"" -> /blogs/saas-customer-acquisition-strategy/
""SaaS SEO strategy"" -> /blogs/saas-seo/
""Social Proof"" -> /blogs/saas-social-proof/
""SaaS SEO checklist."" -> /checklists/saas-seo-checklist/
""our contact page"" -> /contact-us/
""backlinks"" -> /glossary/what-is-a-backlink/
""landing page"" -> /glossary/what-is-a-landing-page/
""AI Overview"" -> /glossary/what-is-an-ai-overview/
""conversion rate"" -> /glossary/what-is-conversion-rate/
""domain authority"" -> /glossary/what-is-domain-authority/
""keyword research"" -> /glossary/what-is-keyword-research/
""lead generation"" -> /glossary/what-is-lead-generation/
""SEO"" -> /glossary/what-is-seo/
""SERP"" -> /glossary/what-is-serp/
""SaaS SEO agencies"" -> /list/best-saas-seo-agencies/
""top SaaS SEO agencies"" -> /list/best-saas-seo-agencies/
""PipeRocket Digital"" -> /saas-seo-agency/"
/blogs/how-to-do-saas-seo-keyword-research/,blog,How I Do SaaS SEO Keyword Research in 2026?,20,26,,"""keyword research"" <- /blogs/how-to-build-saas-keyword-map-content-calendar/
""secondary keywords"" <- /blogs/how-to-build-topic-clusters/
""SaaS keyword research"" <- /blogs/how-to-choose-search-volume-vs-search-intent/
""full SaaS SEO keyword research process"" <- /blogs/how-to-do-keyword-gap-analysis/
""secondary keywords"" <- /blogs/how-to-do-saas-content-audit/
""keyword research"" <- /blogs/how-to-fix-keyword-cannibalization/
""secondary keywords"" <- /blogs/how-to-forecast-pipeline-from-seo/
""keyword research as audience mapping"" <- /blogs/how-to-map-keywords-to-saas-buyer-journey/
""keyword research and mapping"" <- /blogs/how-to-prioritize-saas-keywords-by-funnel-stage/
""BOFU keyword lists"" <- /blogs/how-to-rank-bofu-keywords-saas/
""SaaS keyword research process"" <- /blogs/how-to-rank-mofu-keywords-saas/
""Secondary keywords"" <- /blogs/how-to-refresh-content-rankings/
""SaaS keyword research process"" <- /blogs/how-to-score-saas-keywords-by-icp-intent/
""keyword research"" <- /blogs/how-to-write-saas-comparison-pages-for-seo/
""keyword research"" <- /blogs/optimize-saas-landing-pages-for-seo/
""starting with people, not tools"" <- /blogs/types-of-keywords-in-seo/
""how to do SaaS SEO keyword research the right way"" <- /glossary/what-is-an-informational-keyword/
""how to do SaaS SEO keyword research the right way"" <- /glossary/what-is-keyword-difficulty/
""secondary keywords"" <- /glossary/what-is-on-page-seo/
""SaaS SEO keyword research"" <- /list/best-serp-testing-tools-for-saas/","""Kamaraj Mathiarasan (Kim)"" -> /author/kamaraj-mathiarasan/
""Search volume vs search intent"" -> /blogs/how-to-choose-search-volume-vs-search-intent/
""How to run a keyword gap analysis"" -> /blogs/how-to-do-keyword-gap-analysis/
""competitor gap analysis"" -> /blogs/how-to-do-saas-seo-competitor-analysis/
""How to fix keyword cannibalization"" -> /blogs/how-to-fix-keyword-cannibalization/
""How to map keywords to the SaaS buyer journey"" -> /blogs/how-to-map-keywords-to-saas-buyer-journey/
""How to prioritise SaaS keywords by funnel stage"" -> /blogs/how-to-prioritize-saas-keywords-by-funnel-stage/
""How to rank BOFU keywords for SaaS"" -> /blogs/how-to-rank-bofu-keywords-saas/
""How to rank MOFU keywords for SaaS"" -> /blogs/how-to-rank-mofu-keywords-saas/
""How to score SaaS keywords by ICP intent"" -> /blogs/how-to-score-saas-keywords-by-icp-intent/
""Product Marketing"" -> /blogs/saas-product-marketing-strategy/
""SaaS SEO 8-step framework"" -> /blogs/saas-seo-strategies-and-framework/
""SaaS SEO"" -> /blogs/saas-seo/
""Types of keywords in SEO"" -> /blogs/types-of-keywords-in-seo/
""keyword research checklist"" -> /checklists/keyword-research-checklist/
""SaaS SEO checklist"" -> /checklists/saas-seo-checklist/
""**Reach out to us!**"" -> /contact-us/
""clusters"" -> /glossary/what-are-keyword-clusters/
""long-tail keywords"" -> /glossary/what-is-a-long-tail-keyword/
""Keyword Research"" -> /glossary/what-is-keyword-research/
""keyword research"" -> /glossary/what-is-keyword-research/
""SEO"" -> /glossary/what-is-seo/
""SERP"" -> /glossary/what-is-serp/
""Total Addressable Market"" -> /glossary/what-is-tam-sam-som/
""SaaS SEO services"" -> /saas-seo-agency/
""Total Addressable Market"" -> /tools/tam-sam-som-calculator/"
/blogs/how-to-fix-keyword-cannibalization/,blog,How to Find and Fix Keyword Cannibalization on a SaaS Site,24,12,,"""cannibalization"" <- /blogs/enterprise-saas-seo-guide/
""cannibalization"" <- /blogs/enterprise-seo-challenges-and-fixes/
""cannibalization"" <- /blogs/enterprise-seo-guide/
""cannibalization"" <- /blogs/how-to-build-saas-keyword-map-content-calendar/
""Cannibalization"" <- /blogs/how-to-cluster-keywords-for-saas/
""How to fix keyword cannibalization"" <- /blogs/how-to-do-saas-seo-keyword-research/
""cannibalization"" <- /blogs/how-to-improve-topical-authority/
""Cannibalization"" <- /blogs/how-to-rank-tofu-keywords-saas/
""cannibalization"" <- /blogs/how-to-refresh-content-rankings/
""cannibalization"" <- /checklists/saas-seo-checklist/
""cannibalization"" <- /glossary/what-are-keyword-clusters/
""cannibalization"" <- /glossary/what-is-a-canonical-tag/
""how to find and fix keyword cannibalization on a SaaS site"" <- /glossary/what-is-a-navigational-keyword/
""cannibalization"" <- /glossary/what-is-a-transactional-keyword/
""keyword cannibalization"" <- /glossary/what-is-an-informational-keyword/
""cannibalization"" <- /glossary/what-is-an-seo-audit/
""cannibalization"" <- /glossary/what-is-anchor-text/
""cannibalization"" <- /glossary/what-is-cost-per-click/
""cannibalization"" <- /glossary/what-is-keyword-research/
""cannibalization"" <- /glossary/what-is-on-page-seo/
""cannibalization"" <- /glossary/what-is-robots-txt/
""keyword cannibalization"" <- /glossary/what-is-search-intent/
""cannibalization"" <- /glossary/what-is-seo/
""Cannibalization"" <- /list/best-keyword-clustering-tools/","""Kamaraj Mathiarasan (Kim)"" -> /author/kamaraj-mathiarasan/
""one topic"" -> /blogs/how-to-build-topic-clusters/
""keyword research"" -> /blogs/how-to-do-saas-seo-keyword-research/
""SERP intent alignment"" -> /blogs/how-to-map-keywords-to-saas-buyer-journey/
""internal links"" -> /blogs/how-to-use-internal-linking/
""comparison page"" -> /blogs/how-to-write-saas-comparison-pages-for-seo/
""high-intent keyword"" -> /blogs/types-of-keywords-in-seo/
""backlinks"" -> /glossary/what-is-a-backlink/
""canonical tag"" -> /glossary/what-is-a-canonical-tag/
""anchor text"" -> /glossary/what-is-anchor-text/
""SEO"" -> /glossary/what-is-seo/
""SERP"" -> /glossary/what-is-serp/"
/blogs/how-to-forecast-pipeline-from-seo/,blog,How to Forecast Pipeline From SEO for B2B SaaS,1,11,,"""forecast pipeline from SEO"" <- /blogs/how-to-prove-seo-roi/","""Omar Sheriff"" -> /author/omar/
""attribute to pipeline"" -> /blogs/how-to-attribute-seo-to-pipeline/
""secondary keywords"" -> /blogs/how-to-do-saas-seo-keyword-research/
""click-through rate"" -> /blogs/how-to-improve-organic-ctr/
""top-of-funnel content"" -> /blogs/how-to-rank-tofu-keywords-saas/
""comparison pages"" -> /blogs/how-to-write-saas-comparison-pages-for-seo/
""AI Overviews"" -> /glossary/what-is-an-ai-overview/
""CTR"" -> /glossary/what-is-ctr/
""SEO"" -> /glossary/what-is-seo/
""SERP"" -> /glossary/what-is-serp/
""conversion rate"" -> /tools/conversion-rate-calculator/"
/blogs/how-to-forecast-saas-ppc-budget/,blog,How to Forecast SaaS PPC Budget and ROI,1,9,,"""PPC budget"" <- /blogs/b2b-ppc/","""Vishnu Prasadh"" -> /author/vishnu-prasad/
""landing page"" -> /glossary/what-is-a-landing-page/
""ARR"" -> /glossary/what-is-arr/
""CPC"" -> /glossary/what-is-cost-per-click/
""ICP"" -> /glossary/what-is-icp/
""PPC"" -> /glossary/what-is-ppc/
""ROAS"" -> /glossary/what-is-roas/
""conversion rate"" -> /tools/conversion-rate-calculator/
""lifetime value"" -> /tools/ltv-calculator/"
/blogs/how-to-get-cited-in-ai-overviews/,blog,How to Get Cited in Google AI Overviews,2,8,,"""how to get cited in AI Overviews"" <- /blogs/aeo-performance-metrics-reporting-dashboard/
""cited in AI Overviews"" <- /blogs/google-ranking-factors-saas/","""Vignesh Sampath"" -> /author/vignesh-sampath/
""question keywords"" -> /blogs/how-to-rank-for-question-keywords/
""comparison page"" -> /blogs/how-to-write-saas-comparison-pages-for-seo/
""social proof"" -> /blogs/saas-social-proof/
""reach out and we can walk through it together"" -> /contact-us/
""AI Overview"" -> /glossary/what-is-an-ai-overview/
""AEO agencies for AI visibility tracking and reporting"" -> /list/best-aeo-agency/
""AEO and GEO services"" -> /saas-seo-agency/ai-seo-services/"
/blogs/how-to-improve-organic-ctr/,blog,How to Improve Organic CTR Without Changing Rankings,19,7,,"""click-through rate"" <- /blogs/abm-for-saas-paid-playbook/
""click-through rate"" <- /blogs/how-to-forecast-pipeline-from-seo/
""Click-Through Rate"" <- /blogs/how-to-write-google-ads-copy-for-saas-in-2026/
""click-through rate"" <- /blogs/saas-abm-strategy/
""click-through rate"" <- /blogs/saas-ad-fatigue/
""click-through rate"" <- /blogs/saas-creative-testing/
""click-through rate"" <- /blogs/saas-customer-acquisition-strategy/
""click-through rate"" <- /blogs/saas-quality-score/
""click-through rate"" <- /glossary/what-is-a-meta-description/
""organic CTR"" <- /glossary/what-is-an-ai-overview/
""Click-through rate"" <- /glossary/what-is-ctr/
""click-through rate"" <- /glossary/what-is-google-ads/
""click-through rate"" <- /glossary/what-is-keyword-ranking/
""click-through rate"" <- /glossary/what-is-on-page-seo/
""click-through rate"" <- /glossary/what-is-ppc/
""click-through rate"" <- /glossary/what-is-roas/
""organic CTR"" <- /glossary/what-is-schema-markup/
""organic CTR"" <- /research/ai-seo-statistics/
""Click-through rate"" <- /research/google-ads-benchmarks/","""Omar Sheriff"" -> /author/omar/
""internal links"" -> /blogs/how-to-use-internal-linking/
""meta description"" -> /glossary/what-is-a-meta-description/
""AI Overview"" -> /glossary/what-is-an-ai-overview/
""CTR"" -> /glossary/what-is-ctr/
""SEO"" -> /glossary/what-is-seo/
""SERP"" -> /glossary/what-is-serp/"
/blogs/how-to-improve-topical-authority/,blog,How to Improve Topical Authority for a SaaS Brand (Without Publishing More of Everything),46,10,,"""topical authority"" <- /blogs/ai-agents-for-seo/
""topical authority"" <- /blogs/ai-seo-strategy-and-framework/
""topical authority"" <- /blogs/enterprise-saas-seo-guide/
""topical authority"" <- /blogs/enterprise-seo-challenges-and-fixes/
""topical authority"" <- /blogs/enterprise-seo-guide/
""topical authority"" <- /blogs/enterprise-seo-strategy-and-framework/
""topical authority"" <- /blogs/fintech-seo-guide/
""topical authority"" <- /blogs/google-ranking-factors-saas/
""topical authority"" <- /blogs/how-to-build-topic-clusters/
""topical authority"" <- /blogs/how-to-do-keyword-gap-analysis/
""topical authority"" <- /blogs/how-to-do-saas-content-audit/
""topical authority"" <- /blogs/how-to-map-keywords-to-saas-buyer-journey/
""topical authority"" <- /blogs/how-to-prioritize-saas-keywords-by-funnel-stage/
""topical authority"" <- /blogs/how-to-rank-high-difficulty-keywords/
""topical authority"" <- /blogs/how-to-rank-mofu-keywords-saas/
""Topical authority"" <- /blogs/how-to-rank-new-saas-site/
""topical authority"" <- /blogs/how-to-rank-tofu-keywords-saas/
""topical authority"" <- /blogs/how-to-use-internal-linking/
""topical authority"" <- /blogs/how-to-write-saas-comparison-pages-for-seo/
""topical authority"" <- /blogs/saas-seo-strategies-and-framework/
""topical authority"" <- /blogs/saas-seo/
""topical authority"" <- /blogs/types-of-keywords-in-seo/
""topical authority"" <- /blogs/why-is-my-seo-not-driving-pipeline/
""topical authority"" <- /glossary/what-are-keyword-clusters/
""topical authority"" <- /glossary/what-is-a-backlink/
""topical authority"" <- /glossary/what-is-a-canonical-tag/
""topical authority"" <- /glossary/what-is-a-commercial-keyword/
""topical authority"" <- /glossary/what-is-a-long-tail-keyword/
""topical authority"" <- /glossary/what-is-a-transactional-keyword/
""Topical authority"" <- /glossary/what-is-aeo/
""topical authority"" <- /glossary/what-is-an-informational-keyword/
""topical authority"" <- /glossary/what-is-an-seo-audit/
""topical authority"" <- /glossary/what-is-anchor-text/
""topical authority"" <- /glossary/what-is-domain-authority/
""topical authority"" <- /glossary/what-is-evergreen-content/
""Topical authority"" <- /glossary/what-is-keyword-research/
""topical authority"" <- /glossary/what-is-off-page-seo/
""topical authority"" <- /glossary/what-is-search-intent/
""topical authority"" <- /glossary/what-is-seo/
""topical authority"" <- /glossary/what-is-structured-data/
""how to improve topical authority for a SaaS brand"" <- /glossary/what-is-topical-authority/
""topical authority"" <- /list/best-keyword-clustering-tools/
""topical authority"" <- /list/best-saas-geo-agencies/
""topical authority"" <- /list/best-saas-llmo-agencies/
""topical authority"" <- /list/best-saas-seo-agencies/
""topical authority"" <- /list/saas-seo-experts/","""Ranjeeth Kumar"" -> /author/ranjeeth/
""cannibalization"" -> /blogs/how-to-fix-keyword-cannibalization/
""BOFU pages"" -> /blogs/how-to-rank-bofu-keywords-saas/
""Internal linking"" -> /blogs/how-to-use-internal-linking/
""Comparison pages"" -> /blogs/how-to-write-saas-comparison-pages-for-seo/
""backlinks"" -> /glossary/what-is-a-backlink/
""AI Overviews"" -> /glossary/what-is-an-ai-overview/
""anchor text"" -> /glossary/what-is-anchor-text/
""domain authority"" -> /glossary/what-is-domain-authority/
""technical SEO"" -> /glossary/what-is-technical-seo/"
/blogs/how-to-map-keywords-to-saas-buyer-journey/,blog,How to Map Keywords to the SaaS Buyer Journey,10,12,,"""buyer down the funnel"" <- /blogs/how-to-build-topic-clusters/
""mapping keywords to the SaaS buyer journey"" <- /blogs/how-to-choose-search-volume-vs-search-intent/
""How to map keywords to the SaaS buyer journey"" <- /blogs/how-to-do-saas-seo-keyword-research/
""SERP intent alignment"" <- /blogs/how-to-fix-keyword-cannibalization/
""TOFU, MOFU, and BOFU buckets"" <- /blogs/how-to-prioritize-saas-keywords-by-funnel-stage/
""mapping keywords to the buyer journey"" <- /blogs/how-to-rank-mofu-keywords-saas/
""map keywords to the buyer's journey"" <- /blogs/how-to-score-saas-keywords-by-icp-intent/
""how to map keywords to the SaaS buyer journey"" <- /glossary/what-is-a-commercial-keyword/
""how to map keywords to the SaaS buyer journey"" <- /glossary/what-is-search-intent/
""how to map keywords to the SaaS buyer journey"" <- /glossary/what-is-search-volume/","""Kamaraj Mathiarasan (Kim)"" -> /author/kamaraj-mathiarasan/
""building topic clusters"" -> /blogs/how-to-build-topic-clusters/
""search volume versus search intent"" -> /blogs/how-to-choose-search-volume-vs-search-intent/
""keyword research as audience mapping"" -> /blogs/how-to-do-saas-seo-keyword-research/
""topical authority"" -> /blogs/how-to-improve-topical-authority/
""how to prioritize SaaS keywords by funnel stage"" -> /blogs/how-to-prioritize-saas-keywords-by-funnel-stage/
""ranking BoFu keywords for SaaS"" -> /blogs/how-to-rank-bofu-keywords-saas/
""ICP intent scoring rubric"" -> /blogs/how-to-score-saas-keywords-by-icp-intent/
""comparison pages"" -> /blogs/how-to-write-saas-comparison-pages-for-seo/
""ICP"" -> /glossary/what-is-icp/
""keyword research"" -> /glossary/what-is-keyword-research/
""SERP"" -> /glossary/what-is-serp/"
/blogs/how-to-measure-organic-cac/,blog,How to Measure Organic CAC for SaaS (the Right Way),7,7,,"""organic CAC"" <- /blogs/b2b-marketing-operations-guide/
""Organic CAC"" <- /blogs/enterprise-saas-seo-guide/
""Organic CAC"" <- /blogs/enterprise-seo-challenges-and-fixes/
""Organic CAC"" <- /blogs/enterprise-seo-strategy-and-framework/
""Organic CAC"" <- /blogs/how-to-set-seo-kpis-cfo-trusts/
""organic CAC"" <- /blogs/saas-seo-strategies-and-framework/
""organic CAC"" <- /blogs/saas-seo/","""Vignesh Sampath"" -> /author/vignesh-sampath/
""product marketing"" -> /blogs/saas-product-marketing-strategy/
""landing pages"" -> /glossary/what-is-a-landing-page/
""CPC"" -> /glossary/what-is-cost-per-click/
""SEO"" -> /glossary/what-is-seo/
""rank tracking"" -> /list/best-rank-tracking-tools-for-saas/
""conversion rate"" -> /tools/conversion-rate-calculator/"
/blogs/how-to-prioritize-saas-keywords-by-funnel-stage/,blog,How to Prioritize SaaS Keywords by Funnel Stage,10,14,,"""Sequencing keywords by funnel stage"" <- /blogs/how-to-build-saas-keyword-map-content-calendar/
""bottom-of-funnel pages"" <- /blogs/how-to-build-topic-clusters/
""how to prioritize keywords by funnel stage"" <- /blogs/how-to-choose-search-volume-vs-search-intent/
""How to prioritise SaaS keywords by funnel stage"" <- /blogs/how-to-do-saas-seo-keyword-research/
""how to prioritize SaaS keywords by funnel stage"" <- /blogs/how-to-map-keywords-to-saas-buyer-journey/
""BOFU queries"" <- /blogs/how-to-rank-bofu-keywords-saas/
""how to prioritise keywords by funnel stage"" <- /blogs/how-to-rank-mofu-keywords-saas/
""how to prioritize SaaS keywords by funnel stage"" <- /blogs/how-to-score-saas-keywords-by-icp-intent/
""how to prioritise SaaS keywords by funnel stage"" <- /glossary/what-is-a-commercial-keyword/
""how to prioritise SaaS keywords by funnel stage"" <- /glossary/what-is-an-informational-keyword/","""Kamaraj Mathiarasan (Kim)"" -> /author/kamaraj-mathiarasan/
""content calendar"" -> /blogs/how-to-build-saas-keyword-map-content-calendar/
""building topic clusters"" -> /blogs/how-to-build-topic-clusters/
""search volume versus search intent"" -> /blogs/how-to-choose-search-volume-vs-search-intent/
""keyword research and mapping"" -> /blogs/how-to-do-saas-seo-keyword-research/
""topical authority"" -> /blogs/how-to-improve-topical-authority/
""TOFU, MOFU, and BOFU buckets"" -> /blogs/how-to-map-keywords-to-saas-buyer-journey/
""ranking BOFU keywords for SaaS"" -> /blogs/how-to-rank-bofu-keywords-saas/
""new SaaS site"" -> /blogs/how-to-rank-new-saas-site/
""scoring SaaS keywords by ICP intent"" -> /blogs/how-to-score-saas-keywords-by-icp-intent/
""internal links"" -> /blogs/how-to-use-internal-linking/
""comparison pages"" -> /blogs/how-to-write-saas-comparison-pages-for-seo/
""SERP"" -> /glossary/what-is-serp/
""conversion rate"" -> /tools/conversion-rate-calculator/"
/blogs/how-to-prove-seo-roi/,blog,How to Prove SEO ROI for SaaS (Without Vanity Metrics),3,17,,"""SEO ROI"" <- /blogs/enterprise-saas-seo-guide/
""prove SEO ROI"" <- /list/best-marketing-attribution-tools/
""prove SEO ROI"" <- /list/best-seo-reporting-tools/","""Ranjeeth Kumar"" -> /author/ranjeeth/
""forecast pipeline from SEO"" -> /blogs/how-to-forecast-pipeline-from-seo/
""bottom-of-funnel"" -> /blogs/how-to-rank-bofu-keywords-saas/
""top-of-funnel content"" -> /blogs/how-to-rank-tofu-keywords-saas/
""report it to the board"" -> /blogs/how-to-report-seo-to-the-board/
""the KPIs a CFO trusts"" -> /blogs/how-to-set-seo-kpis-cfo-trusts/
""comparison page"" -> /blogs/how-to-write-saas-comparison-pages-for-seo/
""diagnose why the traffic isn't driving pipeline"" -> /blogs/why-is-my-seo-not-driving-pipeline/
""CPC"" -> /glossary/what-is-cost-per-click/
""crawling"" -> /glossary/what-is-crawling/
""SEO"" -> /glossary/what-is-seo/
""SEO attribution tools"" -> /list/best-marketing-attribution-tools/
""rank tracking"" -> /list/best-rank-tracking-tools-for-saas/
""SEO reporting tools"" -> /list/best-seo-reporting-tools/
""ARPU"" -> /tools/arpu-calculator/
""conversion rate"" -> /tools/conversion-rate-calculator/
""lifetime value"" -> /tools/ltv-calculator/"
/blogs/how-to-rank-bofu-keywords-saas/,blog,How to Rank BOFU Keywords for SaaS (A Practitioner's Playbook),40,11,,"""bottom-of-funnel"" <- /blogs/ab-test-saas-landing-pages/
""BoFu pages"" <- /blogs/ai-seo-strategy-and-framework/
""Bottom-of-funnel"" <- /blogs/b2b-ppc/
""bottom-of-funnel"" <- /blogs/b2b-saas-seo/
""bottom-of-funnel"" <- /blogs/geo-vs-seo/
""bottom-of-funnel"" <- /blogs/how-to-attribute-seo-to-pipeline/
""BOFU pages"" <- /blogs/how-to-build-saas-keyword-map-content-calendar/
""BOFU pages"" <- /blogs/how-to-build-topic-clusters/
""ranking BOFU keywords"" <- /blogs/how-to-choose-search-volume-vs-search-intent/
""bottom-of-funnel"" <- /blogs/how-to-cluster-keywords-for-saas/
""How to rank BOFU keywords for SaaS"" <- /blogs/how-to-do-saas-seo-keyword-research/
""BOFU pages"" <- /blogs/how-to-improve-topical-authority/
""ranking BoFu keywords for SaaS"" <- /blogs/how-to-map-keywords-to-saas-buyer-journey/
""ranking BOFU keywords for SaaS"" <- /blogs/how-to-prioritize-saas-keywords-by-funnel-stage/
""bottom-of-funnel"" <- /blogs/how-to-prove-seo-roi/
""BOFU playbook"" <- /blogs/how-to-rank-mofu-keywords-saas/
""BOFU pages"" <- /blogs/how-to-rank-new-saas-site/
""BOFU pages"" <- /blogs/how-to-rank-tofu-keywords-saas/
""BOFU set"" <- /blogs/how-to-score-saas-keywords-by-icp-intent/
""BOFU pages"" <- /blogs/how-to-use-internal-linking/
""Bottom-of-Funnel"" <- /blogs/how-to-write-google-ads-copy-for-saas-in-2026/
""bottom-of-funnel"" <- /blogs/meta-ads-for-b2b-saas/
""bottom-of-funnel"" <- /blogs/paid-search-vs-paid-social-for-saas/
""Bottom-of-funnel"" <- /blogs/saas-content-marketing-guide/
""BOFU pages"" <- /blogs/saas-content-strategy/
""bottom-of-funnel"" <- /blogs/saas-marketing/
""Bottom-of-funnel"" <- /blogs/saas-paid-marketing-guide/
""bottom-of-funnel"" <- /blogs/saas-reddit-ads/
""bottom-of-funnel"" <- /blogs/saas-seo-strategies-and-framework/
""bottom-of-funnel"" <- /blogs/saas-seo/
""bottom-of-funnel"" <- /blogs/saas-thought-leadership-strategy/
""BoFu pages"" <- /blogs/types-of-keywords-in-seo/
""bottom-of-funnel"" <- /blogs/why-is-my-seo-not-driving-pipeline/
""how to rank BOFU keywords for SaaS"" <- /glossary/what-is-a-transactional-keyword/
""BOFU pages"" <- /glossary/what-is-an-ai-overview/
""bottom-of-funnel"" <- /glossary/what-is-cpa/
""how to rank BOFU keywords for SaaS"" <- /glossary/what-is-keyword-ranking/
""bottom-of-funnel"" <- /glossary/what-is-meta-ads/
""bottom-of-funnel"" <- /list/best-saas-seo-agencies/
""Bottom-of-Funnel"" <- /research/ai-seo-statistics/","""Kamaraj Mathiarasan (Kim)"" -> /author/kamaraj-mathiarasan/
""BOFU keyword lists"" -> /blogs/how-to-do-saas-seo-keyword-research/
""BOFU queries"" -> /blogs/how-to-prioritize-saas-keywords-by-funnel-stage/
""How to rank MOFU keywords"" -> /blogs/how-to-rank-mofu-keywords-saas/
""TOFU keywords"" -> /blogs/how-to-rank-tofu-keywords-saas/
""internal links"" -> /blogs/how-to-use-internal-linking/
""Comparison pages"" -> /blogs/how-to-write-saas-comparison-pages-for-seo/
""backlinks"" -> /glossary/what-is-a-backlink/
""domain authority"" -> /glossary/what-is-domain-authority/
""well-defined ICP"" -> /glossary/what-is-icp/
""SERP"" -> /glossary/what-is-serp/"
/blogs/how-to-rank-for-question-keywords/,blog,How to Rank for Question Keywords in SaaS SEO,1,11,,"""question keywords"" <- /blogs/how-to-get-cited-in-ai-overviews/","""Sabari Rohith"" -> /author/rohith/
""comparison page"" -> /blogs/how-to-write-saas-comparison-pages-for-seo/
""reach out and we'll walk through your question clusters together"" -> /contact-us/
""AI Overviews"" -> /glossary/what-is-an-ai-overview/
""LLM"" -> /glossary/what-is-an-llm/
""CTR"" -> /glossary/what-is-ctr/
""keyword research"" -> /glossary/what-is-keyword-research/
""SEO"" -> /glossary/what-is-seo/
""SERP"" -> /glossary/what-is-serp/
""SaaS SEO agencies"" -> /list/best-saas-seo-agencies/
""SaaS SEO engagement"" -> /saas-seo-agency/"
/blogs/how-to-rank-high-difficulty-keywords/,blog,How to Rank for High-Difficulty Keywords: A SaaS SEO Playbook,1,10,,"""how to rank for high-difficulty SaaS keywords"" <- /glossary/what-is-keyword-difficulty/","""Vignesh Sampath"" -> /author/vignesh-sampath/
""topical authority"" -> /blogs/how-to-improve-topical-authority/
""internal linking"" -> /blogs/how-to-use-internal-linking/
""comparison page"" -> /blogs/how-to-write-saas-comparison-pages-for-seo/
""content brief"" -> /blogs/how-to-write-seo-content-brief/
""get in touch"" -> /contact-us/
""backlinks"" -> /glossary/what-is-a-backlink/
""domain authority"" -> /glossary/what-is-domain-authority/
""SERP"" -> /glossary/what-is-serp/
""Technical SEO"" -> /glossary/what-is-technical-seo/"
/blogs/how-to-rank-mofu-keywords-saas/,blog,How to Rank MOFU Keywords for SaaS,4,15,,"""MOFU"" <- /blogs/how-to-build-topic-clusters/
""How to rank MOFU keywords for SaaS"" <- /blogs/how-to-do-saas-seo-keyword-research/
""How to rank MOFU keywords"" <- /blogs/how-to-rank-bofu-keywords-saas/
""how to rank MOFU keywords for SaaS"" <- /glossary/what-is-a-commercial-keyword/","""Kamaraj Mathiarasan (Kim)"" -> /author/kamaraj-mathiarasan/
""topic clusters guide"" -> /blogs/how-to-build-topic-clusters/
""search volume versus search intent"" -> /blogs/how-to-choose-search-volume-vs-search-intent/
""SaaS keyword research process"" -> /blogs/how-to-do-saas-seo-keyword-research/
""topical authority"" -> /blogs/how-to-improve-topical-authority/
""mapping keywords to the buyer journey"" -> /blogs/how-to-map-keywords-to-saas-buyer-journey/
""how to prioritise keywords by funnel stage"" -> /blogs/how-to-prioritize-saas-keywords-by-funnel-stage/
""BOFU playbook"" -> /blogs/how-to-rank-bofu-keywords-saas/
""ICP-intent scoring filter"" -> /blogs/how-to-score-saas-keywords-by-icp-intent/
""internal links"" -> /blogs/how-to-use-internal-linking/
""Comparison pages"" -> /blogs/how-to-write-saas-comparison-pages-for-seo/
""keyword type breakdown"" -> /blogs/types-of-keywords-in-seo/
""landing pages"" -> /glossary/what-is-a-landing-page/
""ICP definition"" -> /glossary/what-is-icp/
""SERP"" -> /glossary/what-is-serp/"
/blogs/how-to-rank-new-saas-site/,blog,How to Rank a New SaaS Site With Low Domain Authority,4,9,,"""new SaaS site"" <- /blogs/how-to-prioritize-saas-keywords-by-funnel-stage/
""new SaaS site"" <- /blogs/how-to-rank-tofu-keywords-saas/
""new SaaS site"" <- /glossary/what-is-google-search-console/
""new SaaS site"" <- /glossary/what-is-keyword-difficulty/","""Sabari Rohith"" -> /author/rohith/
""Topical authority"" -> /blogs/how-to-improve-topical-authority/
""BOFU pages"" -> /blogs/how-to-rank-bofu-keywords-saas/
""Internal links"" -> /blogs/how-to-use-internal-linking/
""comparison pages"" -> /blogs/how-to-write-saas-comparison-pages-for-seo/
""domain authority"" -> /glossary/what-is-domain-authority/
""ICP"" -> /glossary/what-is-icp/
""SEO"" -> /glossary/what-is-seo/
""rank tracker"" -> /list/best-rank-tracking-tools-for-saas/"
/blogs/how-to-rank-on-chatgpt-in-2026-strategies-and-tips/,blog,How to Rank on ChatGPT in 2026: Strategies and Tips,3,19,,"""how to rank on ChatGPT"" <- /glossary/what-is-aeo/
""how to rank on ChatGPT in 2026"" <- /glossary/what-is-an-ai-overview/
""show up in AI-powered search results"" <- /list/best-schema-markup-tools-for-saas/","""Kamaraj Mathiarasan (Kim)"" -> /author/kamaraj-mathiarasan/
""top-of-funnel content"" -> /blogs/how-to-rank-tofu-keywords-saas/
""using AI to write SEO content"" -> /blogs/how-to-write-saas-seo-content-with-ai-that-actually-ranks/
""llms.txt file"" -> /blogs/llms-txt-for-saas/
""SaaS SEO"" -> /blogs/saas-seo/
""let’s talk!"" -> /contact-us/
""canonical tags"" -> /glossary/what-is-a-canonical-tag/
""Answer Engine Optimization"" -> /glossary/what-is-aeo/
""AI Overviews"" -> /glossary/what-is-an-ai-overview/
""LLM"" -> /glossary/what-is-an-llm/
""GEO"" -> /glossary/what-is-geo/
""ICP"" -> /glossary/what-is-icp/
""SEO"" -> /glossary/what-is-seo/
""Total Addressable Market"" -> /glossary/what-is-tam-sam-som/
""best AEO agencies for AI visibility tracking and reporting"" -> /list/best-aeo-agency/
""Generative Engine"" -> /list/best-saas-geo-agencies/
""PipeRocket Digital"" -> /saas-seo-agency/
""AI SEO consultant"" -> /saas-seo-agency/ai-seo-consultant/
""AI SEO services"" -> /saas-seo-agency/ai-seo-services/"
/blogs/how-to-rank-tofu-keywords-saas/,blog,How to Rank TOFU Keywords for SaaS (Without Burning Budget on Traffic That Doesn't Convert),16,12,,"""TOFU keywords"" <- /blogs/b2b-ppc-guide/
""top-of-funnel content"" <- /blogs/how-to-align-seo-with-sales/
""top-of-funnel content"" <- /blogs/how-to-attribute-seo-to-pipeline/
""top-of-funnel content"" <- /blogs/how-to-forecast-pipeline-from-seo/
""top-of-funnel content"" <- /blogs/how-to-prove-seo-roi/
""TOFU keywords"" <- /blogs/how-to-rank-bofu-keywords-saas/
""top-of-funnel content"" <- /blogs/how-to-rank-on-chatgpt-in-2026-strategies-and-tips/
""TOFU keywords"" <- /blogs/how-to-run-google-ads-for-saas/
""top-of-funnel content"" <- /blogs/how-to-set-up-multi-touch-attribution/
""top-of-funnel content"" <- /blogs/saas-demand-generation-strategy/
""TOFU keywords"" <- /blogs/saas-seo-strategies-and-framework/
""top-of-funnel content"" <- /blogs/saas-thought-leadership-strategy/
""top-of-funnel keywords"" <- /blogs/types-of-keywords-in-seo/
""top-of-funnel content"" <- /glossary/what-is-a-commercial-keyword/
""top-of-funnel content"" <- /list/best-saas-content-marketing-agencies/
""top-of-funnel content"" <- /list/best-saas-seo-agencies/","""Omar Sheriff"" -> /author/omar/
""Cannibalization"" -> /blogs/how-to-fix-keyword-cannibalization/
""topical authority"" -> /blogs/how-to-improve-topical-authority/
""BOFU pages"" -> /blogs/how-to-rank-bofu-keywords-saas/
""new SaaS site"" -> /blogs/how-to-rank-new-saas-site/
""internal linking"" -> /blogs/how-to-use-internal-linking/
""Backlinks"" -> /glossary/what-is-a-backlink/
""AI Overview"" -> /glossary/what-is-an-ai-overview/
""domain authority"" -> /glossary/what-is-domain-authority/
""ICP"" -> /glossary/what-is-icp/
""keyword research"" -> /glossary/what-is-keyword-research/
""SEO"" -> /glossary/what-is-seo/"
/blogs/how-to-recover-from-google-core-update/,blog,How to Recover From a Google Ranking Drop or Core Update,5,5,,"""ranking drop"" <- /blogs/ai-agents-for-seo/
""ranking drop"" <- /blogs/how-to-build-saas-keyword-map-content-calendar/
""core update"" <- /blogs/how-to-do-saas-content-audit/
""ranking drop"" <- /glossary/what-is-a-301-redirect/
""ranking drop"" <- /glossary/what-is-anchor-text/","""Ranjeeth Kumar"" -> /author/ranjeeth/
""comparison pages"" -> /blogs/how-to-write-saas-comparison-pages-for-seo/
""crawling"" -> /glossary/what-is-crawling/
""ICP"" -> /glossary/what-is-icp/
""SERP"" -> /glossary/what-is-serp/"
/blogs/how-to-refresh-content-rankings/,blog,How to Refresh Content to Recover Lost SaaS Rankings,4,5,,"""content freshness"" <- /blogs/how-to-build-saas-keyword-map-content-calendar/
""content refresh"" <- /blogs/how-to-do-saas-content-audit/
""content refresh"" <- /list/best-legaltech-marketing-agencies/
""Content refresh"" <- /list/best-saas-content-marketing-agencies/","""Omar Sheriff"" -> /author/omar/
""Secondary keywords"" -> /blogs/how-to-do-saas-seo-keyword-research/
""cannibalization"" -> /blogs/how-to-fix-keyword-cannibalization/
""internal links"" -> /blogs/how-to-use-internal-linking/
""SERP"" -> /glossary/what-is-serp/"
/blogs/how-to-report-seo-to-the-board/,blog,"How to Report SEO to the Board (Pipeline, Not Traffic)",1,7,,"""report it to the board"" <- /blogs/how-to-prove-seo-roi/","""Sabari Rohith"" -> /author/rohith/
""comparison pages"" -> /blogs/how-to-write-saas-comparison-pages-for-seo/
""Backlink"" -> /glossary/what-is-a-backlink/
""CTR"" -> /glossary/what-is-ctr/
""domain authority"" -> /glossary/what-is-domain-authority/
""SEO"" -> /glossary/what-is-seo/
""cost per acquisition"" -> /tools/cpa-calculator/"
/blogs/how-to-run-google-ads-for-saas/,blog,Google Ads for SaaS Guide: Based on 10+ Years of Experience,8,17,,"""running Google Ads"" <- /blogs/how-do-i-run-linkedin-ads-for-saas-an-experts-take/
""Google Ads"" <- /blogs/how-to-run-linkedin-retargeting-ads/
""Google Ads"" <- /blogs/how-to-write-google-ads-copy-for-saas-in-2026/
""running Google Ads for SaaS"" <- /blogs/saas-ppc/
""running Google Ads for SaaS"" <- /blogs/the-8-common-saas-google-ads-mistakes-to-avoid-in-2026/
""Google Ads"" <- /blogs/the-no-nonsense-guide-to-auditing-your-saas-ppc-account/
""how to run Google Ads for SaaS"" <- /blogs/types-of-keywords-in-seo/
""Google Ads"" <- /checklists/saas-ppc-checklist/","""Praveen Ravi"" -> /author/praveen-ravi/
""SaaS LinkedIn Ads"" -> /blogs/how-do-i-run-linkedin-ads-for-saas-an-experts-take/
""TOFU keywords"" -> /blogs/how-to-rank-tofu-keywords-saas/
""SaaS PPC"" -> /blogs/saas-ppc/
""Auditing your SaaS PPC account"" -> /blogs/the-no-nonsense-guide-to-auditing-your-saas-ppc-account/
""reach out to us at PipeRocket."" -> /contact-us/
""landing pages"" -> /glossary/what-is-a-landing-page/
""conversion rate"" -> /glossary/what-is-conversion-rate/
""CPC"" -> /glossary/what-is-cost-per-click/
""Cost Per Acquisition"" -> /glossary/what-is-cpa/
""CTR"" -> /glossary/what-is-ctr/
""Google Ads"" -> /glossary/what-is-google-ads/
""ICP"" -> /glossary/what-is-icp/
""Keyword Research"" -> /glossary/what-is-keyword-research/
""PPC"" -> /glossary/what-is-ppc/
""ROAS"" -> /glossary/what-is-roas/
""PipeRocket Digital"" -> /saas-ppc/"
/blogs/how-to-run-linkedin-retargeting-ads/,blog,How to Run LinkedIn Retargeting Ads in 2026?,3,15,,"""LinkedIn Retargeting Ads"" <- /blogs/linkedin-account-based-marketing/
""LinkedIn retargeting"" <- /blogs/linkedin-ads-for-saas-guide/
""SaaS LinkedIn Retargeting Ads"" <- /blogs/saas-linkedin-ads-mistakes-to-avoid/","""Praveen Ravi"" -> /author/praveen-ravi/
""B2B marketing"" -> /blogs/b2b-marketing/
""LinkedIn ads"" -> /blogs/how-do-i-run-linkedin-ads-for-saas-an-experts-take/
""Google Ads"" -> /blogs/how-to-run-google-ads-for-saas/
""ad fatigue"" -> /blogs/saas-ad-fatigue/
""growth strategy"" -> /blogs/saas-growth-strategy/
""SaaS LinkedIn Ads mistakes"" -> /blogs/saas-linkedin-ads-mistakes-to-avoid/
""let’s connect"" -> /contact-us/
""landing pages"" -> /glossary/what-is-a-landing-page/
""Account-Based Marketing"" -> /glossary/what-is-abm/
""CPA"" -> /glossary/what-is-cpa/
""CPM"" -> /glossary/what-is-cpm/
""CTR"" -> /glossary/what-is-ctr/
""PPC"" -> /glossary/what-is-ppc/
""PipeRocket Digital"" -> /saas-ppc/"
/blogs/how-to-score-saas-keywords-by-icp-intent/,blog,How to Score SaaS Keywords by ICP Intent (Not Volume),6,10,,"""score keywords by ICP intent"" <- /blogs/how-to-choose-search-volume-vs-search-intent/
""How to score SaaS keywords by ICP intent"" <- /blogs/how-to-do-saas-seo-keyword-research/
""ICP intent scoring rubric"" <- /blogs/how-to-map-keywords-to-saas-buyer-journey/
""scoring SaaS keywords by ICP intent"" <- /blogs/how-to-prioritize-saas-keywords-by-funnel-stage/
""ICP-intent scoring filter"" <- /blogs/how-to-rank-mofu-keywords-saas/
""how to score SaaS keywords by ICP intent"" <- /glossary/what-is-search-volume/","""Kamaraj Mathiarasan (Kim)"" -> /author/kamaraj-mathiarasan/
""search volume versus search intent"" -> /blogs/how-to-choose-search-volume-vs-search-intent/
""SaaS keyword research process"" -> /blogs/how-to-do-saas-seo-keyword-research/
""map keywords to the buyer's journey"" -> /blogs/how-to-map-keywords-to-saas-buyer-journey/
""how to prioritize SaaS keywords by funnel stage"" -> /blogs/how-to-prioritize-saas-keywords-by-funnel-stage/
""BOFU set"" -> /blogs/how-to-rank-bofu-keywords-saas/
""types of keywords in SEO"" -> /blogs/types-of-keywords-in-seo/
""CPC"" -> /glossary/what-is-cost-per-click/
""ICP"" -> /glossary/what-is-icp/
""SEO"" -> /glossary/what-is-seo/"
/blogs/how-to-set-seo-kpis-cfo-trusts/,blog,How to Set SEO KPIs a CFO Trusts (B2B SaaS),1,6,,"""the KPIs a CFO trusts"" <- /blogs/how-to-prove-seo-roi/","""Omar Sheriff"" -> /author/omar/
""Organic CAC"" -> /blogs/how-to-measure-organic-cac/
""Backlink"" -> /glossary/what-is-a-backlink/
""domain authority"" -> /glossary/what-is-domain-authority/
""SEO"" -> /glossary/what-is-seo/
""Cost per click"" -> /tools/cpc-calculator/"
/blogs/how-to-set-up-multi-touch-attribution/,blog,How to Set Up Multi-Touch Attribution for SaaS SEO,12,2,,"""multi-touch attribution"" <- /blogs/b2b-marketing-operations-guide/
""multi-touch attribution"" <- /blogs/enterprise-saas-seo-guide/
""multi-touch attribution"" <- /blogs/enterprise-seo-challenges-and-fixes/
""Multi-touch attribution"" <- /blogs/saas-content-strategy/
""set up multi-touch attribution"" <- /blogs/why-is-my-seo-not-driving-pipeline/
""Multi-touch attribution"" <- /glossary/what-is-roas/
""multi-touch attribution"" <- /glossary/what-is-third-party-cookies/
""multi-touch attribution"" <- /list/best-abm-platforms/
""Multi-touch attribution"" <- /list/best-b2b-demand-generation-agencies/
""multi-touch attribution"" <- /list/best-b2b-google-ads-agencies/
""multi-touch attribution"" <- /list/best-edtech-marketing-agencies/
""multi-touch attribution"" <- /list/best-marketing-attribution-tools/","""Omar Sheriff"" -> /author/omar/
""top-of-funnel content"" -> /blogs/how-to-rank-tofu-keywords-saas/"
/blogs/how-to-tie-content-to-mqls/,blog,How to Tie Content to MQLs in B2B SaaS,1,6,,"""tie content to MQLs"" <- /blogs/why-is-my-seo-not-driving-pipeline/","""Ranjeeth Kumar"" -> /author/ranjeeth/
""internal links"" -> /blogs/how-to-use-internal-linking/
""comparison page"" -> /blogs/how-to-write-saas-comparison-pages-for-seo/
""CRO"" -> /glossary/what-is-cro/
""ICP"" -> /glossary/what-is-icp/
""SEO"" -> /glossary/what-is-seo/"
/blogs/how-to-use-customer-match-for-saas/,blog,How to Use Customer Match for SaaS (Google Ads),1,3,,"""Customer Match"" <- /blogs/abm-for-saas-paid-playbook/","""Vishnu Prasadh"" -> /author/vishnu-prasad/
""Google Ads"" -> /glossary/what-is-google-ads/
""ICP"" -> /glossary/what-is-icp/"
/blogs/how-to-use-internal-linking/,blog,How to Use Internal Linking to Boost SaaS Rankings,58,11,,"""internal linking"" <- /alternative/botify-alternatives/
""internal linking"" <- /blogs/aeo-vs-geo/
""Internal linking"" <- /blogs/ai-agents-for-seo/
""Internal linking"" <- /blogs/b2b-saas-seo/
""internal linking"" <- /blogs/enterprise-saas-seo-guide/
""internal linking"" <- /blogs/enterprise-seo-challenges-and-fixes/
""internal linking"" <- /blogs/enterprise-seo-guide/
""internal linking"" <- /blogs/enterprise-seo-strategy-and-framework/
""internal linking"" <- /blogs/geo-vs-seo/
""internal linking"" <- /blogs/google-ranking-factors-saas/
""internal links"" <- /blogs/how-to-build-saas-keyword-map-content-calendar/
""Internal linking"" <- /blogs/how-to-build-topic-clusters/
""internal links"" <- /blogs/how-to-calculate-blog-revenue-impact/
""internal links"" <- /blogs/how-to-cluster-keywords-for-saas/
""Internal linking"" <- /blogs/how-to-do-geo-for-saas/
""internal linking"" <- /blogs/how-to-do-saas-content-audit/
""internal links"" <- /blogs/how-to-fix-keyword-cannibalization/
""internal links"" <- /blogs/how-to-improve-organic-ctr/
""Internal linking"" <- /blogs/how-to-improve-topical-authority/
""internal links"" <- /blogs/how-to-prioritize-saas-keywords-by-funnel-stage/
""internal links"" <- /blogs/how-to-rank-bofu-keywords-saas/
""internal linking"" <- /blogs/how-to-rank-high-difficulty-keywords/
""internal links"" <- /blogs/how-to-rank-mofu-keywords-saas/
""Internal links"" <- /blogs/how-to-rank-new-saas-site/
""internal linking"" <- /blogs/how-to-rank-tofu-keywords-saas/
""internal links"" <- /blogs/how-to-refresh-content-rankings/
""internal links"" <- /blogs/how-to-tie-content-to-mqls/
""internal linking"" <- /blogs/how-to-write-seo-content-brief/
""internal linking"" <- /blogs/programmatic-seo-for-saas/
""internal links"" <- /blogs/saas-content-marketing-guide/
""internal linking"" <- /blogs/saas-link-building/
""internal linking"" <- /blogs/saas-seo-strategies-and-framework/
""internal linking"" <- /blogs/technical-seo-for-saas/
""guide to internal linking"" <- /checklists/internal-linking-checklist/
""internal linking"" <- /glossary/what-are-keyword-clusters/
""internal links"" <- /glossary/what-is-a-301-redirect/
""Internal links"" <- /glossary/what-is-a-backlink/
""internal links"" <- /glossary/what-is-a-canonical-tag/
""internal links"" <- /glossary/what-is-a-landing-page/
""internal linking"" <- /glossary/what-is-a-long-tail-keyword/
""internal linking"" <- /glossary/what-is-a-meta-description/
""internal linking"" <- /glossary/what-is-a-transactional-keyword/
""Internal linking"" <- /glossary/what-is-an-informational-keyword/
""internal linking"" <- /glossary/what-is-an-seo-audit/
""internal links"" <- /glossary/what-is-anchor-text/
""Internal linking"" <- /glossary/what-is-crawling/
""internal linking"" <- /glossary/what-is-domain-authority/
""Internal linking"" <- /glossary/what-is-evergreen-content/
""internal linking"" <- /glossary/what-is-inbound-marketing/
""internal linking"" <- /glossary/what-is-indexing/
""internal linking"" <- /glossary/what-is-off-page-seo/
""Internal linking"" <- /glossary/what-is-on-page-seo/
""internal linking"" <- /glossary/what-is-seo/
""internal linking"" <- /glossary/what-is-structured-data/
""Internal linking"" <- /glossary/what-is-topical-authority/
""internal linking"" <- /list/best-content-optimization-tools/
""internal linking"" <- /list/best-enterprise-seo-agencies/
""internal linking"" <- /list/best-saas-seo-agencies/","""Omar Sheriff"" -> /author/omar/
""content calendar"" -> /blogs/how-to-build-saas-keyword-map-content-calendar/
""topical authority"" -> /blogs/how-to-improve-topical-authority/
""BOFU pages"" -> /blogs/how-to-rank-bofu-keywords-saas/
""comparison page"" -> /blogs/how-to-write-saas-comparison-pages-for-seo/
""SaaS content strategy"" -> /blogs/saas-content-strategy/
""backlinks"" -> /glossary/what-is-a-backlink/
""anchor text"" -> /glossary/what-is-anchor-text/
""crawling"" -> /glossary/what-is-crawling/
""keyword research"" -> /glossary/what-is-keyword-research/
""SEO"" -> /glossary/what-is-seo/"
/blogs/how-to-write-google-ads-copy-for-saas-in-2026/,blog,How to Write Google Ads Copy for SaaS in 2026?,2,13,,"""Google ads copywriting"" <- /blogs/the-8-common-saas-google-ads-mistakes-to-avoid-in-2026/
""how to write Google Ads copy for SaaS"" <- /glossary/what-is-ab-testing/","""Praveen Ravi"" -> /author/praveen-ravi/
""Click-Through Rate"" -> /blogs/how-to-improve-organic-ctr/
""Bottom-of-Funnel"" -> /blogs/how-to-rank-bofu-keywords-saas/
""Google Ads"" -> /blogs/how-to-run-google-ads-for-saas/
""social proof"" -> /blogs/saas-social-proof/
""mistakes"" -> /blogs/the-8-common-saas-google-ads-mistakes-to-avoid-in-2026/
""audit SaaS PPC accounts"" -> /blogs/the-no-nonsense-guide-to-auditing-your-saas-ppc-account/
""let’s connect!"" -> /contact-us/
""Click-Through Rate"" -> /glossary/what-is-ctr/
""Google Ads"" -> /glossary/what-is-google-ads/
""Google ads"" -> /glossary/what-is-google-ads/
""PPC"" -> /glossary/what-is-ppc/
""PipeRocket Digital"" -> /saas-ppc/"
/blogs/how-to-write-saas-comparison-pages-for-seo/,blog,How to Write SaaS Comparison Pages for SEO?,60,16,,"""comparison pages"" <- /blogs/ai-seo-strategy-and-framework/
""comparison pages"" <- /blogs/b2b-lead-generation/
""comparison pages"" <- /blogs/b2b-ppc/
""comparison pages"" <- /blogs/b2b-saas-seo/
""comparison pages"" <- /blogs/enterprise-saas-seo-guide/
""comparison pages"" <- /blogs/enterprise-seo-challenges-and-fixes/
""comparison pages"" <- /blogs/enterprise-seo-strategy-and-framework/
""comparison page"" <- /blogs/fintech-seo-guide/
""comparison page"" <- /blogs/how-to-align-seo-with-sales/
""comparison pages"" <- /blogs/how-to-attribute-seo-to-pipeline/
""comparison page"" <- /blogs/how-to-build-saas-keyword-map-content-calendar/
""comparison page"" <- /blogs/how-to-build-topic-clusters/
""comparison page"" <- /blogs/how-to-calculate-blog-revenue-impact/
""comparison pages"" <- /blogs/how-to-choose-search-volume-vs-search-intent/
""comparison page"" <- /blogs/how-to-cluster-keywords-for-saas/
""comparison page"" <- /blogs/how-to-do-keyword-gap-analysis/
""comparison page"" <- /blogs/how-to-fix-keyword-cannibalization/
""comparison pages"" <- /blogs/how-to-forecast-pipeline-from-seo/
""comparison page"" <- /blogs/how-to-get-cited-in-ai-overviews/
""Comparison pages"" <- /blogs/how-to-improve-topical-authority/
""comparison pages"" <- /blogs/how-to-map-keywords-to-saas-buyer-journey/
""comparison pages"" <- /blogs/how-to-prioritize-saas-keywords-by-funnel-stage/
""comparison page"" <- /blogs/how-to-prove-seo-roi/
""Comparison pages"" <- /blogs/how-to-rank-bofu-keywords-saas/
""comparison page"" <- /blogs/how-to-rank-for-question-keywords/
""comparison page"" <- /blogs/how-to-rank-high-difficulty-keywords/
""Comparison pages"" <- /blogs/how-to-rank-mofu-keywords-saas/
""comparison pages"" <- /blogs/how-to-rank-new-saas-site/
""comparison pages"" <- /blogs/how-to-recover-from-google-core-update/
""comparison pages"" <- /blogs/how-to-report-seo-to-the-board/
""comparison page"" <- /blogs/how-to-tie-content-to-mqls/
""comparison page"" <- /blogs/how-to-use-internal-linking/
""comparison page"" <- /blogs/saas-cro-strategy/
""comparison pages"" <- /blogs/saas-international-seo-strategy/
""comparison pages"" <- /blogs/saas-link-building/
""comparison pages"" <- /blogs/saas-marketing/
""comparison page"" <- /blogs/saas-paid-marketing-guide/
""comparison pages"" <- /blogs/saas-product-marketing-strategy/
""comparison page"" <- /blogs/saas-seo-strategies-and-framework/
""Comparison pages"" <- /blogs/saas-seo/
""comparison pages"" <- /blogs/saas-social-proof/
""comparison pages"" <- /blogs/saas-thought-leadership-strategy/
""comparison pages"" <- /blogs/technical-seo-for-saas/
""comparison page"" <- /blogs/why-is-my-seo-not-driving-pipeline/
""comparison page"" <- /checklists/saas-seo-checklist/
""comparison pages"" <- /glossary/what-is-a-commercial-keyword/
""comparison pages"" <- /glossary/what-is-a-landing-page/
""comparison pages"" <- /glossary/what-is-aeo/
""comparison page"" <- /glossary/what-is-an-informational-keyword/
""comparison pages"" <- /glossary/what-is-content-marketing/
""comparison pages"" <- /glossary/what-is-evergreen-content/
""comparison pages"" <- /glossary/what-is-inbound-marketing/
""Comparison pages"" <- /glossary/what-is-keyword-research/
""comparison pages"" <- /glossary/what-is-lead-generation/
""comparison pages"" <- /glossary/what-is-search-intent/
""comparison pages"" <- /glossary/what-is-structured-data/
""comparison pages"" <- /list/best-ai-seo-agencies/
""comparison pages"" <- /list/best-saas-content-marketing-agencies/
""comparison pages"" <- /list/best-saas-marketing-agencies-2026/
""comparison pages"" <- /list/best-saas-seo-agencies/","""Kamaraj Mathiarasan (Kim)"" -> /author/kamaraj-mathiarasan/
""competitor analysis"" -> /blogs/how-to-do-saas-seo-competitor-analysis/
""keyword research"" -> /blogs/how-to-do-saas-seo-keyword-research/
""topical authority"" -> /blogs/how-to-improve-topical-authority/
""writing SaaS SEO content with AI"" -> /blogs/how-to-write-saas-seo-content-with-ai-that-actually-ranks/
""landing page"" -> /blogs/optimize-saas-landing-pages-for-seo/
""SaaS SEO"" -> /blogs/saas-seo/
""social proof"" -> /blogs/saas-social-proof/
""canonical tag"" -> /glossary/what-is-a-canonical-tag/
""meta description"" -> /glossary/what-is-a-meta-description/
""AI Overviews"" -> /glossary/what-is-an-ai-overview/
""ICP"" -> /glossary/what-is-icp/
""on-page SEO"" -> /glossary/what-is-on-page-seo/
""SEO"" -> /glossary/what-is-seo/
""SERP"" -> /glossary/what-is-serp/
""SaaS SEO agency"" -> /saas-seo-agency/"
/blogs/how-to-write-saas-seo-content-with-ai-that-actually-ranks/,blog,How to Write SaaS SEO Content with AI (That Actually Ranks),4,4,,"""using AI to write SEO content"" <- /blogs/how-to-rank-on-chatgpt-in-2026-strategies-and-tips/
""writing SaaS SEO content with AI"" <- /blogs/how-to-write-saas-comparison-pages-for-seo/
""SaaS SEO content with AI that actually ranks"" <- /list/best-ai-content-detector/
""write SaaS SEO content with AI that actually ranks"" <- /list/best-content-optimization-tools/","""Kamaraj Mathiarasan (Kim)"" -> /author/kamaraj-mathiarasan/
""Jasper vs Copy.ai"" -> /compare/jasper-vs-copy-ai/
""SEO"" -> /glossary/what-is-seo/
""SERP"" -> /glossary/what-is-serp/"
/blogs/how-to-write-seo-content-brief/,blog,How to Write an SEO Content Brief (That Writers Actually Use),8,6,,"""content brief"" <- /blogs/ai-agents-for-seo/
""content brief"" <- /blogs/enterprise-seo-challenges-and-fixes/
""content brief"" <- /blogs/how-to-rank-high-difficulty-keywords/
""content brief"" <- /list/best-content-optimization-tools/
""content brief"" <- /list/best-devtools-marketing-agencies/
""content brief"" <- /list/best-saas-link-building-agencies/
""content brief"" <- /list/best-saas-llmo-agencies/
""content brief"" <- /list/best-saas-seo-agencies/","""Vignesh Sampath"" -> /author/vignesh-sampath/
""internal linking"" -> /blogs/how-to-use-internal-linking/
""backlink"" -> /glossary/what-is-a-backlink/
""domain authority"" -> /glossary/what-is-domain-authority/
""SEO"" -> /glossary/what-is-seo/
""SERP"" -> /glossary/what-is-serp/"
/blogs/linkedin-account-based-marketing/,blog,LinkedIn Account-Based Marketing: How to Run Campaigns in 2026,3,10,,"""LinkedIn Account-Based Marketing guide"" <- /blogs/b2b-ppc-guide/
""LinkedIn account-based marketing"" <- /blogs/linkedin-ads-for-saas-guide/
""LinkedIn Account-Based Marketing"" <- /blogs/saas-marketing-challenges-and-fixes/","""Praveen Ravi"" -> /author/praveen-ravi/
""LinkedIn ads"" -> /blogs/how-do-i-run-linkedin-ads-for-saas-an-experts-take/
""LinkedIn Retargeting Ads"" -> /blogs/how-to-run-linkedin-retargeting-ads/
""**common LinkedIn Ads mistakes**"" -> /blogs/saas-linkedin-ads-mistakes-to-avoid/
""Product-Led Growth"" -> /blogs/saas-product-led-growth-strategy/
""ABM checklist"" -> /checklists/abm-checklist/
""let’s talk about fixing that."" -> /contact-us/
""Account-based Marketing"" -> /glossary/what-is-abm/
""ICP"" -> /glossary/what-is-icp/
""PipeRocket Digital"" -> /saas-ppc/"
/blogs/linkedin-ads-for-saas-guide/,blog,LinkedIn Ads for SaaS: The Complete Guide,5,14,,"""LinkedIn Ads for SaaS"" <- /blogs/how-do-i-run-linkedin-ads-for-saas-an-experts-take/
""LinkedIn Ads"" <- /blogs/saas-paid-media-strategy/
""LinkedIn Ads for SaaS"" <- /list/b2b-ppc-experts/
""LinkedIn advertising"" <- /list/best-b2b-advertising-agencies/
""LinkedIn advertising"" <- /list/best-paid-social-agencies/","""Praveen Ravi"" -> /author/praveen-ravi/
""LinkedIn retargeting"" -> /blogs/how-to-run-linkedin-retargeting-ads/
""LinkedIn account-based marketing"" -> /blogs/linkedin-account-based-marketing/
""buying committee for SaaS on LinkedIn"" -> /blogs/linkedin-buying-committee-saas/
""SaaS LinkedIn ad copy"" -> /blogs/saas-linkedin-ad-copy/
""reach out and let's plan your pipeline"" -> /contact-us/
""landing page"" -> /glossary/what-is-a-landing-page/
""ABM"" -> /glossary/what-is-abm/
""content marketing"" -> /glossary/what-is-content-marketing/
""ICP"" -> /glossary/what-is-icp/
""Lead generation"" -> /glossary/what-is-lead-generation/
""runway"" -> /glossary/what-is-runway/
""SaaS PPC program"" -> /saas-ppc/
""cost per click"" -> /tools/cpc-calculator/"
/blogs/linkedin-buying-committee-saas/,blog,LinkedIn Ads: How to Target the Buying Committee for SaaS,18,7,,"""buying committee"" <- /blogs/b2b-content-marketing-guide/
""buying committee"" <- /blogs/b2b-demand-generation-guide/
""buying committee"" <- /blogs/b2b-lead-generation/
""buying committee"" <- /blogs/b2b-ppc-guide/
""buying committee for SaaS on LinkedIn"" <- /blogs/linkedin-ads-for-saas-guide/
""buying committee"" <- /blogs/paid-search-vs-paid-social-for-saas/
""buying committee"" <- /blogs/saas-abm-strategy/
""buying committee"" <- /blogs/saas-customer-acquisition-strategy/
""buying committee"" <- /blogs/saas-marketing-challenges-and-fixes/
""buying committee"" <- /blogs/saas-marketing/
""buying committee"" <- /blogs/saas-positioning-strategy/
""buying committee"" <- /blogs/saas-seo/
""buying committee"" <- /glossary/what-is-abm/
""buying committee"" <- /list/best-abm-agencies/
""buying committee"" <- /list/best-b2b-demand-generation-agencies/
""buying committee"" <- /list/best-cybersecurity-marketing-agencies/
""buying committee"" <- /list/best-enterprise-seo-agencies/
""buying committee"" <- /list/best-saas-growth-marketing-agencies/","""Sabarish Chandrasekar"" -> /author/sabarish-chandrasekar/
""social proof"" -> /blogs/saas-social-proof/
""ABM"" -> /glossary/what-is-abm/
""CPC"" -> /glossary/what-is-cost-per-click/
""Google Ads"" -> /glossary/what-is-google-ads/
""ICP"" -> /glossary/what-is-icp/
""ROAS"" -> /glossary/what-is-roas/"
/blogs/llms-txt-for-saas/,blog,llms.txt for SaaS: What It Is and Whether You Actually Need One,4,6,,"""llms.txt file"" <- /blogs/how-to-rank-on-chatgpt-in-2026-strategies-and-tips/
""llms.txt file"" <- /blogs/saas-seo/
""LLMs.txt"" <- /list/best-ai-seo-agencies/
""llms.txt"" <- /research/ai-seo-statistics/","""Vignesh Sampath"" -> /author/vignesh-sampath/
""AEO"" -> /glossary/what-is-aeo/
""LLM"" -> /glossary/what-is-an-llm/
""crawling"" -> /glossary/what-is-crawling/
""GEO"" -> /glossary/what-is-geo/
""SEO"" -> /glossary/what-is-seo/"
/blogs/meta-ads-for-b2b-saas/,blog,Meta Ads for B2B SaaS: How to Run Them Without Wasting Budget,8,5,,"""Meta Ads"" <- /blogs/saas-paid-marketing-guide/
""Meta Ads for B2B SaaS"" <- /blogs/saas-paid-media-strategy/
""Meta Ads"" <- /glossary/what-is-meta-ads/
""Meta Ads"" <- /glossary/what-is-ppc/
""Meta ads"" <- /list/best-conversion-rate-optimization-agencies/
""Meta Ads"" <- /list/best-paid-social-agencies/
""Meta Ads"" <- /list/best-saas-ppc-agencies/
""Meta Ads"" <- /list/best-seo-reporting-tools/","""Vishnu Prasadh"" -> /author/vishnu-prasad/
""bottom-of-funnel"" -> /blogs/how-to-rank-bofu-keywords-saas/
""landing page"" -> /glossary/what-is-a-landing-page/
""ABM"" -> /glossary/what-is-abm/
""runway"" -> /glossary/what-is-runway/"
/blogs/microsoft-ads-for-saas/,blog,Microsoft (Bing) Ads for SaaS,13,2,,"""Microsoft Advertising"" <- /blogs/b2b-ppc/
""Microsoft Ads"" <- /blogs/saas-paid-marketing-guide/
""Microsoft Ads"" <- /blogs/saas-paid-media-strategy/
""Bing Ads"" <- /glossary/what-is-performance-marketing/
""Bing Ads"" <- /glossary/what-is-sem/
""Microsoft Advertising"" <- /list/b2b-ppc-experts/
""Microsoft Advertising"" <- /list/best-affordable-b2b-ppc-agencies/
""Microsoft Advertising"" <- /list/best-bing-ads-agencies/
""Microsoft Ads"" <- /list/best-ppc-audit-tools/
""Bing Ads"" <- /list/best-saas-ppc-agencies/
""Bing Ads"" <- /list/best-seo-reporting-tools/
""Microsoft Ads"" <- /list/top-b2b-ppc-agencies/
""Microsoft Ads"" <- /list/top-fintech-marketing-agencies/","""Vishnu Prasadh"" -> /author/vishnu-prasad/
""Google Ads"" -> /glossary/what-is-google-ads/"
/blogs/optimize-saas-landing-pages-for-seo/,blog,How to Optimize SaaS Landing Pages for SEO?,7,23,,"""landing page"" <- /blogs/how-to-write-saas-comparison-pages-for-seo/
""optimizing SaaS landing pages"" <- /blogs/saas-cro-strategy/
""how to optimize SaaS landing pages for SEO"" <- /glossary/what-is-a-landing-page/
""how to optimize SaaS landing pages"" <- /glossary/what-is-ab-testing/
""how to optimize SaaS landing pages for SEO"" <- /glossary/what-is-cro/
""SaaS landing page optimization"" <- /list/best-heatmap-session-recording-tools-for-saas/
""optimising SaaS landing pages for SEO"" <- /list/best-landing-page-builders-for-saas/","""Kamaraj Mathiarasan (Kim)"" -> /author/kamaraj-mathiarasan/
""compare your SaaS tool to a competitor"" -> /blogs/how-to-do-saas-seo-competitor-analysis/
""keyword research"" -> /blogs/how-to-do-saas-seo-keyword-research/
""CRO strategy"" -> /blogs/saas-cro-strategy/
""SaaS SEO"" -> /blogs/saas-seo/
""social proof"" -> /blogs/saas-social-proof/
""landing page checklist"" -> /checklists/landing-page-checklist/
""Hotjar vs FullStory"" -> /compare/hotjar-vs-fullstory/
""let’s have a real conversation"" -> /contact-us/
""canonical tags"" -> /glossary/what-is-a-canonical-tag/
""landing pages"" -> /glossary/what-is-a-landing-page/
""meta description"" -> /glossary/what-is-a-meta-description/
""Conversion Rate"" -> /glossary/what-is-conversion-rate/
""CRO"" -> /glossary/what-is-cro/
""click-through rate"" -> /glossary/what-is-ctr/
""GA4"" -> /glossary/what-is-ga4/
""keyword research"" -> /glossary/what-is-keyword-research/
""lead generation"" -> /glossary/what-is-lead-generation/
""Schema Markup"" -> /glossary/what-is-schema-markup/
""SEO"" -> /glossary/what-is-seo/
""Technical SEO"" -> /glossary/what-is-technical-seo/
""SaaS seo agencies"" -> /list/best-saas-seo-agencies/
""**PipeRocket Digital**"" -> /saas-seo-agency/"
/blogs/paid-search-vs-paid-social-for-saas/,blog,Paid Search vs Paid Social for B2B SaaS: How to Split the Budget,0,5,YES,,"""Praveen Ravi"" -> /author/praveen-ravi/
""bottom-of-funnel"" -> /blogs/how-to-rank-bofu-keywords-saas/
""buying committee"" -> /blogs/linkedin-buying-committee-saas/
""ARR"" -> /glossary/what-is-arr/
""ICP"" -> /glossary/what-is-icp/"
/blogs/programmatic-seo-for-saas/,blog,"Programmatic SEO for SaaS: The Qualification Test Before You Build 10,000 Pages",0,9,YES,,"""Kamaraj Mathiarasan (Kim)"" -> /author/kamaraj-mathiarasan/
""internal linking"" -> /blogs/how-to-use-internal-linking/
""contact page"" -> /contact-us/
""landing pages"" -> /glossary/what-is-a-landing-page/
""crawling"" -> /glossary/what-is-crawling/
""ICP"" -> /glossary/what-is-icp/
""SEO"" -> /glossary/what-is-seo/
""programmatic SEO agency"" -> /saas-seo-agency/programmatic-seo-agency/
""conversion rate"" -> /tools/conversion-rate-calculator/"
/blogs/saas-abm-strategy/,blog,SaaS ABM Strategy: The Cross-Channel Framework That Actually Moves Pipeline,1,8,,"""SaaS ABM strategy guide"" <- /blogs/saas-marketing/","""Praveen Ravi"" -> /author/praveen-ravi/
""PipeRocket's ABM paid playbook"" -> /blogs/abm-for-saas-paid-playbook/
""click-through rate"" -> /blogs/how-to-improve-organic-ctr/
""buying committee"" -> /blogs/linkedin-buying-committee-saas/
""landing page"" -> /glossary/what-is-a-landing-page/
""ABM"" -> /glossary/what-is-abm/
""ICP"" -> /glossary/what-is-icp/
""ABM platforms"" -> /list/best-abm-platforms/"
/blogs/saas-ad-fatigue/,blog,How to Beat Ad Fatigue in SaaS Paid Campaigns,5,8,,"""ad fatigue"" <- /blogs/how-to-run-linkedin-retargeting-ads/
""ad fatigue"" <- /blogs/saas-ppc/
""ad fatigue"" <- /glossary/what-is-content-marketing/
""ad fatigue"" <- /glossary/what-is-cpm/
""Ad fatigue"" <- /glossary/what-is-sem/","""Sabarish Chandrasekar"" -> /author/sabarish-chandrasekar/
""click-through rate"" -> /blogs/how-to-improve-organic-ctr/
""ABM"" -> /glossary/what-is-abm/
""CPC"" -> /glossary/what-is-cost-per-click/
""CTR"" -> /glossary/what-is-ctr/
""ICP"" -> /glossary/what-is-icp/
""Conversion rate"" -> /tools/conversion-rate-calculator/
""cost per click"" -> /tools/cpc-calculator/"
/blogs/saas-content-distribution-strategy/,blog,SaaS Content Distribution Strategy: Get Your Best Work Seen,6,4,,"""content distribution"" <- /blogs/b2b-demand-generation-guide/
""content distribution strategy"" <- /blogs/saas-content-strategy/
""content distribution"" <- /blogs/saas-link-building/
""content distribution"" <- /list/best-b2b-content-marketing-agencies/
""content distribution"" <- /list/best-legaltech-marketing-agencies/
""content distribution"" <- /list/best-saas-seo-agencies/","""Kamaraj Mathiarasan (Kim)"" -> /author/kamaraj-mathiarasan/
""backlink"" -> /glossary/what-is-a-backlink/
""canonical tag"" -> /glossary/what-is-a-canonical-tag/
""ICP"" -> /glossary/what-is-icp/"
/blogs/saas-content-marketing-guide/,blog,"SaaS Content Marketing: A Complete, No-Fluff Guide",3,18,,"""SaaS content marketing"" <- /blogs/saas-content-strategy/
""SaaS content marketing guide"" <- /blogs/saas-marketing/
""Content marketing"" <- /checklists/saas-seo-checklist/","""Kamaraj Mathiarasan (Kim)"" -> /author/kamaraj-mathiarasan/
""lead generation"" -> /blogs/b2b-lead-generation/
""content calendar"" -> /blogs/how-to-build-saas-keyword-map-content-calendar/
""Bottom-of-funnel"" -> /blogs/how-to-rank-bofu-keywords-saas/
""internal links"" -> /blogs/how-to-use-internal-linking/
""SaaS content strategy"" -> /blogs/saas-content-strategy/
""paid channels"" -> /blogs/saas-ppc/
""SEO"" -> /blogs/saas-seo/
""Book a strategy call"" -> /contact-us/
""meta descriptions"" -> /glossary/what-is-a-meta-description/
""AI Overviews"" -> /glossary/what-is-an-ai-overview/
""ARR"" -> /glossary/what-is-arr/
""Content Marketing"" -> /glossary/what-is-content-marketing/
""ICP"" -> /glossary/what-is-icp/
""alt text"" -> /glossary/what-is-image-alt-text/
""SEO"" -> /glossary/what-is-seo/
""upsell"" -> /glossary/what-is-upsell/
""top SaaS content marketing agencies"" -> /list/best-saas-content-marketing-agencies/"
/blogs/saas-content-strategy/,blog,SaaS Content Strategy: How to Decide What to Create and Why,8,13,,"""SaaS content strategy"" <- /blogs/how-to-use-internal-linking/
""SaaS content strategy"" <- /blogs/saas-content-marketing-guide/
""SaaS content strategy"" <- /list/best-aeo-agency/
""SaaS content strategy"" <- /list/best-b2b-content-marketing-agencies/
""SaaS content strategy"" <- /list/best-b2b-seo-agencies/
""SaaS content strategy"" <- /list/best-keyword-clustering-tools/
""SaaS content strategy"" <- /list/best-saas-growth-marketing-agencies/
""SaaS content strategy"" <- /list/best-saas-seo-agencies/","""Kamaraj Mathiarasan (Kim)"" -> /author/kamaraj-mathiarasan/
""building a SaaS keyword map and content calendar"" -> /blogs/how-to-build-saas-keyword-map-content-calendar/
""SaaS SEO Compounding Revenue Machine"" -> /blogs/how-to-build-topic-clusters/
""BOFU pages"" -> /blogs/how-to-rank-bofu-keywords-saas/
""Multi-touch attribution"" -> /blogs/how-to-set-up-multi-touch-attribution/
""content distribution strategy"" -> /blogs/saas-content-distribution-strategy/
""SaaS content marketing"" -> /blogs/saas-content-marketing-guide/
""thought leadership strategy"" -> /blogs/saas-thought-leadership-strategy/
""Get in touch"" -> /contact-us/
""AI Overview"" -> /glossary/what-is-an-ai-overview/
""SEO"" -> /glossary/what-is-seo/
""SERP"" -> /glossary/what-is-serp/
""SaaS SEO agency"" -> /saas-seo-agency/"
/blogs/saas-creative-testing/,blog,Creative Testing for B2B SaaS Paid Ads: A Practical System,9,5,,"""creative testing"" <- /blogs/the-no-nonsense-guide-to-auditing-your-saas-ppc-account/
""creative testing"" <- /glossary/what-is-programmatic-advertising/
""Creative Testing"" <- /list/best-affordable-b2b-ppc-agencies/
""creative testing"" <- /list/best-b2b-advertising-agencies/
""creative testing"" <- /list/best-geo-agencies/
""creative testing"" <- /list/best-paid-social-agencies/
""creative testing"" <- /list/best-ppc-audit-tools/
""creative testing"" <- /list/best-saas-marketing-agencies-2026/
""creative testing"" <- /list/best-saas-ppc-agencies/","""Immanual D M"" -> /author/immanual/
""click-through rate"" -> /blogs/how-to-improve-organic-ctr/
""landing pages"" -> /glossary/what-is-a-landing-page/
""CPC"" -> /glossary/what-is-cost-per-click/
""CTR"" -> /glossary/what-is-ctr/"
/blogs/saas-cro-strategy/,blog,SaaS CRO Strategy: A Pipeline-First Framework,2,11,,"""CRO strategy"" <- /blogs/optimize-saas-landing-pages-for-seo/
""SaaS CRO strategy guide"" <- /blogs/saas-marketing/","""Praveen Ravi"" -> /author/praveen-ravi/
""A/B test SaaS landing pages"" -> /blogs/ab-test-saas-landing-pages/
""comparison page"" -> /blogs/how-to-write-saas-comparison-pages-for-seo/
""optimizing SaaS landing pages"" -> /blogs/optimize-saas-landing-pages-for-seo/
""SaaS social proof"" -> /blogs/saas-social-proof/
""talk to us"" -> /contact-us/
""landing pages"" -> /glossary/what-is-a-landing-page/
""A/B testing"" -> /glossary/what-is-ab-testing/
""CRO"" -> /glossary/what-is-cro/
""SaaS PPC"" -> /saas-ppc/
""SaaS SEO"" -> /saas-seo-agency/"
/blogs/saas-customer-acquisition-strategy/,blog,SaaS Customer Acquisition Strategy: The 2026 Guide,14,15,,"""Customer Acquisition"" <- /blogs/how-to-do-saas-seo-competitor-analysis/
""guide to SaaS customer acquisition strategy"" <- /blogs/saas-go-to-market-strategy/
""customer acquisition strategy"" <- /blogs/saas-growth-strategy/
""customer acquisition"" <- /blogs/saas-marketing-metrics/
""customer acquisition"" <- /blogs/saas-marketing/
""Customer Acquisition"" <- /blogs/saas-ppc/
""customer acquisition"" <- /glossary/what-is-clv/
""customer acquisition"" <- /glossary/what-is-cost-per-click/
""customer acquisition"" <- /glossary/what-is-cpa/
""customer acquisition"" <- /glossary/what-is-ctr/
""customer acquisition"" <- /glossary/what-is-google-ads/
""customer acquisition"" <- /glossary/what-is-roas/
""customer acquisition"" <- /list/best-b2b-google-ads-agencies/
""customer acquisition"" <- /list/top-fintech-marketing-agencies/","""Praveen Ravi"" -> /author/praveen-ravi/
""click-through rate"" -> /blogs/how-to-improve-organic-ctr/
""buying committee"" -> /blogs/linkedin-buying-committee-saas/
""landing page"" -> /glossary/what-is-a-landing-page/
""ABM"" -> /glossary/what-is-abm/
""ARR"" -> /glossary/what-is-arr/
""CPA"" -> /glossary/what-is-cpa/
""ICP"" -> /glossary/what-is-icp/
""Lead generation"" -> /glossary/what-is-lead-generation/
""runway"" -> /glossary/what-is-runway/
""SEO"" -> /glossary/what-is-seo/
""conversion rate"" -> /tools/conversion-rate-calculator/
""cost per acquisition"" -> /tools/cpa-calculator/
""cost per click"" -> /tools/cpc-calculator/
""lifetime value"" -> /tools/ltv-calculator/"
/blogs/saas-demand-generation-strategy/,blog,SaaS Demand Generation Strategy: Building Awareness Before the Search Starts,1,5,,"""SaaS demand generation strategy guide"" <- /blogs/saas-marketing/","""Praveen Ravi"" -> /author/praveen-ravi/
""top-of-funnel content"" -> /blogs/how-to-rank-tofu-keywords-saas/
""SaaS marketing"" -> /blogs/saas-marketing/
""landing page"" -> /glossary/what-is-a-landing-page/
""lead generation"" -> /glossary/what-is-lead-generation/"
/blogs/saas-go-to-market-strategy/,blog,SaaS Go-to-Market Strategy: The Launch Playbook From ICP to Day 90,1,5,,"""SaaS go-to-market strategy guide"" <- /blogs/saas-marketing/","""Praveen Ravi"" -> /author/praveen-ravi/
""guide to SaaS customer acquisition strategy"" -> /blogs/saas-customer-acquisition-strategy/
""content marketing"" -> /glossary/what-is-content-marketing/
""ICP"" -> /glossary/what-is-icp/
""runway"" -> /glossary/what-is-runway/"
/blogs/saas-growth-strategy/,blog,SaaS Growth Strategy: The Complete Operating Model,5,9,,"""growth strategy"" <- /blogs/how-to-run-linkedin-retargeting-ads/
""SaaS growth strategy guide"" <- /blogs/saas-marketing/
""growth strategy"" <- /glossary/what-is-clv/
""growth strategy"" <- /list/best-b2b-google-ads-agencies/
""growth strategy"" <- /list/best-b2b-seo-agencies/","""Praveen Ravi"" -> /author/praveen-ravi/
""customer acquisition strategy"" -> /blogs/saas-customer-acquisition-strategy/
""product-led growth strategy"" -> /blogs/saas-product-led-growth-strategy/
""ARR"" -> /glossary/what-is-arr/
""Google Ads"" -> /glossary/what-is-google-ads/
""NRR"" -> /glossary/what-is-nrr/
""SEO"" -> /glossary/what-is-seo/
""CAC payback period"" -> /tools/cac-payback-period-calculator/
""net revenue retention"" -> /tools/nrr-calculator/"
/blogs/saas-international-seo-strategy/,blog,SaaS International SEO Strategy: A Practical Guide for 2026,3,8,,"""international SEO"" <- /list/best-saas-link-building-agencies/
""international SEO"" <- /list/best-saas-seo-agencies/
""international SEO"" <- /list/best-technical-seo-agencies/","""Kamaraj Mathiarasan (Kim)"" -> /author/kamaraj-mathiarasan/
""comparison pages"" -> /blogs/how-to-write-saas-comparison-pages-for-seo/
""backlinks"" -> /glossary/what-is-a-backlink/
""Landing pages"" -> /glossary/what-is-a-landing-page/
""ICP"" -> /glossary/what-is-icp/
""keyword research"" -> /glossary/what-is-keyword-research/
""SEO"" -> /glossary/what-is-seo/
""SERP"" -> /glossary/what-is-serp/"
/blogs/saas-lead-generation-strategy/,blog,SaaS Lead Generation Strategy,1,5,,"""SaaS lead generation strategy guide"" <- /blogs/saas-marketing/","""Praveen Ravi"" -> /author/praveen-ravi/
""landing page"" -> /glossary/what-is-a-landing-page/
""lead generation"" -> /glossary/what-is-lead-generation/
""SEO"" -> /glossary/what-is-seo/
""conversion rate"" -> /tools/conversion-rate-calculator/"
/blogs/saas-link-building/,blog,SaaS Link Building: The Definitive Guide,13,22,,"""SaaS link building guide"" <- /blogs/enterprise-saas-seo-guide/
""SaaS link building strategy"" <- /blogs/enterprise-seo-challenges-and-fixes/
""SaaS link building"" <- /blogs/enterprise-seo-strategy-and-framework/
""link building"" <- /blogs/google-ranking-factors-saas/
""SaaS Link Building Definitive Guide"" <- /blogs/saas-seo-strategies-and-framework/
""SaaS link building"" <- /checklists/off-page-seo-checklist/
""SaaS link building"" <- /checklists/seo-checklist/
""SaaS link building"" <- /list/best-b2b-content-marketing-agencies/
""link building"" <- /list/best-b2b-seo-agencies/
""link building"" <- /list/best-backlink-analysis-tools/
""SaaS link building"" <- /list/best-digital-pr-tools/
""SaaS link building"" <- /list/best-link-building-tools/
""SaaS link building"" <- /list/best-saas-link-building-agencies/","""Kamaraj Mathiarasan (Kim)"" -> /author/kamaraj-mathiarasan/
""competitors"" -> /blogs/how-to-do-saas-seo-competitor-analysis/
""internal linking"" -> /blogs/how-to-use-internal-linking/
""comparison pages"" -> /blogs/how-to-write-saas-comparison-pages-for-seo/
""content distribution"" -> /blogs/saas-content-distribution-strategy/
""SaaS SEO 8-step framework"" -> /blogs/saas-seo-strategies-and-framework/
""SaaS SEO"" -> /blogs/saas-seo/
""LeadSquared"" -> /case-study/leadsquared/
""backlinks"" -> /glossary/what-is-a-backlink/
""backlink"" -> /glossary/what-is-a-backlink/
""anchor text"" -> /glossary/what-is-anchor-text/
""domain authority"" -> /glossary/what-is-domain-authority/
""Google Search Console"" -> /glossary/what-is-google-search-console/
""ICP"" -> /glossary/what-is-icp/
""runway"" -> /glossary/what-is-runway/
""SEO"" -> /glossary/what-is-seo/
""backlink analysis tools"" -> /list/best-backlink-analysis-tools/
""digital PR tools"" -> /list/best-digital-pr-tools/
""link building tools"" -> /list/best-link-building-tools/
""best SaaS link-building agencies"" -> /list/best-saas-link-building-agencies/
""SaaS SEO agency guide"" -> /list/best-saas-seo-agencies/
""SaaS SEO service"" -> /saas-seo-agency/"
/blogs/saas-linkedin-ad-copy/,blog,How to Write LinkedIn Ad Copy That SaaS Buyers Click,1,5,,"""SaaS LinkedIn ad copy"" <- /blogs/linkedin-ads-for-saas-guide/","""Immanual D M"" -> /author/immanual/
""landing page"" -> /glossary/what-is-a-landing-page/
""ABM"" -> /glossary/what-is-abm/
""CTR"" -> /glossary/what-is-ctr/
""ICP"" -> /glossary/what-is-icp/"
/blogs/saas-linkedin-ads-mistakes-to-avoid/,blog,The 11 Common SaaS LinkedIn Ads Mistakes to Avoid in 2026,5,12,,"""LinkedIn Ads mistakes"" <- /blogs/how-do-i-run-linkedin-ads-for-saas-an-experts-take/
""SaaS LinkedIn Ads mistakes"" <- /blogs/how-to-run-linkedin-retargeting-ads/
""**common LinkedIn Ads mistakes**"" <- /blogs/linkedin-account-based-marketing/
""common SaaS LinkedIn Ads mistakes"" <- /blogs/the-no-nonsense-guide-to-auditing-your-saas-ppc-account/
""common SaaS LinkedIn Ads mistakes"" <- /checklists/saas-ppc-checklist/","""Praveen Ravi"" -> /author/praveen-ravi/
""SaaS LinkedIn Ads"" -> /blogs/how-do-i-run-linkedin-ads-for-saas-an-experts-take/
""SaaS LinkedIn Retargeting Ads"" -> /blogs/how-to-run-linkedin-retargeting-ads/
""SaaS-PPC"" -> /blogs/saas-ppc/
""let’s talk"" -> /contact-us/
""landing pages"" -> /glossary/what-is-a-landing-page/
""Account-Based Marketing"" -> /glossary/what-is-abm/
""Content Marketing"" -> /glossary/what-is-content-marketing/
""CPC"" -> /glossary/what-is-cost-per-click/
""ICP"" -> /glossary/what-is-icp/
""SEO"" -> /glossary/what-is-seo/
""PipeRocket Digital"" -> /saas-ppc/"
/blogs/saas-marketing-challenges-and-fixes/,blog,Top SaaS Marketing Challenges & How to Solve Them,4,14,,"""SaaS marketing challenges"" <- /blogs/b2b-marketing-operations-guide/
""SaaS marketing challenges guide"" <- /blogs/enterprise-seo-challenges-and-fixes/
""SaaS marketing challenges"" <- /blogs/enterprise-seo-strategy-and-framework/
""Top SaaS Marketing Challenges guide"" <- /blogs/saas-marketing/","""Kamaraj Mathiarasan (Kim)"" -> /author/kamaraj-mathiarasan/
""LinkedIn Account-Based Marketing"" -> /blogs/linkedin-account-based-marketing/
""buying committee"" -> /blogs/linkedin-buying-committee-saas/
""saas marketing"" -> /blogs/saas-marketing/
""thought leadership"" -> /blogs/saas-thought-leadership-strategy/
""cost per acquisition"" -> /glossary/what-is-cpa/
""ICP"" -> /glossary/what-is-icp/
""SEO"" -> /glossary/what-is-seo/
""thought leadership"" -> /glossary/what-is-thought-leadership/
""the best SaaS marketing agencies for 2026"" -> /list/best-saas-marketing-agencies-2026/
""Marketing Operations"" -> /marketing-ops/
""SaaS PPC service"" -> /saas-ppc/
""SaaS SEO"" -> /saas-seo-agency/
""churn rate"" -> /tools/churn-rate-calculator/"
/blogs/saas-marketing-metrics/,blog,SaaS Marketing Metrics That Actually Matter,2,6,,"""SaaS marketing metrics guide"" <- /blogs/saas-marketing/
""marketing metrics"" <- /glossary/what-is-lead-generation/","""Omar Sheriff"" -> /author/omar/
""customer acquisition"" -> /blogs/saas-customer-acquisition-strategy/
""ARR"" -> /glossary/what-is-arr/
""NRR"" -> /glossary/what-is-nrr/
""CAC payback period"" -> /tools/cac-payback-period-calculator/
""net revenue retention"" -> /tools/nrr-calculator/"
/blogs/saas-marketing/,blog,SaaS Marketing: The Complete Guide,22,28,,"""SaaS marketing"" <- /blogs/b2b-marketing-operations-guide/
""SaaS marketing"" <- /blogs/enterprise-saas-seo-guide/
""SaaS marketing"" <- /blogs/saas-demand-generation-strategy/
""saas marketing"" <- /blogs/saas-marketing-challenges-and-fixes/
""SaaS marketing"" <- /blogs/saas-paid-marketing-guide/
""SaaS marketing"" <- /blogs/saas-paid-media-strategy/
""SaaS marketing"" <- /blogs/technical-seo-for-saas/
""SaaS marketing"" <- /glossary/what-is-cpa/
""SaaS marketing"" <- /glossary/what-is-crawling/
""SaaS marketing"" <- /glossary/what-is-geo/
""SaaS marketing"" <- /glossary/what-is-go-to-market-strategy/
""SaaS marketing"" <- /glossary/what-is-meta-ads/
""SaaS marketing"" <- /list/best-abm-platforms/
""SaaS marketing"" <- /list/best-ai-visibility-tools/
""SaaS marketing"" <- /list/best-cro-tools-saas/
""SaaS marketing"" <- /list/best-landing-page-builders-for-saas/
""SaaS marketing"" <- /list/best-legaltech-marketing-agencies/
""SaaS marketing"" <- /list/best-rank-tracking-tools-for-saas/
""SaaS marketing"" <- /list/best-saas-marketing-agencies-2026/
""SaaS marketing"" <- /list/best-saas-seo-agencies/
""SaaS marketing"" <- /list/best-seo-reporting-tools/
""SaaS marketing"" <- /list/saas-seo-experts/","""Kamaraj Mathiarasan (Kim)"" -> /author/kamaraj-mathiarasan/
""AI agents for SEO"" -> /blogs/ai-agents-for-seo/
""AI SEO strategy and framework"" -> /blogs/ai-seo-strategy-and-framework/
""bottom-of-funnel"" -> /blogs/how-to-rank-bofu-keywords-saas/
""comparison pages"" -> /blogs/how-to-write-saas-comparison-pages-for-seo/
""buying committee"" -> /blogs/linkedin-buying-committee-saas/
""SaaS ABM strategy guide"" -> /blogs/saas-abm-strategy/
""SaaS content marketing guide"" -> /blogs/saas-content-marketing-guide/
""SaaS CRO strategy guide"" -> /blogs/saas-cro-strategy/
""customer acquisition"" -> /blogs/saas-customer-acquisition-strategy/
""SaaS demand generation strategy guide"" -> /blogs/saas-demand-generation-strategy/
""SaaS go-to-market strategy guide"" -> /blogs/saas-go-to-market-strategy/
""SaaS growth strategy guide"" -> /blogs/saas-growth-strategy/
""SaaS lead generation strategy guide"" -> /blogs/saas-lead-generation-strategy/
""Top SaaS Marketing Challenges guide"" -> /blogs/saas-marketing-challenges-and-fixes/
""SaaS marketing metrics guide"" -> /blogs/saas-marketing-metrics/
""SaaS paid marketing guide"" -> /blogs/saas-paid-marketing-guide/
""product marketing"" -> /blogs/saas-product-marketing-strategy/
""SaaS SEO guide"" -> /blogs/saas-seo/
""ABM"" -> /glossary/what-is-abm/
""content marketing"" -> /glossary/what-is-content-marketing/
""CRO"" -> /glossary/what-is-cro/
""ICP"" -> /glossary/what-is-icp/
""SEO"" -> /glossary/what-is-seo/
""technical SEO"" -> /glossary/what-is-technical-seo/
""conversion rate"" -> /tools/conversion-rate-calculator/
""lifetime value"" -> /tools/ltv-calculator/
""net revenue retention"" -> /tools/nrr-calculator/"
/blogs/saas-messaging-strategy/,blog,SaaS Messaging Strategy: A Framework That Converts,1,8,,"""messaging strategy"" <- /blogs/saas-product-marketing-strategy/","""Kamaraj Mathiarasan (Kim)"" -> /author/kamaraj-mathiarasan/
""SaaS positioning strategy"" -> /blogs/saas-positioning-strategy/
""reach out to us here"" -> /contact-us/
""backlink"" -> /glossary/what-is-a-backlink/
""landing pages"" -> /glossary/what-is-a-landing-page/
""ICP"" -> /glossary/what-is-icp/
""SEO"" -> /glossary/what-is-seo/
""best B2B marketing agencies"" -> /list/best-b2b-marketing-agencies/"
/blogs/saas-paid-marketing-guide/,blog,SaaS Paid Marketing: The Complete Guide,6,14,,"""SaaS paid marketing guide"" <- /blogs/saas-marketing/
""Google Ads for SaaS"" <- /blogs/saas-paid-media-strategy/
""Paid media strategy"" <- /list/b2b-ppc-experts/
""SaaS paid marketing"" <- /list/best-landing-page-builders-for-saas/
""paid media strategy"" <- /list/best-martech-marketing-agencies/
""paid media strategy"" <- /list/best-saas-growth-marketing-agencies/","""Praveen Ravi"" -> /author/praveen-ravi/
""ChatGPT ads"" -> /blogs/chatgpt-ads-for-saas/
""Bottom-of-funnel"" -> /blogs/how-to-rank-bofu-keywords-saas/
""comparison page"" -> /blogs/how-to-write-saas-comparison-pages-for-seo/
""Meta Ads"" -> /blogs/meta-ads-for-b2b-saas/
""Microsoft Ads"" -> /blogs/microsoft-ads-for-saas/
""SaaS marketing"" -> /blogs/saas-marketing/
""Reddit Ads"" -> /blogs/saas-reddit-ads/
""reach out to us here"" -> /contact-us/
""ABM"" -> /glossary/what-is-abm/
""CPC"" -> /glossary/what-is-cost-per-click/
""CTR"" -> /glossary/what-is-ctr/
""ICP"" -> /glossary/what-is-icp/
""SaaS PPC service"" -> /saas-ppc/"
/blogs/saas-paid-media-strategy/,blog,SaaS Paid Media Strategy,2,14,,"""Paid media strategy"" <- /list/b2b-ppc-experts/
""paid media strategy"" <- /list/best-saas-growth-marketing-agencies/","""Praveen Ravi"" -> /author/praveen-ravi/
""ABM-style paid"" -> /blogs/abm-for-saas-paid-playbook/
""ChatGPT Ads"" -> /blogs/chatgpt-ads-for-saas/
""LinkedIn Ads"" -> /blogs/linkedin-ads-for-saas-guide/
""Meta Ads for B2B SaaS"" -> /blogs/meta-ads-for-b2b-saas/
""Microsoft Ads"" -> /blogs/microsoft-ads-for-saas/
""SaaS marketing"" -> /blogs/saas-marketing/
""Google Ads for SaaS"" -> /blogs/saas-paid-marketing-guide/
""Reddit Ads"" -> /blogs/saas-reddit-ads/
""ABM"" -> /glossary/what-is-abm/
""LLM"" -> /glossary/what-is-an-llm/
""CPC"" -> /glossary/what-is-cost-per-click/
""runway"" -> /glossary/what-is-runway/
""conversion rate"" -> /tools/conversion-rate-calculator/"
/blogs/saas-positioning-strategy/,blog,SaaS Positioning Strategy: How to Decide Where You Win,5,7,,"""SaaS positioning strategy"" <- /blogs/saas-messaging-strategy/
""SaaS positioning"" <- /blogs/saas-product-marketing-strategy/
""SaaS positioning"" <- /list/best-b2b-marketing-agencies/
""SaaS positioning"" <- /list/best-saas-link-building-agencies/
""SaaS positioning"" <- /list/saas-seo-experts/","""Kamaraj Mathiarasan (Kim)"" -> /author/kamaraj-mathiarasan/
""buying committee"" -> /blogs/linkedin-buying-committee-saas/
""reach out to us here"" -> /contact-us/
""backlinks"" -> /glossary/what-is-a-backlink/
""ICP"" -> /glossary/what-is-icp/
""best B2B marketing agencies"" -> /list/best-b2b-marketing-agencies/
""SEO"" -> /saas-seo-agency/"
/blogs/saas-ppc/,blog,SaaS PPC: A Complete Guide for 2026,12,17,,"""SaaS PPC"" <- /blogs/b2b-ppc/
""SaaS PPC strategy"" <- /blogs/how-do-i-run-linkedin-ads-for-saas-an-experts-take/
""SaaS PPC"" <- /blogs/how-to-run-google-ads-for-saas/
""paid channels"" <- /blogs/saas-content-marketing-guide/
""SaaS-PPC"" <- /blogs/saas-linkedin-ads-mistakes-to-avoid/
""SaaS PPC"" <- /blogs/the-no-nonsense-guide-to-auditing-your-saas-ppc-account/
""SaaS PPC"" <- /checklists/saas-ppc-checklist/
""SaaS PPC"" <- /glossary/what-is-brand-positioning/
""SaaS PPC"" <- /glossary/what-is-on-page-seo/
""SaaS PPC"" <- /glossary/what-is-ppc/
""paid search campaign structure"" <- /list/best-landing-page-builders-for-saas/
""SaaS PPC"" <- /list/best-saas-ppc-agencies/","""Praveen Ravi"" -> /author/praveen-ravi/
""running Google Ads for SaaS"" -> /blogs/how-to-run-google-ads-for-saas/
""ad fatigue"" -> /blogs/saas-ad-fatigue/
""Customer Acquisition"" -> /blogs/saas-customer-acquisition-strategy/
""SEO"" -> /blogs/saas-seo/
""common SaaS Google Ads mistakes"" -> /blogs/the-8-common-saas-google-ads-mistakes-to-avoid-in-2026/
""SaaS PPC audit framework"" -> /blogs/the-no-nonsense-guide-to-auditing-your-saas-ppc-account/
""checklist"" -> /checklists/saas-ppc-checklist/
""landing pages"" -> /glossary/what-is-a-landing-page/
""CPC"" -> /glossary/what-is-cost-per-click/
""CPA"" -> /glossary/what-is-cpa/
""CTR"" -> /glossary/what-is-ctr/
""performance marketing"" -> /glossary/what-is-performance-marketing/
""PPC"" -> /glossary/what-is-ppc/
""SEO"" -> /glossary/what-is-seo/
""best SaaS PPC agencies"" -> /list/best-saas-ppc-agencies/
""Lifetime Value"" -> /tools/ltv-calculator/"
/blogs/saas-product-led-growth-strategy/,blog,SaaS Product-Led Growth (PLG) Strategy,8,6,,"""Product-Led Growth"" <- /blogs/linkedin-account-based-marketing/
""product-led growth strategy"" <- /blogs/saas-growth-strategy/
""product-led growth"" <- /blogs/saas-seo-strategies-and-framework/
""product-led growth"" <- /glossary/what-is-an-informational-keyword/
""product-led growth"" <- /glossary/what-is-go-to-market-strategy/
""product-led growth"" <- /glossary/what-is-thought-leadership/
""product-led growth"" <- /list/best-marketing-attribution-tools/
""product-led growth"" <- /list/best-saas-seo-agencies/","""Praveen Ravi"" -> /author/praveen-ravi/
""landing page"" -> /glossary/what-is-a-landing-page/
""ICP"" -> /glossary/what-is-icp/
""NRR"" -> /glossary/what-is-nrr/
""conversion rate"" -> /tools/conversion-rate-calculator/
""net revenue retention"" -> /tools/nrr-calculator/"
/blogs/saas-product-marketing-strategy/,blog,SaaS Product Marketing Strategy: A Practitioner Guide,5,6,,"""Product Marketing"" <- /blogs/how-to-do-saas-seo-keyword-research/
""product marketing"" <- /blogs/how-to-measure-organic-cac/
""product marketing"" <- /blogs/saas-marketing/
""product marketing"" <- /glossary/what-is-structured-data/
""product marketing"" <- /list/best-legaltech-marketing-agencies/","""Kamaraj Mathiarasan (Kim)"" -> /author/kamaraj-mathiarasan/
""comparison pages"" -> /blogs/how-to-write-saas-comparison-pages-for-seo/
""messaging strategy"" -> /blogs/saas-messaging-strategy/
""SaaS positioning"" -> /blogs/saas-positioning-strategy/
""landing page"" -> /glossary/what-is-a-landing-page/
""ICP"" -> /glossary/what-is-icp/"
/blogs/saas-quality-score/,blog,Google Ads Quality Score for SaaS: What Actually Moves It,10,11,,"""quality score"" <- /blogs/b2b-ppc-guide/
""quality score"" <- /blogs/chatgpt-ads-for-saas/
""Quality Score"" <- /blogs/the-8-common-saas-google-ads-mistakes-to-avoid-in-2026/
""Quality Score"" <- /glossary/what-is-a-landing-page/
""Quality Score"" <- /glossary/what-is-cost-per-click/
""Quality Score"" <- /glossary/what-is-google-ads/
""Quality Score"" <- /glossary/what-is-ppc/
""quality score"" <- /glossary/what-is-sem/
""Quality Score"" <- /list/best-landing-page-builders-for-saas/
""Quality Score"" <- /list/best-ppc-audit-tools/","""Sabarish Chandrasekar"" -> /author/sabarish-chandrasekar/
""click-through rate"" -> /blogs/how-to-improve-organic-ctr/
""social proof"" -> /blogs/saas-social-proof/
""landing pages"" -> /glossary/what-is-a-landing-page/
""CPC"" -> /glossary/what-is-cost-per-click/
""crawling"" -> /glossary/what-is-crawling/
""CTR"" -> /glossary/what-is-ctr/
""Google Ads"" -> /glossary/what-is-google-ads/
""ICP"" -> /glossary/what-is-icp/
""conversion rate"" -> /tools/conversion-rate-calculator/
""cost per click"" -> /tools/cpc-calculator/"
/blogs/saas-reddit-ads/,blog,SaaS Reddit Ads: A Playbook for B2B,3,3,,"""Reddit Ads"" <- /blogs/saas-paid-marketing-guide/
""Reddit Ads"" <- /blogs/saas-paid-media-strategy/
""Reddit Ads"" <- /list/best-reddit-ads-agencies/","""Vishnu Prasadh"" -> /author/vishnu-prasad/
""bottom-of-funnel"" -> /blogs/how-to-rank-bofu-keywords-saas/
""ICP"" -> /glossary/what-is-icp/"
/blogs/saas-seo-strategies-and-framework/,blog,SaaS SEO Strategies: Complete 8-step Framework for 2026,7,30,,"""SaaS SEO 8-step framework"" <- /blogs/b2b-saas-seo/
""SaaS SEO strategies guide"" <- /blogs/enterprise-saas-seo-guide/
""SaaS SEO strategies guide"" <- /blogs/enterprise-seo-challenges-and-fixes/
""SaaS SEO 8-step framework"" <- /blogs/how-to-do-saas-content-audit/
""SaaS SEO 8-step framework"" <- /blogs/how-to-do-saas-seo-keyword-research/
""SaaS SEO 8-step framework"" <- /blogs/saas-link-building/
""complete 8-step SaaS SEO strategy framework"" <- /blogs/saas-seo/","""Kamaraj Mathiarasan (Kim)"" -> /author/kamaraj-mathiarasan/
""Enterprise SaaS SEO: The Four-Pillar Framework"" -> /blogs/enterprise-saas-seo-guide/
""Enterprise SEO Challenges: What Blocks Execution at Scale"" -> /blogs/enterprise-seo-challenges-and-fixes/
""Enterprise SEO Strategy: How to Build a Program That Scales"" -> /blogs/enterprise-seo-strategy-and-framework/
""topical authority"" -> /blogs/how-to-improve-topical-authority/
""organic CAC"" -> /blogs/how-to-measure-organic-cac/
""bottom-of-funnel"" -> /blogs/how-to-rank-bofu-keywords-saas/
""TOFU keywords"" -> /blogs/how-to-rank-tofu-keywords-saas/
""internal linking"" -> /blogs/how-to-use-internal-linking/
""comparison page"" -> /blogs/how-to-write-saas-comparison-pages-for-seo/
""SaaS Link Building Definitive Guide"" -> /blogs/saas-link-building/
""product-led growth"" -> /blogs/saas-product-led-growth-strategy/
""backlinks"" -> /glossary/what-is-a-backlink/
""Canonical tags"" -> /glossary/what-is-a-canonical-tag/
""landing pages"" -> /glossary/what-is-a-landing-page/
""AI Overviews"" -> /glossary/what-is-an-ai-overview/
""ARR"" -> /glossary/what-is-arr/
""CLS"" -> /glossary/what-is-cls/
""conversion rate"" -> /glossary/what-is-conversion-rate/
""domain authority"" -> /glossary/what-is-domain-authority/
""Google Search Console"" -> /glossary/what-is-google-search-console/
""ICP"" -> /glossary/what-is-icp/
""Keyword research"" -> /glossary/what-is-keyword-research/
""schema markup"" -> /glossary/what-is-schema-markup/
""SEO"" -> /glossary/what-is-seo/
""technical SEO"" -> /glossary/what-is-technical-seo/
""SaaS SEO agencies"" -> /list/best-saas-seo-agencies/
""Pipeline attribution and reporting:"" -> /marketing-ops/
""SEO strategy and roadmap:"" -> /saas-seo-agency/
""conversion rate"" -> /tools/conversion-rate-calculator/"
/blogs/saas-seo/,blog,SaaS SEO: The Complete Guide for B2B SaaS in 2026,24,24,,"""SEO"" <- /blogs/b2b-content-marketing-guide/
""SEO"" <- /blogs/b2b-inbound-marketing-guide/
""SaaS SEO"" <- /blogs/b2b-saas-seo/
""SaaS SEO"" <- /blogs/geo-vs-seo/
""SaaS SEO"" <- /blogs/how-to-do-saas-content-audit/
""SaaS SEO strategy"" <- /blogs/how-to-do-saas-seo-competitor-analysis/
""SaaS SEO"" <- /blogs/how-to-do-saas-seo-keyword-research/
""SaaS SEO"" <- /blogs/how-to-rank-on-chatgpt-in-2026-strategies-and-tips/
""SaaS SEO"" <- /blogs/how-to-write-saas-comparison-pages-for-seo/
""SaaS SEO"" <- /blogs/optimize-saas-landing-pages-for-seo/
""SEO"" <- /blogs/saas-content-marketing-guide/
""SaaS SEO"" <- /blogs/saas-link-building/
""SaaS SEO guide"" <- /blogs/saas-marketing/
""SEO"" <- /blogs/saas-ppc/
""SaaS SEO"" <- /checklists/saas-seo-checklist/
""SaaS SEO"" <- /list/best-ai-seo-tools/
""SaaS SEO"" <- /list/best-ai-visibility-tools/
""SaaS SEO"" <- /list/best-b2b-content-marketing-agencies/
""SaaS SEO"" <- /list/best-b2b-google-ads-agencies/
""SaaS SEO"" <- /list/best-heatmap-session-recording-tools-for-saas/
""SaaS SEO"" <- /list/best-rank-tracking-tools-for-saas/
""SaaS SEO"" <- /list/best-schema-markup-tools-for-saas/
""SaaS SEO partner"" <- /list/best-schema-markup-tools-for-saas/
""SaaS SEO"" <- /list/best-serp-testing-tools-for-saas/","""Kamaraj Mathiarasan (Kim)"" -> /author/kamaraj-mathiarasan/
""topical authority"" -> /blogs/how-to-improve-topical-authority/
""organic CAC"" -> /blogs/how-to-measure-organic-cac/
""bottom-of-funnel"" -> /blogs/how-to-rank-bofu-keywords-saas/
""Comparison pages"" -> /blogs/how-to-write-saas-comparison-pages-for-seo/
""buying committee"" -> /blogs/linkedin-buying-committee-saas/
""llms.txt file"" -> /blogs/llms-txt-for-saas/
""complete 8-step SaaS SEO strategy framework"" -> /blogs/saas-seo-strategies-and-framework/
""CyberSierra went from 6 to 338 keywords in top-10 positions"" -> /case-study/cybersierra/
""Spendflo credits us"" -> /case-study/spendflo/
""MarketMuse vs Clearscope"" -> /compare/marketmuse-vs-clearscope/
""talk to us"" -> /contact-us/
""AEO"" -> /glossary/what-is-aeo/
""AI Overviews"" -> /glossary/what-is-an-ai-overview/
""Domain authority"" -> /glossary/what-is-domain-authority/
""GEO"" -> /glossary/what-is-geo/
""ICP"" -> /glossary/what-is-icp/
""retrieval-augmented generation"" -> /glossary/what-is-rag/
""SEO"" -> /glossary/what-is-seo/
""SERP"" -> /glossary/what-is-serp/
""best SaaS SEO agencies"" -> /list/best-saas-seo-agencies/
""State of SEO in the AI World 2026 report"" -> /research/ai-seo-statistics/
""SaaS SEO agency"" -> /saas-seo-agency/
""SaaS SEO consultant"" -> /saas-seo-agency/seo-consultant/"
/blogs/saas-social-proof/,blog,How to Use Social Proof to Lift SaaS Conversions,48,4,,"""social proof"" <- /blogs/ab-test-saas-landing-pages/
""social proof"" <- /blogs/abm-for-saas-paid-playbook/
""Social Proof"" <- /blogs/b2b-demand-generation-guide/
""social proof"" <- /blogs/b2b-marketing/
""social proof"" <- /blogs/b2b-ppc-guide/
""Social Proof"" <- /blogs/how-to-do-saas-seo-competitor-analysis/
""social proof"" <- /blogs/how-to-get-cited-in-ai-overviews/
""social proof"" <- /blogs/how-to-write-google-ads-copy-for-saas-in-2026/
""social proof"" <- /blogs/how-to-write-saas-comparison-pages-for-seo/
""social proof"" <- /blogs/linkedin-buying-committee-saas/
""social proof"" <- /blogs/optimize-saas-landing-pages-for-seo/
""SaaS social proof"" <- /blogs/saas-cro-strategy/
""social proof"" <- /blogs/saas-quality-score/
""social proof"" <- /blogs/the-8-common-saas-google-ads-mistakes-to-avoid-in-2026/
""social proof"" <- /checklists/saas-ppc-checklist/
""social proof"" <- /glossary/what-is-a-landing-page/
""Social proof"" <- /glossary/what-is-ab-testing/
""social proof"" <- /glossary/what-is-ctr/
""Social proof"" <- /glossary/what-is-off-page-seo/
""social proof"" <- /glossary/what-is-schema-markup/
""Social proof"" <- /glossary/what-is-serp/
""social proof"" <- /glossary/what-is-structured-data/
""social proof"" <- /glossary/what-is-user-generated-content/
""social proof"" <- /list/best-abm-agencies/
""social proof"" <- /list/best-abm-platforms/
""social proof"" <- /list/best-ai-seo-agencies/
""social proof"" <- /list/best-ai-visibility-tools/
""social proof"" <- /list/best-backlink-analysis-tools/
""social proof"" <- /list/best-bing-ads-agencies/
""social proof"" <- /list/best-content-optimization-tools/
""social proof"" <- /list/best-conversion-rate-optimization-agencies/
""Social proof"" <- /list/best-devtools-marketing-agencies/
""social proof"" <- /list/best-geo-agencies/
""social proof"" <- /list/best-healthtech-marketing-agencies/
""social proof"" <- /list/best-hr-tech-marketing-agencies/
""social proof"" <- /list/best-linkedin-marketing-agencies/
""social proof"" <- /list/best-marketing-attribution-tools/
""social proof"" <- /list/best-paid-social-agencies/
""social proof"" <- /list/best-saas-content-marketing-agencies/
""social proof"" <- /list/best-saas-growth-marketing-agencies/
""social proof"" <- /list/best-saas-link-building-agencies/
""social proof"" <- /list/best-saas-llmo-agencies/
""social proof"" <- /list/best-saas-marketing-agencies-2026/
""social proof"" <- /list/best-saas-ppc-agencies/
""social proof"" <- /list/best-saas-seo-agencies/
""social proof"" <- /list/top-fintech-marketing-agencies/
""social proof"" <- /list/top-fintech-seo-agencies/
""social proof"" <- /list/top-performance-marketing-agencies/","""Omar Sheriff"" -> /author/omar/
""comparison pages"" -> /blogs/how-to-write-saas-comparison-pages-for-seo/
""landing pages"" -> /glossary/what-is-a-landing-page/
""ICP"" -> /glossary/what-is-icp/"
/blogs/saas-thought-leadership-strategy/,blog,SaaS Thought Leadership Strategy: An Executive-Led Playbook,27,6,,"""Thought Leadership"" <- /blogs/b2b-content-marketing-guide/
""Thought leadership"" <- /blogs/b2b-linkedin-marketing-guide/
""Thought leadership"" <- /blogs/b2b-marketing/
""thought leadership strategy"" <- /blogs/saas-content-strategy/
""thought leadership"" <- /blogs/saas-marketing-challenges-and-fixes/
""thought leadership"" <- /glossary/what-is-abm/
""thought leadership"" <- /glossary/what-is-content-marketing/
""Thought leadership"" <- /glossary/what-is-off-page-seo/
""Thought leadership"" <- /glossary/what-is-thought-leadership/
""thought leadership"" <- /list/b2b-ppc-experts/
""Thought Leadership"" <- /list/best-aeo-agency/
""Thought Leadership"" <- /list/best-b2b-advertising-agencies/
""thought leadership"" <- /list/best-b2b-content-marketing-agencies/
""thought leadership"" <- /list/best-b2b-demand-generation-agencies/
""thought leadership"" <- /list/best-b2b-marketing-agencies/
""thought leadership"" <- /list/best-b2b-seo-agencies/
""thought leadership"" <- /list/best-cybersecurity-marketing-agencies/
""thought leadership"" <- /list/best-devtools-marketing-agencies/
""Thought Leadership"" <- /list/best-enterprise-seo-agencies/
""thought leadership"" <- /list/best-geo-agencies/
""thought leadership"" <- /list/best-hr-tech-marketing-agencies/
""Thought Leadership"" <- /list/best-legaltech-marketing-agencies/
""Thought Leadership"" <- /list/best-proptech-marketing-agencies/
""thought leadership"" <- /list/best-saas-growth-marketing-agencies/
""thought leadership"" <- /list/best-saas-marketing-agencies-2026/
""thought leadership"" <- /list/best-saas-seo-agencies/
""thought leadership"" <- /list/top-fintech-marketing-agencies/","""Kamaraj Mathiarasan (Kim)"" -> /author/kamaraj-mathiarasan/
""content calendar"" -> /blogs/how-to-build-saas-keyword-map-content-calendar/
""bottom-of-funnel"" -> /blogs/how-to-rank-bofu-keywords-saas/
""top-of-funnel content"" -> /blogs/how-to-rank-tofu-keywords-saas/
""comparison pages"" -> /blogs/how-to-write-saas-comparison-pages-for-seo/
""content marketing"" -> /glossary/what-is-content-marketing/"
/blogs/technical-seo-for-saas/,blog,SaaS Technical SEO: What Actually Matters (and What the Checklists Miss),3,19,,"""technical SEO for SaaS"" <- /checklists/seo-checklist/
""technical SEO for SaaS"" <- /checklists/technical-seo-checklist/
""technical SEO for SaaS breakdown"" <- /list/best-seo-audit-tools/","""Kamaraj Mathiarasan (Kim)"" -> /author/kamaraj-mathiarasan/
""internal linking"" -> /blogs/how-to-use-internal-linking/
""comparison pages"" -> /blogs/how-to-write-saas-comparison-pages-for-seo/
""SaaS marketing"" -> /blogs/saas-marketing/
""contact page"" -> /contact-us/
""backlinks"" -> /glossary/what-is-a-backlink/
""landing pages"" -> /glossary/what-is-a-landing-page/
""A/B testing"" -> /glossary/what-is-ab-testing/
""LLM"" -> /glossary/what-is-an-llm/
""SEO audit"" -> /glossary/what-is-an-seo-audit/
""anchor text"" -> /glossary/what-is-anchor-text/
""brand identity"" -> /glossary/what-is-brand-identity/
""crawling"" -> /glossary/what-is-crawling/
""ICP"" -> /glossary/what-is-icp/
""SEO"" -> /glossary/what-is-seo/
""SERP"" -> /glossary/what-is-serp/
""technical SEO"" -> /glossary/what-is-technical-seo/
""SEO audit tools"" -> /list/best-seo-audit-tools/
""technical SEO agency"" -> /technical-seo-agency/  [UNRESOLVED]"
/blogs/the-8-common-saas-google-ads-mistakes-to-avoid-in-2026/,blog,The 8 Common SaaS Google Ads Mistakes to Avoid in 2026,4,17,,"""mistakes"" <- /blogs/how-to-write-google-ads-copy-for-saas-in-2026/
""common SaaS Google Ads mistakes"" <- /blogs/saas-ppc/
""common SaaS Google Ads mistakes"" <- /blogs/the-no-nonsense-guide-to-auditing-your-saas-ppc-account/
""common SaaS Google Ads mistakes"" <- /checklists/saas-ppc-checklist/","""Praveen Ravi"" -> /author/praveen-ravi/
""running Google Ads for SaaS"" -> /blogs/how-to-run-google-ads-for-saas/
""Google ads copywriting"" -> /blogs/how-to-write-google-ads-copy-for-saas-in-2026/
""Quality Score"" -> /blogs/saas-quality-score/
""social proof"" -> /blogs/saas-social-proof/
""SaaS PPC audits"" -> /blogs/the-no-nonsense-guide-to-auditing-your-saas-ppc-account/
""SaaS PPC"" -> /checklists/saas-ppc-checklist/
""Let’s talk!"" -> /contact-us/
""landing pages"" -> /glossary/what-is-a-landing-page/
""cost per click"" -> /glossary/what-is-cost-per-click/
""CPA"" -> /glossary/what-is-cpa/
""CTR"" -> /glossary/what-is-ctr/
""Google Ads"" -> /glossary/what-is-google-ads/
""Keyword research"" -> /glossary/what-is-keyword-research/
""ROAS"" -> /glossary/what-is-roas/
""PipeRocket Digital"" -> /saas-ppc/
""cost per click"" -> /tools/cpc-calculator/"
/blogs/the-no-nonsense-guide-to-auditing-your-saas-ppc-account/,blog,The No-Nonsense Guide to Auditing Your SaaS PPC Account,6,20,,"""audited SaaS PPC accounts"" <- /blogs/how-do-i-run-linkedin-ads-for-saas-an-experts-take/
""Auditing your SaaS PPC account"" <- /blogs/how-to-run-google-ads-for-saas/
""audit SaaS PPC accounts"" <- /blogs/how-to-write-google-ads-copy-for-saas-in-2026/
""SaaS PPC audit framework"" <- /blogs/saas-ppc/
""SaaS PPC audits"" <- /blogs/the-8-common-saas-google-ads-mistakes-to-avoid-in-2026/
""SaaS PPC audit framework"" <- /checklists/saas-ppc-checklist/","""Praveen Ravi"" -> /author/praveen-ravi/
""Google Ads"" -> /blogs/how-to-run-google-ads-for-saas/
""creative testing"" -> /blogs/saas-creative-testing/
""common SaaS LinkedIn Ads mistakes"" -> /blogs/saas-linkedin-ads-mistakes-to-avoid/
""SaaS PPC"" -> /blogs/saas-ppc/
""common SaaS Google Ads mistakes"" -> /blogs/the-8-common-saas-google-ads-mistakes-to-avoid-in-2026/
""Google Ads audit checklist"" -> /checklists/google-ads-audit-checklist/
""SaaS PPC checklist"" -> /checklists/saas-ppc-checklist/
""landing pages"" -> /glossary/what-is-a-landing-page/
""conversion rate"" -> /glossary/what-is-conversion-rate/
""Cost Per Click"" -> /glossary/what-is-cost-per-click/
""Cost Per Acquisition"" -> /glossary/what-is-cpa/
""Conversion Rate Optimization"" -> /glossary/what-is-cro/
""CTR"" -> /glossary/what-is-ctr/
""Google Ads"" -> /glossary/what-is-google-ads/
""ICP"" -> /glossary/what-is-icp/
""PPC"" -> /glossary/what-is-ppc/
""ROAS"" -> /glossary/what-is-roas/
""total addressable market"" -> /glossary/what-is-tam-sam-som/
""conversion rate"" -> /tools/conversion-rate-calculator/"
/blogs/types-of-keywords-in-seo/,blog,Types of Keywords in SEO (with SaaS Examples),5,12,,"""types of keywords"" <- /blogs/how-to-choose-search-volume-vs-search-intent/
""Types of keywords in SEO"" <- /blogs/how-to-do-saas-seo-keyword-research/
""high-intent keyword"" <- /blogs/how-to-fix-keyword-cannibalization/
""keyword type breakdown"" <- /blogs/how-to-rank-mofu-keywords-saas/
""types of keywords in SEO"" <- /blogs/how-to-score-saas-keywords-by-icp-intent/","""Kamaraj Mathiarasan (Kim)"" -> /author/kamaraj-mathiarasan/
""starting with people, not tools"" -> /blogs/how-to-do-saas-seo-keyword-research/
""topical authority"" -> /blogs/how-to-improve-topical-authority/
""BoFu pages"" -> /blogs/how-to-rank-bofu-keywords-saas/
""top-of-funnel keywords"" -> /blogs/how-to-rank-tofu-keywords-saas/
""how to run Google Ads for SaaS"" -> /blogs/how-to-run-google-ads-for-saas/
""navigational keyword"" -> /glossary/what-is-a-navigational-keyword/
""ICP"" -> /glossary/what-is-icp/
""keyword research"" -> /glossary/what-is-keyword-research/
""SEO"" -> /glossary/what-is-seo/
""SERP"" -> /glossary/what-is-serp/
""conversion rate"" -> /tools/conversion-rate-calculator/"
/blogs/why-is-my-seo-not-driving-pipeline/,blog,Why Your SEO Isn't Driving Pipeline: A B2B SaaS Diagnostic,1,14,,"""diagnose why the traffic isn't driving pipeline"" <- /blogs/how-to-prove-seo-roi/","""Ranjeeth Kumar"" -> /author/ranjeeth/
""align SEO with sales"" -> /blogs/how-to-align-seo-with-sales/
""calculate the revenue impact of each blog post"" -> /blogs/how-to-calculate-blog-revenue-impact/
""topical authority"" -> /blogs/how-to-improve-topical-authority/
""bottom-of-funnel"" -> /blogs/how-to-rank-bofu-keywords-saas/
""set up multi-touch attribution"" -> /blogs/how-to-set-up-multi-touch-attribution/
""tie content to MQLs"" -> /blogs/how-to-tie-content-to-mqls/
""comparison page"" -> /blogs/how-to-write-saas-comparison-pages-for-seo/
""backlinks"" -> /glossary/what-is-a-backlink/
""landing pages"" -> /glossary/what-is-a-landing-page/
""LLM"" -> /glossary/what-is-an-llm/
""ICP"" -> /glossary/what-is-icp/
""SEO"" -> /glossary/what-is-seo/
""conversion rate"" -> /tools/conversion-rate-calculator/"
/careers/,service,Careers,0,1,YES,,"""contact page"" -> /contact-us/"
/case-study/,section,From Strategy to Execution,2,0,,"""case studies hub"" <- /list/best-saas-geo-agencies/
""case studies page"" <- /list/best-saas-seo-agencies/",
/case-study/astra-ppc/,case-study,"Scale, Dip, Breakout: How PipeRocket Grew Astra Security's Paid SQLs 48%",0,0,YES,,
/case-study/atlas-systems-seo/,case-study,12.5x Content Traffic in 3 Quarters: Atlas Systems' Early SEO Growth,0,0,YES,,
/case-study/cybersierra/,case-study,PipeRocket Drives 279% Organic Traffic Growth for CyberSierra Through Strategic SEO,1,0,,"""CyberSierra went from 6 to 338 keywords in top-10 positions"" <- /blogs/saas-seo/",
/case-study/devrev-ppc/,case-study,3x Pipeline ROAS: How DevRev Saved a Google Ads Channel That Was About to Be Shut Down,0,0,YES,,
/case-study/devrev/,case-study,How DevRev Achieved 127% Organic Traffic Growth: A Case Study with PipeRocket,36,0,,"""DevRev"" <- /list/best-abm-agencies/
""DevRev"" <- /list/best-aeo-agency/
""DevRev"" <- /list/best-affordable-b2b-ppc-agencies/
""DevRev"" <- /list/best-ai-seo-agencies/
""DevRev"" <- /list/best-b2b-content-marketing-agencies/
""DevRev"" <- /list/best-b2b-demand-generation-agencies/
""DevRev"" <- /list/best-b2b-google-ads-agencies/
""DevRev"" <- /list/best-b2b-lead-generation-companies/
""DevRev"" <- /list/best-b2b-marketing-agencies/
""DevRev"" <- /list/best-b2b-seo-agencies/
""DevRev"" <- /list/best-bing-ads-agencies/
""DevRev"" <- /list/best-conversion-rate-optimization-agencies/
""DevRev"" <- /list/best-cybersecurity-marketing-agencies/
""DevRev"" <- /list/best-devtools-marketing-agencies/
""DevRev"" <- /list/best-edtech-marketing-agencies/
""DevRev"" <- /list/best-enterprise-ppc-agencies/
""DevRev"" <- /list/best-enterprise-seo-agencies/
""DevRev"" <- /list/best-fintech-geo-agencies/
""DevRev"" <- /list/best-geo-agencies/
""DevRev"" <- /list/best-healthtech-marketing-agencies/
""DevRev"" <- /list/best-legaltech-marketing-agencies/
""DevRev"" <- /list/best-martech-marketing-agencies/
""DevRev"" <- /list/best-paid-social-agencies/
""DevRev"" <- /list/best-proptech-marketing-agencies/
""DevRev"" <- /list/best-reddit-ads-agencies/
""DevRev"" <- /list/best-saas-geo-agencies/
""DevRev"" <- /list/best-saas-growth-marketing-agencies/
""DevRev"" <- /list/best-saas-link-building-agencies/
""DevRev"" <- /list/best-saas-llmo-agencies/
""DevRev"" <- /list/best-saas-ppc-agencies/
""DevRev"" <- /list/best-saas-seo-agencies/
""DevRev"" <- /list/best-technical-seo-agencies/
""DevRev"" <- /list/top-b2b-ppc-agencies/
""DevRev"" <- /list/top-fintech-marketing-agencies/
""DevRev"" <- /list/top-fintech-seo-agencies/
""DevRev"" <- /list/top-performance-marketing-agencies/",
/case-study/esri/,case-study,+166% AI Search Traffic: How Esri Compounded Organic Growth Year Over Year,0,0,YES,,
/case-study/goldcast/,case-study,ROAS More Than Doubled in Three Quarters: Goldcast's Google Ads Turnaround with PipeRocket,4,0,,"""Goldcast"" <- /list/best-ai-seo-agencies/
""Goldcast"" <- /list/best-geo-agencies/
""Goldcast"" <- /list/best-saas-geo-agencies/
""Goldcast"" <- /list/best-saas-seo-agencies/",
/case-study/hyperstart/,case-study,HyperStart Achieves 2X the Lead at 73% Less Cost with PipeRocket's Winning Strategy Formula,28,0,,"""HyperStart"" <- /alternative/cognism-alternatives/
""HyperStart"" <- /alternative/conductor-alternatives/
""HyperStart"" <- /alternative/factors-ai-alternatives/
""HyperStart"" <- /alternative/instapage-alternatives/
""HyperStart"" <- /alternative/leadfeeder-alternatives/
""HyperStart"" <- /alternative/lusha-alternatives/
""HyperStart"" <- /alternative/optimizely-alternatives/
""HyperStart"" <- /alternative/refine-labs-alternatives/
""HyperStart"" <- /alternative/rollworks-alternatives/
""HyperStart"" <- /alternative/single-grain-alternatives/
""HyperStart"" <- /alternative/vwo-alternatives/
""HyperStart"" <- /alternative/webfx-alternatives/
""HyperStart"" <- /alternative/writesonic-alternatives/
""HyperStart"" <- /list/best-aeo-agency/
""HyperStart"" <- /list/best-affordable-b2b-ppc-agencies/
""HyperStart"" <- /list/best-b2b-advertising-agencies/
""HyperStart"" <- /list/best-b2b-content-marketing-agencies/
""HyperStart"" <- /list/best-b2b-demand-generation-agencies/
""HyperStart"" <- /list/best-b2b-google-ads-agencies/
""HyperStart"" <- /list/best-b2b-lead-generation-companies/
""HyperStart"" <- /list/best-b2b-marketing-agencies/
""HyperStart"" <- /list/best-b2b-seo-agencies/
""HyperStart"" <- /list/best-cybersecurity-marketing-agencies/
""HyperStart"" <- /list/best-enterprise-seo-agencies/
""HyperStart"" <- /list/best-legaltech-marketing-agencies/
""HyperStart"" <- /list/best-proptech-marketing-agencies/
""HyperStart"" <- /list/top-fintech-marketing-agencies/
""HyperStart"" <- /list/top-performance-marketing-agencies/",
/case-study/hyperverge/,case-study,Achieving 3.5X MQL Growth: HyperVerge's Success Story with PipeRocket,28,0,,"""HyperVerge"" <- /alternative/cognism-alternatives/
""HyperVerge"" <- /alternative/conductor-alternatives/
""HyperVerge"" <- /alternative/factors-ai-alternatives/
""HyperVerge"" <- /alternative/instapage-alternatives/
""HyperVerge"" <- /alternative/leadfeeder-alternatives/
""HyperVerge"" <- /alternative/lusha-alternatives/
""HyperVerge"" <- /alternative/optimizely-alternatives/
""HyperVerge"" <- /alternative/refine-labs-alternatives/
""HyperVerge"" <- /alternative/rollworks-alternatives/
""HyperVerge"" <- /alternative/single-grain-alternatives/
""HyperVerge"" <- /alternative/vwo-alternatives/
""HyperVerge"" <- /alternative/webfx-alternatives/
""HyperVerge"" <- /alternative/writesonic-alternatives/
""HyperVerge"" <- /list/best-aeo-agency/
""HyperVerge"" <- /list/best-affordable-b2b-ppc-agencies/
""HyperVerge"" <- /list/best-b2b-advertising-agencies/
""HyperVerge"" <- /list/best-b2b-content-marketing-agencies/
""HyperVerge"" <- /list/best-b2b-demand-generation-agencies/
""HyperVerge"" <- /list/best-b2b-google-ads-agencies/
""HyperVerge"" <- /list/best-b2b-lead-generation-companies/
""HyperVerge"" <- /list/best-b2b-marketing-agencies/
""HyperVerge"" <- /list/best-b2b-seo-agencies/
""HyperVerge"" <- /list/best-cybersecurity-marketing-agencies/
""HyperVerge"" <- /list/best-enterprise-seo-agencies/
""HyperVerge"" <- /list/best-legaltech-marketing-agencies/
""HyperVerge"" <- /list/best-proptech-marketing-agencies/
""HyperVerge"" <- /list/top-fintech-marketing-agencies/
""HyperVerge"" <- /list/top-performance-marketing-agencies/",
/case-study/leadsquared/,case-study,Return on Spend Nearly Tripled: How LeadSquared Rebuilt Its Google Ads Pipeline with PipeRocket,13,0,,"""LeadSquared"" <- /blogs/b2b-ppc-guide/
""LeadSquared"" <- /blogs/saas-link-building/
""LeadSquared"" <- /list/best-b2b-advertising-agencies/
""LeadSquared"" <- /list/best-devtools-marketing-agencies/
""LeadSquared"" <- /list/best-geo-agencies/
""LeadSquared"" <- /list/best-healthtech-marketing-agencies/
""LeadSquared"" <- /list/best-linkedin-marketing-agencies/
""LeadSquared"" <- /list/best-martech-marketing-agencies/
""LeadSquared"" <- /list/best-saas-geo-agencies/
""LeadSquared"" <- /list/best-saas-growth-marketing-agencies/
""LeadSquared"" <- /list/best-saas-link-building-agencies/
""LeadSquared"" <- /list/best-saas-marketing-agencies-2026/
""LeadSquared"" <- /list/best-technical-seo-agencies/",
/case-study/qx-accounting/,case-study,+67% Inbound Leads: How QX Scaled Pipeline Across Two Regions at Once,0,0,YES,,
/case-study/spendflo/,case-study,From Stagnation to Domination: PipeRocket's Impact on Spendflo's 81% Traffic Rise,2,0,,"""Spendflo’s success results"" <- /blogs/b2b-linkedin-marketing-guide/
""Spendflo credits us"" <- /blogs/saas-seo/",
/case-study/storylane/,case-study,Driving 2.5X Growth and 62% More Demos: Storylane's Success with PipeRocket's Campaigns,22,0,,"""Storylane"" <- /alternative/cognism-alternatives/
""Storylane"" <- /alternative/instapage-alternatives/
""Storylane"" <- /alternative/leadfeeder-alternatives/
""Storylane"" <- /alternative/refine-labs-alternatives/
""Storylane"" <- /alternative/single-grain-alternatives/
""Storylane"" <- /alternative/webfx-alternatives/
""Storylane"" <- /alternative/writesonic-alternatives/
""Storylane"" <- /blogs/b2b-linkedin-marketing-guide/
""Storylane"" <- /blogs/b2b-marketing/
""Storylane"" <- /list/best-aeo-agency/
""Storylane"" <- /list/best-affordable-b2b-ppc-agencies/
""Storylane"" <- /list/best-b2b-advertising-agencies/
""Storylane"" <- /list/best-b2b-content-marketing-agencies/
""Storylane"" <- /list/best-b2b-demand-generation-agencies/
""Storylane"" <- /list/best-b2b-google-ads-agencies/
""Storylane"" <- /list/best-b2b-lead-generation-companies/
""Storylane"" <- /list/best-b2b-marketing-agencies/
""Storylane"" <- /list/best-b2b-seo-agencies/
""Storylane"" <- /list/best-enterprise-seo-agencies/
""Storylane"" <- /list/best-legaltech-marketing-agencies/
""Storylane"" <- /list/best-proptech-marketing-agencies/
""Storylane"" <- /list/top-performance-marketing-agencies/",
/case-study/tredence/,case-study,4.7x Blog Traffic in a Year: How Tredence Out-Ranked Its Category Rivals,9,0,,"""Tredence"" <- /list/best-b2b-advertising-agencies/
""Tredence"" <- /list/best-devtools-marketing-agencies/
""Tredence"" <- /list/best-healthtech-marketing-agencies/
""Tredence"" <- /list/best-linkedin-marketing-agencies/
""Tredence"" <- /list/best-martech-marketing-agencies/
""Tredence"" <- /list/best-saas-growth-marketing-agencies/
""Tredence"" <- /list/best-saas-link-building-agencies/
""Tredence"" <- /list/best-saas-marketing-agencies-2026/
""Tredence"" <- /list/best-technical-seo-agencies/",
/checklists/,section,Marketing Checklists for 2026,54,0,,"""marketing checklists hub"" <- /checklists/ab-testing-checklist/
""marketing checklists hub"" <- /checklists/abm-checklist/
""marketing checklists hub"" <- /checklists/aeo-checklist/
""marketing checklists hub"" <- /checklists/ai-crawler-access-checklist/
""marketing checklists hub"" <- /checklists/ai-seo-checklist/
""marketing checklists hub"" <- /checklists/bing-copilot-optimization-checklist/
""marketing checklists hub"" <- /checklists/blog-post-checklist/
""marketing checklists hub"" <- /checklists/chatgpt-seo-checklist/
""marketing checklists hub"" <- /checklists/content-audit-checklist/
""marketing checklists hub"" <- /checklists/content-marketing-checklist/
""marketing checklists hub"" <- /checklists/content-seo-checklist/
""marketing checklists hub"" <- /checklists/conversion-tracking-checklist/
""marketing checklists hub"" <- /checklists/cro-checklist/
""marketing checklists hub"" <- /checklists/demand-generation-checklist/
""marketing checklists hub"" <- /checklists/eeat-checklist/
""marketing checklists hub"" <- /checklists/entity-seo-checklist/
""marketing checklists hub"" <- /checklists/ga4-audit-checklist/
""marketing checklists hub"" <- /checklists/geo-checklist/
""marketing checklists hub"" <- /checklists/google-ads-audit-checklist/
""marketing checklists hub"" <- /checklists/google-ads-checklist/
""marketing checklists hub"" <- /checklists/google-ads-remarketing-checklist/
""marketing checklists hub"" <- /checklists/google-ads-setup-checklist/
""marketing checklists hub"" <- /checklists/google-ai-overviews-checklist/
""marketing checklists hub"" <- /checklists/image-seo-checklist/
""marketing checklists hub"" <- /checklists/internal-linking-checklist/
""marketing checklists hub"" <- /checklists/international-seo-checklist/
""marketing checklists hub"" <- /checklists/keyword-research-checklist/
""marketing checklists hub"" <- /checklists/landing-page-checklist/
""marketing checklists hub"" <- /checklists/linkedin-ads-checklist/
""marketing checklists hub"" <- /checklists/local-seo-checklist/
""marketing checklists hub"" <- /checklists/marketing-attribution-checklist/
""marketing checklists hub"" <- /checklists/meta-ads-checklist/
""marketing checklists hub"" <- /checklists/mobile-seo-checklist/
""marketing checklists hub"" <- /checklists/new-website-seo-checklist/
""marketing checklists hub"" <- /checklists/off-page-seo-checklist/
""marketing checklists hub"" <- /checklists/on-page-aeo-checklist/
""marketing checklists hub"" <- /checklists/on-page-seo-checklist/
""marketing checklists hub"" <- /checklists/perplexity-seo-checklist/
""marketing checklists hub"" <- /checklists/ppc-audit-checklist/
""marketing checklists hub"" <- /checklists/product-led-seo-checklist/
""marketing checklists hub"" <- /checklists/reddit-quora-seo-checklist/
""marketing checklists hub"" <- /checklists/saas-go-to-market-checklist/
""marketing checklists hub"" <- /checklists/saas-lead-generation-checklist/
""marketing checklists hub"" <- /checklists/saas-link-building-checklist/
""marketing checklists hub"" <- /checklists/saas-seo-reporting-checklist/
""marketing checklists hub"" <- /checklists/saas-seo-strategy-checklist/
""marketing checklists hub"" <- /checklists/seo-audit-checklist/
""SEO checklists hub"" <- /checklists/seo-checklist/
""marketing checklists hub"" <- /checklists/seo-competitor-analysis-checklist/
""marketing checklists hub"" <- /checklists/seo-site-migration-checklist/
""marketing checklists hub"" <- /checklists/technical-seo-checklist/
""marketing checklists hub"" <- /checklists/website-audit-checklist/
""marketing checklists hub"" <- /checklists/wordpress-seo-checklist/
""marketing checklists hub"" <- /checklists/youtube-seo-checklist/",
/checklists/ab-testing-checklist/,service,The A/B Testing Checklist for 2026 (Download PDF + Excel),2,5,,"""A/B testing checklist"" <- /blogs/ab-test-saas-landing-pages/
""A/B testing checklist"" <- /checklists/cro-checklist/","""Praveen Ravi"" -> /author/praveen-ravi/
""marketing checklists hub"" -> /checklists/
""landing page checklist"" -> /checklists/landing-page-checklist/
""talk to us"" -> /saas-ppc/
""A/B test significance calculator"" -> /tools/ab-test-significance-calculator/"
/checklists/abm-checklist/,service,The ABM Checklist for 2026 (Download PDF + Excel),5,5,,"""ABM checklist"" <- /blogs/linkedin-account-based-marketing/
""ABM checklist"" <- /checklists/demand-generation-checklist/
""ABM checklist"" <- /checklists/linkedin-ads-checklist/
""ABM checklist"" <- /checklists/saas-go-to-market-checklist/
""ABM checklist"" <- /checklists/saas-lead-generation-checklist/","""Praveen Ravi"" -> /author/praveen-ravi/
""marketing checklists hub"" -> /checklists/
""LinkedIn Ads checklist"" -> /checklists/linkedin-ads-checklist/
""SaaS go-to-market checklist"" -> /checklists/saas-go-to-market-checklist/
""talk to us"" -> /contact-us/"
/checklists/aeo-checklist/,service,The AEO Checklist for 2026 (Download PDF + Excel),6,9,,"""AEO checklist"" <- /checklists/ai-seo-checklist/
""AEO checklist"" <- /checklists/geo-checklist/
""AEO checklist"" <- /checklists/google-ai-overviews-checklist/
""AEO checklist"" <- /checklists/on-page-aeo-checklist/
""AEO checklist"" <- /checklists/reddit-quora-seo-checklist/
""AEO checklist"" <- /checklists/seo-checklist/","""Kamaraj Mathiarasan (Kim)"" -> /author/kamaraj-mathiarasan/
""marketing checklists hub"" -> /checklists/
""AI SEO checklist"" -> /checklists/ai-seo-checklist/
""GEO checklist"" -> /checklists/geo-checklist/
""Google AI Overviews checklist"" -> /checklists/google-ai-overviews-checklist/
""on-page AEO checklist"" -> /checklists/on-page-aeo-checklist/
""complete SEO checklist"" -> /checklists/seo-checklist/
""talk to us"" -> /contact-us/
""AEO agency"" -> /saas-seo-agency/ai-seo-services/"
/checklists/ai-crawler-access-checklist/,service,The AI Crawler Access Checklist for 2026 (Download PDF + Excel),4,9,,"""AI crawler access checklist"" <- /checklists/bing-copilot-optimization-checklist/
""AI crawler access checklist"" <- /checklists/chatgpt-seo-checklist/
""AI crawler access checklist"" <- /checklists/geo-checklist/
""AI crawler access checklist"" <- /checklists/perplexity-seo-checklist/","""Kamaraj Mathiarasan (Kim)"" -> /author/kamaraj-mathiarasan/
""marketing checklists hub"" -> /checklists/
""Bing Copilot checklist"" -> /checklists/bing-copilot-optimization-checklist/
""ChatGPT SEO checklist"" -> /checklists/chatgpt-seo-checklist/
""GEO"" -> /checklists/geo-checklist/
""GEO checklist"" -> /checklists/geo-checklist/
""Perplexity SEO checklist"" -> /checklists/perplexity-seo-checklist/
""talk to us"" -> /saas-seo-agency/
""AI SEO agency"" -> /saas-seo-agency/ai-seo-services/"
/checklists/ai-seo-checklist/,service,The AI SEO Checklist for 2026 (Download PDF + Excel),5,7,,"""AI SEO checklist"" <- /checklists/aeo-checklist/
""AI SEO checklist"" <- /checklists/entity-seo-checklist/
""AI SEO checklist"" <- /checklists/geo-checklist/
""AI SEO checklist"" <- /checklists/google-ai-overviews-checklist/
""AI SEO checklist"" <- /checklists/seo-checklist/","""Kamaraj Mathiarasan (Kim)"" -> /author/kamaraj-mathiarasan/
""marketing checklists hub"" -> /checklists/
""AEO checklist"" -> /checklists/aeo-checklist/
""GEO checklist"" -> /checklists/geo-checklist/
""complete SEO checklist"" -> /checklists/seo-checklist/
""talk to us"" -> /contact-us/
""AI SEO agency"" -> /saas-seo-agency/ai-seo-services/"
/checklists/bing-copilot-optimization-checklist/,service,The Bing Copilot Optimization Checklist for 2026 (Download PDF + Excel),3,6,,"""Bing Copilot checklist"" <- /checklists/ai-crawler-access-checklist/
""Bing Copilot checklist"" <- /checklists/chatgpt-seo-checklist/
""Bing Copilot"" <- /checklists/geo-checklist/","""Kamaraj Mathiarasan (Kim)"" -> /author/kamaraj-mathiarasan/
""marketing checklists hub"" -> /checklists/
""AI crawler access checklist"" -> /checklists/ai-crawler-access-checklist/
""ChatGPT SEO checklist"" -> /checklists/chatgpt-seo-checklist/
""GEO checklist"" -> /checklists/geo-checklist/
""talk to us"" -> /saas-seo-agency/"
/checklists/blog-post-checklist/,service,The Blog Post Checklist for 2026 (Download PDF + Excel),1,7,,"""Blog post checklist"" <- /checklists/content-marketing-checklist/","""Kamaraj Mathiarasan (Kim)"" -> /author/kamaraj-mathiarasan/
""marketing checklists hub"" -> /checklists/
""content marketing checklist"" -> /checklists/content-marketing-checklist/
""content SEO checklist"" -> /checklists/content-seo-checklist/
""keyword research checklist"" -> /checklists/keyword-research-checklist/
""complete SEO checklist"" -> /checklists/seo-checklist/
""talk to us"" -> /saas-seo-agency/"
/checklists/chatgpt-seo-checklist/,service,The ChatGPT SEO Checklist for 2026 (Download PDF + Excel),4,7,,"""ChatGPT SEO checklist"" <- /checklists/ai-crawler-access-checklist/
""ChatGPT SEO checklist"" <- /checklists/bing-copilot-optimization-checklist/
""ChatGPT SEO"" <- /checklists/geo-checklist/
""ChatGPT SEO checklist"" <- /checklists/perplexity-seo-checklist/","""Kamaraj Mathiarasan (Kim)"" -> /author/kamaraj-mathiarasan/
""marketing checklists hub"" -> /checklists/
""AI crawler access checklist"" -> /checklists/ai-crawler-access-checklist/
""Bing Copilot checklist"" -> /checklists/bing-copilot-optimization-checklist/
""GEO checklist"" -> /checklists/geo-checklist/
""Perplexity SEO checklist"" -> /checklists/perplexity-seo-checklist/
""talk to us"" -> /saas-seo-agency/"
/checklists/content-audit-checklist/,service,The Content Audit Checklist for 2026 (Download PDF + Excel),2,7,,"""content audit checklist"" <- /blogs/how-to-do-saas-content-audit/
""Content audit checklist"" <- /checklists/content-marketing-checklist/","""Kamaraj Mathiarasan (Kim)"" -> /author/kamaraj-mathiarasan/
""marketing checklists hub"" -> /checklists/
""content marketing checklist"" -> /checklists/content-marketing-checklist/
""content SEO checklist"" -> /checklists/content-seo-checklist/
""keyword research checklist"" -> /checklists/keyword-research-checklist/
""SEO audit checklist"" -> /checklists/seo-audit-checklist/
""talk to us"" -> /saas-seo-agency/"
/checklists/content-marketing-checklist/,service,The Content Marketing Checklist for 2026 (Download PDF + Excel),4,7,,"""content marketing checklist"" <- /checklists/blog-post-checklist/
""content marketing checklist"" <- /checklists/content-audit-checklist/
""content marketing checklist"" <- /checklists/content-seo-checklist/
""content marketing checklist"" <- /checklists/seo-checklist/","""Kamaraj Mathiarasan (Kim)"" -> /author/kamaraj-mathiarasan/
""marketing checklists hub"" -> /checklists/
""Blog post checklist"" -> /checklists/blog-post-checklist/
""Content audit checklist"" -> /checklists/content-audit-checklist/
""Content SEO checklist"" -> /checklists/content-seo-checklist/
""Keyword research checklist"" -> /checklists/keyword-research-checklist/
""talk to us"" -> /contact-us/"
/checklists/content-seo-checklist/,service,The Content SEO Checklist for 2026 (Download PDF + Excel),8,7,,"""content SEO checklist"" <- /checklists/blog-post-checklist/
""content SEO checklist"" <- /checklists/content-audit-checklist/
""Content SEO checklist"" <- /checklists/content-marketing-checklist/
""content SEO checklist"" <- /checklists/eeat-checklist/
""content SEO checklist"" <- /checklists/internal-linking-checklist/
""content SEO checklist"" <- /checklists/keyword-research-checklist/
""content SEO checklist"" <- /checklists/seo-checklist/
""content SEO checklist"" <- /checklists/youtube-seo-checklist/","""Kamaraj Mathiarasan (Kim)"" -> /author/kamaraj-mathiarasan/
""marketing checklists hub"" -> /checklists/
""content marketing checklist"" -> /checklists/content-marketing-checklist/
""keyword research checklist"" -> /checklists/keyword-research-checklist/
""on-page SEO checklist"" -> /checklists/on-page-seo-checklist/
""complete SEO checklist"" -> /checklists/seo-checklist/
""talk to us"" -> /saas-seo-agency/"
/checklists/conversion-tracking-checklist/,service,The Conversion Tracking Checklist for 2026 (Download PDF + Excel),6,9,,"""conversion tracking checklist"" <- /checklists/cro-checklist/
""Conversion tracking checklist"" <- /checklists/google-ads-checklist/
""conversion tracking checklist"" <- /checklists/google-ads-remarketing-checklist/
""conversion tracking checklist"" <- /checklists/google-ads-setup-checklist/
""conversion tracking checklist"" <- /checklists/marketing-attribution-checklist/
""Conversion tracking checklist"" <- /list/best-saas-ppc-agencies/","""Praveen Ravi"" -> /author/praveen-ravi/
""marketing checklists hub"" -> /checklists/
""GA4 audit checklist"" -> /checklists/ga4-audit-checklist/
""Google Ads setup checklist"" -> /checklists/google-ads-setup-checklist/
""marketing attribution checklist"" -> /checklists/marketing-attribution-checklist/
""conversion"" -> /glossary/what-is-conversion-rate/
""Google Ads"" -> /glossary/what-is-google-ads/
""UTM"" -> /glossary/what-is-ppc/
""talk to us"" -> /saas-ppc/"
/checklists/cro-checklist/,service,The CRO Checklist for 2026 (Download PDF + Excel),0,8,YES,,"""Vishnu Prasadh"" -> /author/vishnu-prasad/
""marketing checklists hub"" -> /checklists/
""A/B testing checklist"" -> /checklists/ab-testing-checklist/
""conversion tracking checklist"" -> /checklists/conversion-tracking-checklist/
""landing page checklist"" -> /checklists/landing-page-checklist/
""social proof"" -> /glossary/what-is-conversion-rate/
""CRO"" -> /glossary/what-is-cro/
""talk to us"" -> /saas-ppc/"
/checklists/demand-generation-checklist/,service,The Demand Generation Checklist for 2026 (Download PDF + Excel),5,6,,"""demand generation checklist"" <- /blogs/b2b-demand-generation-guide/
""demand generation checklist"" <- /checklists/landing-page-checklist/
""demand generation checklist"" <- /checklists/marketing-attribution-checklist/
""demand generation checklist"" <- /checklists/saas-go-to-market-checklist/
""demand generation checklist"" <- /checklists/saas-lead-generation-checklist/","""Praveen Ravi"" -> /author/praveen-ravi/
""marketing checklists hub"" -> /checklists/
""ABM checklist"" -> /checklists/abm-checklist/
""landing page checklist"" -> /checklists/landing-page-checklist/
""SaaS go-to-market checklist"" -> /checklists/saas-go-to-market-checklist/
""talk to us"" -> /contact-us/"
/checklists/eeat-checklist/,service,The E-E-A-T Checklist for 2026 (Download PDF + Excel),1,5,,"""E-E-A-T checklist"" <- /checklists/entity-seo-checklist/","""Kamaraj Mathiarasan (Kim)"" -> /author/kamaraj-mathiarasan/
""marketing checklists hub"" -> /checklists/
""content SEO checklist"" -> /checklists/content-seo-checklist/
""complete SEO checklist"" -> /checklists/seo-checklist/
""talk to us"" -> /saas-seo-agency/"
/checklists/entity-seo-checklist/,service,The Entity SEO Checklist for 2026 (Download PDF + Excel),2,6,,"""entity SEO"" <- /list/best-saas-geo-agencies/
""entity SEO"" <- /list/best-schema-markup-tools-for-saas/","""Kamaraj Mathiarasan (Kim)"" -> /author/kamaraj-mathiarasan/
""marketing checklists hub"" -> /checklists/
""AI SEO checklist"" -> /checklists/ai-seo-checklist/
""E-E-A-T checklist"" -> /checklists/eeat-checklist/
""complete SEO checklist"" -> /checklists/seo-checklist/
""talk to us"" -> /saas-seo-agency/"
/checklists/ga4-audit-checklist/,service,The GA4 Audit Checklist for 2026 (Download PDF + Excel),3,5,,"""GA4 audit checklist"" <- /checklists/conversion-tracking-checklist/
""GA4 audit checklist"" <- /checklists/marketing-attribution-checklist/
""GA4 audit checklist"" <- /checklists/saas-seo-reporting-checklist/","""Praveen Ravi"" -> /author/praveen-ravi/
""marketing checklists hub"" -> /checklists/
""SEO audit checklist"" -> /checklists/seo-audit-checklist/
""technical SEO checklist"" -> /checklists/technical-seo-checklist/
""talk to us"" -> /contact-us/"
/checklists/geo-checklist/,service,The GEO Checklist for 2026 (Download PDF + Excel),10,11,,"""GEO checklist"" <- /checklists/aeo-checklist/
""GEO"" <- /checklists/ai-crawler-access-checklist/
""GEO checklist"" <- /checklists/ai-crawler-access-checklist/
""GEO checklist"" <- /checklists/ai-seo-checklist/
""GEO checklist"" <- /checklists/bing-copilot-optimization-checklist/
""GEO checklist"" <- /checklists/chatgpt-seo-checklist/
""GEO checklist"" <- /checklists/on-page-aeo-checklist/
""GEO checklist"" <- /checklists/perplexity-seo-checklist/
""GEO checklist"" <- /checklists/reddit-quora-seo-checklist/
""GEO checklist"" <- /checklists/seo-checklist/","""Kamaraj Mathiarasan (Kim)"" -> /author/kamaraj-mathiarasan/
""GEO for SaaS"" -> /blogs/how-to-do-geo-for-saas/
""marketing checklists hub"" -> /checklists/
""AEO checklist"" -> /checklists/aeo-checklist/
""AI crawler access checklist"" -> /checklists/ai-crawler-access-checklist/
""AI SEO checklist"" -> /checklists/ai-seo-checklist/
""Bing Copilot"" -> /checklists/bing-copilot-optimization-checklist/
""ChatGPT SEO"" -> /checklists/chatgpt-seo-checklist/
""Perplexity SEO"" -> /checklists/perplexity-seo-checklist/
""talk to us"" -> /contact-us/
""GEO agency"" -> /saas-seo-agency/ai-seo-services/"
/checklists/google-ads-audit-checklist/,service,The Google Ads Audit Checklist for 2026 (Download PDF + Excel),6,7,,"""Google Ads audit checklist"" <- /blogs/the-no-nonsense-guide-to-auditing-your-saas-ppc-account/
""Google Ads audit checklist"" <- /checklists/google-ads-checklist/
""Google Ads audit checklist"" <- /checklists/google-ads-setup-checklist/
""Google Ads audit checklist"" <- /checklists/landing-page-checklist/
""Google Ads audit checklist"" <- /checklists/ppc-audit-checklist/
""structured PPC audit"" <- /list/best-saas-ppc-agencies/","""Praveen Ravi"" -> /author/praveen-ravi/
""marketing checklists hub"" -> /checklists/
""Google Ads checklist"" -> /checklists/google-ads-checklist/
""LinkedIn Ads checklist"" -> /checklists/linkedin-ads-checklist/
""PPC audit checklist"" -> /checklists/ppc-audit-checklist/
""SaaS PPC checklist"" -> /checklists/saas-ppc-checklist/
""talk to us"" -> /saas-ppc/"
/checklists/google-ads-checklist/,service,The Complete Google Ads Checklist for 2026 (Download PDF + Excel),6,10,,"""Google Ads checklist"" <- /checklists/google-ads-audit-checklist/
""Google Ads checklist"" <- /checklists/google-ads-remarketing-checklist/
""Google Ads checklist"" <- /checklists/google-ads-setup-checklist/
""Google Ads checklist"" <- /checklists/meta-ads-checklist/
""Google Ads checklist"" <- /checklists/ppc-audit-checklist/
""Google Ads checklist"" <- /checklists/saas-ppc-checklist/","""Praveen Ravi"" -> /author/praveen-ravi/
""marketing checklists hub"" -> /checklists/
""Conversion tracking checklist"" -> /checklists/conversion-tracking-checklist/
""Google Ads audit checklist"" -> /checklists/google-ads-audit-checklist/
""Google Ads remarketing checklist"" -> /checklists/google-ads-remarketing-checklist/
""Google Ads setup checklist"" -> /checklists/google-ads-setup-checklist/
""Meta Ads checklist"" -> /checklists/meta-ads-checklist/
""PPC audit checklist"" -> /checklists/ppc-audit-checklist/
""SaaS PPC checklist"" -> /checklists/saas-ppc-checklist/
""talk to us"" -> /contact-us/"
/checklists/google-ads-remarketing-checklist/,service,The Google Ads Remarketing Checklist for 2026 (Download PDF + Excel),2,12,,"""Google Ads remarketing checklist"" <- /checklists/google-ads-checklist/
""Google Ads remarketing checklist"" <- /checklists/google-ads-setup-checklist/","""Praveen Ravi"" -> /author/praveen-ravi/
""marketing checklists hub"" -> /checklists/
""conversion tracking checklist"" -> /checklists/conversion-tracking-checklist/
""Google Ads checklist"" -> /checklists/google-ads-checklist/
""Google Ads setup checklist"" -> /checklists/google-ads-setup-checklist/
""LinkedIn Ads checklist"" -> /checklists/linkedin-ads-checklist/
""Meta Ads checklist"" -> /checklists/meta-ads-checklist/
""social proof"" -> /glossary/what-is-conversion-rate/
""CPA"" -> /glossary/what-is-cpa/
""Google Ads"" -> /glossary/what-is-google-ads/
""ROAS"" -> /glossary/what-is-roas/
""talk to us"" -> /google-ads-agency/"
/checklists/google-ads-setup-checklist/,service,The Google Ads Setup Checklist for 2026 (Download PDF + Excel),4,10,,"""Google Ads setup checklist"" <- /checklists/conversion-tracking-checklist/
""Google Ads setup checklist"" <- /checklists/google-ads-checklist/
""Google Ads setup checklist"" <- /checklists/google-ads-remarketing-checklist/
""Google Ads setup checklist"" <- /list/best-saas-ppc-agencies/","""Vishnu Prasadh"" -> /author/vishnu-prasad/
""marketing checklists hub"" -> /checklists/
""conversion tracking checklist"" -> /checklists/conversion-tracking-checklist/
""Google Ads audit checklist"" -> /checklists/google-ads-audit-checklist/
""Google Ads checklist"" -> /checklists/google-ads-checklist/
""Google Ads remarketing checklist"" -> /checklists/google-ads-remarketing-checklist/
""landing page"" -> /glossary/what-is-a-landing-page/
""CPA"" -> /glossary/what-is-cpa/
""Google Ads"" -> /glossary/what-is-google-ads/
""talk to us"" -> /google-ads-agency/"
/checklists/google-ai-overviews-checklist/,service,The Google AI Overviews (AIO) Optimization Checklist for 2026 (Download PDF + Excel),1,7,,"""Google AI Overviews checklist"" <- /checklists/aeo-checklist/","""Kamaraj Mathiarasan (Kim)"" -> /author/kamaraj-mathiarasan/
""marketing checklists hub"" -> /checklists/
""AEO checklist"" -> /checklists/aeo-checklist/
""AI SEO checklist"" -> /checklists/ai-seo-checklist/
""on-page AEO checklist"" -> /checklists/on-page-aeo-checklist/
""talk to us"" -> /saas-seo-agency/
""AI SEO agency"" -> /saas-seo-agency/ai-seo-services/"
/checklists/image-seo-checklist/,service,The Image SEO Checklist for 2026 (Download PDF + Excel),3,5,,"""image SEO checklist"" <- /checklists/mobile-seo-checklist/
""image SEO checklist"" <- /checklists/seo-checklist/
""image SEO checklist"" <- /checklists/technical-seo-checklist/","""Kamaraj Mathiarasan (Kim)"" -> /author/kamaraj-mathiarasan/
""marketing checklists hub"" -> /checklists/
""mobile SEO checklist"" -> /checklists/mobile-seo-checklist/
""technical SEO checklist"" -> /checklists/technical-seo-checklist/
""talk to us"" -> /contact-us/"
/checklists/internal-linking-checklist/,service,The Internal Linking Checklist for 2026 (Download PDF + Excel),3,9,,"""internal linking checklist"" <- /checklists/on-page-seo-checklist/
""Internal linking checklist"" <- /checklists/seo-checklist/
""internal-linking plan"" <- /list/best-saas-seo-agencies/","""Praveen Ravi"" -> /author/praveen-ravi/
""guide to internal linking"" -> /blogs/how-to-use-internal-linking/
""marketing checklists hub"" -> /checklists/
""content SEO checklist"" -> /checklists/content-seo-checklist/
""on-page SEO checklist"" -> /checklists/on-page-seo-checklist/
""SEO audit checklist"" -> /checklists/seo-audit-checklist/
""complete SEO checklist"" -> /checklists/seo-checklist/
""technical SEO checklist"" -> /checklists/technical-seo-checklist/
""talk to us"" -> /contact-us/"
/checklists/international-seo-checklist/,service,The International SEO Checklist for 2026 (Download PDF + Excel),1,5,,"""international SEO checklist"" <- /checklists/seo-checklist/","""Kamaraj Mathiarasan (Kim)"" -> /author/kamaraj-mathiarasan/
""marketing checklists hub"" -> /checklists/
""complete SEO checklist"" -> /checklists/seo-checklist/
""technical SEO checklist"" -> /checklists/technical-seo-checklist/
""talk to us"" -> /contact-us/"
/checklists/keyword-research-checklist/,service,The Keyword Research Checklist for 2026 (Download PDF + Excel),6,5,,"""keyword research checklist"" <- /blogs/how-to-do-saas-seo-keyword-research/
""keyword research checklist"" <- /checklists/blog-post-checklist/
""keyword research checklist"" <- /checklists/content-audit-checklist/
""Keyword research checklist"" <- /checklists/content-marketing-checklist/
""keyword research checklist"" <- /checklists/content-seo-checklist/
""Keyword research checklist"" <- /checklists/seo-checklist/","""Kamaraj Mathiarasan (Kim)"" -> /author/kamaraj-mathiarasan/
""marketing checklists hub"" -> /checklists/
""content SEO checklist"" -> /checklists/content-seo-checklist/
""complete SEO checklist"" -> /checklists/seo-checklist/
""talk to us"" -> /saas-seo-agency/"
/checklists/landing-page-checklist/,service,The Landing Page Checklist for 2026 (Download PDF + Excel),7,5,,"""landing page checklist"" <- /blogs/ab-test-saas-landing-pages/
""landing page checklist"" <- /blogs/optimize-saas-landing-pages-for-seo/
""landing page checklist"" <- /checklists/ab-testing-checklist/
""landing page checklist"" <- /checklists/cro-checklist/
""landing page checklist"" <- /checklists/demand-generation-checklist/
""landing page checklist"" <- /checklists/product-led-seo-checklist/
""landing page checklist"" <- /checklists/saas-lead-generation-checklist/","""Praveen Ravi"" -> /author/praveen-ravi/
""marketing checklists hub"" -> /checklists/
""demand generation checklist"" -> /checklists/demand-generation-checklist/
""Google Ads audit checklist"" -> /checklists/google-ads-audit-checklist/
""talk to us"" -> /saas-ppc/"
/checklists/linkedin-ads-checklist/,service,The LinkedIn Ads Checklist for 2026 (Download PDF + Excel),4,5,,"""LinkedIn Ads checklist"" <- /blogs/how-do-i-run-linkedin-ads-for-saas-an-experts-take/
""LinkedIn Ads checklist"" <- /checklists/abm-checklist/
""LinkedIn Ads checklist"" <- /checklists/google-ads-audit-checklist/
""LinkedIn Ads checklist"" <- /checklists/google-ads-remarketing-checklist/","""Praveen Ravi"" -> /author/praveen-ravi/
""marketing checklists hub"" -> /checklists/
""ABM checklist"" -> /checklists/abm-checklist/
""SaaS PPC checklist"" -> /checklists/saas-ppc-checklist/
""talk to us"" -> /saas-ppc/"
/checklists/local-seo-checklist/,service,The Local SEO Checklist for 2026 (Download PDF + Excel),1,5,,"""Local SEO checklist"" <- /checklists/seo-checklist/","""Kamaraj Mathiarasan (Kim)"" -> /author/kamaraj-mathiarasan/
""marketing checklists hub"" -> /checklists/
""off-page SEO checklist"" -> /checklists/off-page-seo-checklist/
""complete SEO checklist"" -> /checklists/seo-checklist/
""talk to us"" -> /contact-us/"
/checklists/marketing-attribution-checklist/,service,The Marketing Attribution Checklist for 2026 (Download PDF + Excel),1,8,,"""marketing attribution checklist"" <- /checklists/conversion-tracking-checklist/","""Praveen Ravi"" -> /author/praveen-ravi/
""marketing checklists hub"" -> /checklists/
""conversion tracking checklist"" -> /checklists/conversion-tracking-checklist/
""demand generation checklist"" -> /checklists/demand-generation-checklist/
""GA4 audit checklist"" -> /checklists/ga4-audit-checklist/
""conversion"" -> /glossary/what-is-conversion-rate/
""UTM"" -> /glossary/what-is-ppc/
""talk to us"" -> /saas-ppc/"
/checklists/meta-ads-checklist/,service,The Meta Ads Checklist for 2026 (Download PDF + Excel),4,5,,"""Meta Ads checklist"" <- /checklists/google-ads-checklist/
""Meta Ads checklist"" <- /checklists/google-ads-remarketing-checklist/
""Meta Ads checklist"" <- /checklists/ppc-audit-checklist/
""Meta Ads checklist"" <- /checklists/saas-ppc-checklist/","""Sabarish Chandrasekar"" -> /author/sabarish-chandrasekar/
""marketing checklists hub"" -> /checklists/
""Google Ads checklist"" -> /checklists/google-ads-checklist/
""PPC audit checklist"" -> /checklists/ppc-audit-checklist/
""talk to us"" -> /contact-us/"
/checklists/mobile-seo-checklist/,service,The Mobile SEO Checklist for 2026 (Download PDF + Excel),3,5,,"""mobile SEO checklist"" <- /checklists/image-seo-checklist/
""mobile SEO checklist"" <- /checklists/seo-checklist/
""mobile SEO checklist"" <- /checklists/technical-seo-checklist/","""Kamaraj Mathiarasan (Kim)"" -> /author/kamaraj-mathiarasan/
""marketing checklists hub"" -> /checklists/
""image SEO checklist"" -> /checklists/image-seo-checklist/
""technical SEO checklist"" -> /checklists/technical-seo-checklist/
""talk to us"" -> /contact-us/"
/checklists/new-website-seo-checklist/,service,The New Website SEO Checklist for 2026 (Download PDF + Excel),3,6,,"""new website SEO checklist"" <- /checklists/seo-checklist/
""new website SEO checklist"" <- /checklists/seo-site-migration-checklist/
""new website SEO checklist"" <- /checklists/website-audit-checklist/","""Kamaraj Mathiarasan (Kim)"" -> /author/kamaraj-mathiarasan/
""marketing checklists hub"" -> /checklists/
""on-page SEO checklist"" -> /checklists/on-page-seo-checklist/
""SEO site migration checklist"" -> /checklists/seo-site-migration-checklist/
""technical SEO checklist"" -> /checklists/technical-seo-checklist/
""talk to us"" -> /contact-us/"
/checklists/off-page-seo-checklist/,service,The Off-Page SEO Checklist for 2026 (Download PDF + Excel),6,6,,"""off-page SEO checklist"" <- /checklists/local-seo-checklist/
""off-page SEO checklist"" <- /checklists/on-page-seo-checklist/
""off-page SEO checklist"" <- /checklists/reddit-quora-seo-checklist/
""off-page SEO checklist"" <- /checklists/saas-link-building-checklist/
""Off-page SEO checklist"" <- /checklists/seo-checklist/
""off-page SEO checklist"" <- /checklists/technical-seo-checklist/","""Kamaraj Mathiarasan (Kim)"" -> /author/kamaraj-mathiarasan/
""SaaS link building"" -> /blogs/saas-link-building/
""marketing checklists hub"" -> /checklists/
""complete SEO checklist"" -> /checklists/seo-checklist/
""technical SEO checklist"" -> /checklists/technical-seo-checklist/
""talk to us"" -> /contact-us/"
/checklists/on-page-aeo-checklist/,service,The On-Page AEO Checklist for 2026 (Download PDF + Excel),2,7,,"""on-page AEO checklist"" <- /checklists/aeo-checklist/
""on-page AEO checklist"" <- /checklists/google-ai-overviews-checklist/","""Kamaraj Mathiarasan (Kim)"" -> /author/kamaraj-mathiarasan/
""marketing checklists hub"" -> /checklists/
""AEO checklist"" -> /checklists/aeo-checklist/
""GEO checklist"" -> /checklists/geo-checklist/
""on-page SEO checklist"" -> /checklists/on-page-seo-checklist/
""talk to us"" -> /saas-seo-agency/
""AEO agency"" -> /saas-seo-agency/ai-seo-services/"
/checklists/on-page-seo-checklist/,service,The On-Page SEO Checklist for 2026 (Download PDF + Excel),7,7,,"""on-page SEO checklist"" <- /checklists/content-seo-checklist/
""on-page SEO checklist"" <- /checklists/internal-linking-checklist/
""on-page SEO checklist"" <- /checklists/new-website-seo-checklist/
""on-page SEO checklist"" <- /checklists/on-page-aeo-checklist/
""on-page SEO checklist"" <- /checklists/seo-audit-checklist/
""On-page SEO checklist"" <- /checklists/seo-checklist/
""on-page SEO checklist"" <- /checklists/wordpress-seo-checklist/","""Kamaraj Mathiarasan (Kim)"" -> /author/kamaraj-mathiarasan/
""marketing checklists hub"" -> /checklists/
""internal linking checklist"" -> /checklists/internal-linking-checklist/
""off-page SEO checklist"" -> /checklists/off-page-seo-checklist/
""complete SEO checklist"" -> /checklists/seo-checklist/
""technical SEO checklist"" -> /checklists/technical-seo-checklist/
""talk to us"" -> /contact-us/"
/checklists/perplexity-seo-checklist/,service,The Perplexity SEO Checklist for 2026 (Download PDF + Excel),3,6,,"""Perplexity SEO checklist"" <- /checklists/ai-crawler-access-checklist/
""Perplexity SEO checklist"" <- /checklists/chatgpt-seo-checklist/
""Perplexity SEO"" <- /checklists/geo-checklist/","""Kamaraj Mathiarasan (Kim)"" -> /author/kamaraj-mathiarasan/
""marketing checklists hub"" -> /checklists/
""AI crawler access checklist"" -> /checklists/ai-crawler-access-checklist/
""ChatGPT SEO checklist"" -> /checklists/chatgpt-seo-checklist/
""GEO checklist"" -> /checklists/geo-checklist/
""talk to us"" -> /saas-seo-agency/"
/checklists/ppc-audit-checklist/,service,The PPC Audit Checklist for 2026 (Download PDF + Excel),4,7,,"""PPC audit checklist"" <- /checklists/google-ads-audit-checklist/
""PPC audit checklist"" <- /checklists/google-ads-checklist/
""PPC audit checklist"" <- /checklists/meta-ads-checklist/
""PPC audit checklist"" <- /checklists/saas-ppc-checklist/","""Vishnu Prasadh"" -> /author/vishnu-prasad/
""marketing checklists hub"" -> /checklists/
""Google Ads audit checklist"" -> /checklists/google-ads-audit-checklist/
""Google Ads checklist"" -> /checklists/google-ads-checklist/
""Meta Ads checklist"" -> /checklists/meta-ads-checklist/
""SaaS PPC checklist"" -> /checklists/saas-ppc-checklist/
""talk to us"" -> /contact-us/"
/checklists/product-led-seo-checklist/,service,The Product-Led SEO Checklist for 2026 (Download PDF + Excel),2,8,,"""product-led SEO checklist"" <- /checklists/saas-link-building-checklist/
""product-led SEO checklist"" <- /checklists/saas-seo-strategy-checklist/","""Praveen Ravi"" -> /author/praveen-ravi/
""SaaS SEO guide"" -> /blogs/b2b-saas-seo/
""marketing checklists hub"" -> /checklists/
""landing page checklist"" -> /checklists/landing-page-checklist/
""SaaS link building checklist"" -> /checklists/saas-link-building-checklist/
""SaaS SEO checklist"" -> /checklists/saas-seo-checklist/
""SaaS SEO strategy checklist"" -> /checklists/saas-seo-strategy-checklist/
""talk to us"" -> /contact-us/"
/checklists/reddit-quora-seo-checklist/,service,The Reddit & Quora Checklist for SEO and AEO in 2026 (Download PDF + Excel),0,6,YES,,"""Kamaraj Mathiarasan (Kim)"" -> /author/kamaraj-mathiarasan/
""marketing checklists hub"" -> /checklists/
""AEO checklist"" -> /checklists/aeo-checklist/
""GEO checklist"" -> /checklists/geo-checklist/
""off-page SEO checklist"" -> /checklists/off-page-seo-checklist/
""talk to us"" -> /saas-seo-agency/"
/checklists/saas-go-to-market-checklist/,service,The SaaS Go-to-Market Checklist for 2026 (Download PDF + Excel),3,5,,"""SaaS go-to-market checklist"" <- /checklists/abm-checklist/
""SaaS go-to-market checklist"" <- /checklists/demand-generation-checklist/
""SaaS go-to-market checklist"" <- /checklists/saas-lead-generation-checklist/","""Praveen Ravi"" -> /author/praveen-ravi/
""marketing checklists hub"" -> /checklists/
""ABM checklist"" -> /checklists/abm-checklist/
""demand generation checklist"" -> /checklists/demand-generation-checklist/
""talk to us"" -> /contact-us/"
/checklists/saas-lead-generation-checklist/,service,The SaaS Lead Generation Checklist for 2026 (Download PDF + Excel),0,8,YES,,"""Kamaraj Mathiarasan (Kim)"" -> /author/kamaraj-mathiarasan/
""marketing checklists hub"" -> /checklists/
""ABM checklist"" -> /checklists/abm-checklist/
""demand generation checklist"" -> /checklists/demand-generation-checklist/
""landing page checklist"" -> /checklists/landing-page-checklist/
""SaaS go-to-market checklist"" -> /checklists/saas-go-to-market-checklist/
""SaaS SEO strategy checklist"" -> /checklists/saas-seo-strategy-checklist/
""talk to us"" -> /contact-us/"
/checklists/saas-link-building-checklist/,service,The SaaS Link Building Checklist for 2026 (Download PDF + Excel),2,8,,"""SaaS link building checklist"" <- /checklists/product-led-seo-checklist/
""SaaS link building checklist"" <- /checklists/saas-seo-strategy-checklist/","""Praveen Ravi"" -> /author/praveen-ravi/
""SaaS SEO guide"" -> /blogs/b2b-saas-seo/
""marketing checklists hub"" -> /checklists/
""off-page SEO checklist"" -> /checklists/off-page-seo-checklist/
""product-led SEO checklist"" -> /checklists/product-led-seo-checklist/
""SEO reporting for SaaS checklist"" -> /checklists/saas-seo-reporting-checklist/
""SaaS SEO strategy checklist"" -> /checklists/saas-seo-strategy-checklist/
""talk to us"" -> /contact-us/"
/checklists/saas-ppc-checklist/,service,The SaaS PPC Checklist for 2026: With Detailed Guidance (Download PDF + Excel),8,14,,"""checklist"" <- /blogs/saas-ppc/
""SaaS PPC"" <- /blogs/the-8-common-saas-google-ads-mistakes-to-avoid-in-2026/
""SaaS PPC checklist"" <- /blogs/the-no-nonsense-guide-to-auditing-your-saas-ppc-account/
""SaaS PPC checklist"" <- /checklists/google-ads-audit-checklist/
""SaaS PPC checklist"" <- /checklists/google-ads-checklist/
""SaaS PPC checklist"" <- /checklists/linkedin-ads-checklist/
""SaaS PPC checklist"" <- /checklists/ppc-audit-checklist/
""SaaS PPC checklist"" <- /list/best-saas-ppc-agencies/","""Praveen Ravi"" -> /author/praveen-ravi/
""Google Ads"" -> /blogs/how-to-run-google-ads-for-saas/
""common SaaS LinkedIn Ads mistakes"" -> /blogs/saas-linkedin-ads-mistakes-to-avoid/
""SaaS PPC"" -> /blogs/saas-ppc/
""social proof"" -> /blogs/saas-social-proof/
""common SaaS Google Ads mistakes"" -> /blogs/the-8-common-saas-google-ads-mistakes-to-avoid-in-2026/
""SaaS PPC audit framework"" -> /blogs/the-no-nonsense-guide-to-auditing-your-saas-ppc-account/
""Google Ads checklist"" -> /checklists/google-ads-checklist/
""Meta Ads checklist"" -> /checklists/meta-ads-checklist/
""PPC audit checklist"" -> /checklists/ppc-audit-checklist/
""landing page"" -> /glossary/what-is-a-landing-page/
""Google Ads"" -> /glossary/what-is-google-ads/
""ICP"" -> /glossary/what-is-icp/
""PPC"" -> /glossary/what-is-ppc/"
/checklists/saas-seo-checklist/,service,My SaaS SEO Checklist for 2026: An Experience-based Guide (Download PDF + Excel),7,19,,"""SaaS SEO checklist."" <- /blogs/how-to-do-saas-seo-competitor-analysis/
""SaaS SEO checklist"" <- /blogs/how-to-do-saas-seo-keyword-research/
""SaaS SEO checklist"" <- /checklists/product-led-seo-checklist/
""SaaS SEO checklist"" <- /checklists/saas-seo-reporting-checklist/
""SaaS SEO checklist"" <- /checklists/saas-seo-strategy-checklist/
""SaaS SEO checklist"" <- /checklists/seo-checklist/
""SaaS SEO checklist"" <- /list/best-saas-seo-agencies/","""Kamaraj Mathiarasan (Kim)"" -> /author/kamaraj-mathiarasan/
""nurture them"" -> /blogs/b2b-demand-generation-guide/
""cannibalization"" -> /blogs/how-to-fix-keyword-cannibalization/
""comparison page"" -> /blogs/how-to-write-saas-comparison-pages-for-seo/
""Content marketing"" -> /blogs/saas-content-marketing-guide/
""SaaS SEO"" -> /blogs/saas-seo/
""Reach out to us"" -> /contact-us/
""Backlinks"" -> /glossary/what-is-a-backlink/
""canonical tags"" -> /glossary/what-is-a-canonical-tag/
""LLMs"" -> /glossary/what-is-an-llm/
""conversion rate"" -> /glossary/what-is-conversion-rate/
""CRO"" -> /glossary/what-is-cro/
""GA4"" -> /glossary/what-is-ga4/
""ICP"" -> /glossary/what-is-icp/
""keyword research"" -> /glossary/what-is-keyword-research/
""SEO"" -> /glossary/what-is-seo/
""SERP"" -> /glossary/what-is-serp/
""best SaaS SEO agencies"" -> /list/best-saas-seo-agencies/
""PipeRocket Digital"" -> /saas-seo-agency/"
/checklists/saas-seo-reporting-checklist/,service,The SEO Reporting for SaaS Checklist for 2026 (Download PDF + Excel),2,8,,"""SEO reporting for SaaS checklist"" <- /checklists/saas-link-building-checklist/
""SEO reporting for SaaS checklist"" <- /checklists/saas-seo-strategy-checklist/","""Kamaraj Mathiarasan (Kim)"" -> /author/kamaraj-mathiarasan/
""SaaS SEO guide"" -> /blogs/b2b-saas-seo/
""marketing checklists hub"" -> /checklists/
""GA4 audit checklist"" -> /checklists/ga4-audit-checklist/
""SaaS SEO checklist"" -> /checklists/saas-seo-checklist/
""SaaS SEO strategy checklist"" -> /checklists/saas-seo-strategy-checklist/
""SEO audit checklist"" -> /checklists/seo-audit-checklist/
""talk to us"" -> /contact-us/"
/checklists/saas-seo-strategy-checklist/,service,The SaaS SEO Strategy Checklist for 2026 (Download PDF + Excel),5,9,,"""SaaS SEO strategy checklist"" <- /checklists/product-led-seo-checklist/
""SaaS SEO strategy checklist"" <- /checklists/saas-lead-generation-checklist/
""SaaS SEO strategy checklist"" <- /checklists/saas-link-building-checklist/
""SaaS SEO strategy checklist"" <- /checklists/saas-seo-reporting-checklist/
""SaaS SEO strategy checklist"" <- /list/best-saas-seo-agencies/","""Kamaraj Mathiarasan (Kim)"" -> /author/kamaraj-mathiarasan/
""SaaS SEO guide"" -> /blogs/b2b-saas-seo/
""marketing checklists hub"" -> /checklists/
""product-led SEO checklist"" -> /checklists/product-led-seo-checklist/
""SaaS link building checklist"" -> /checklists/saas-link-building-checklist/
""SaaS SEO checklist"" -> /checklists/saas-seo-checklist/
""SEO reporting for SaaS checklist"" -> /checklists/saas-seo-reporting-checklist/
""complete SEO checklist"" -> /checklists/seo-checklist/
""talk to us"" -> /contact-us/"
/checklists/seo-audit-checklist/,service,The SEO Audit Checklist for 2026 (Download PDF + Excel),7,8,,"""SEO audit checklist"" <- /checklists/content-audit-checklist/
""SEO audit checklist"" <- /checklists/ga4-audit-checklist/
""SEO audit checklist"" <- /checklists/internal-linking-checklist/
""SEO audit checklist"" <- /checklists/saas-seo-reporting-checklist/
""SEO audit checklist"" <- /checklists/seo-checklist/
""SEO audit checklist"" <- /checklists/seo-competitor-analysis-checklist/
""SEO audit checklist"" <- /checklists/website-audit-checklist/","""Kamaraj Mathiarasan (Kim)"" -> /author/kamaraj-mathiarasan/
""marketing checklists hub"" -> /checklists/
""on-page SEO checklist"" -> /checklists/on-page-seo-checklist/
""complete SEO checklist"" -> /checklists/seo-checklist/
""SEO competitor analysis checklist"" -> /checklists/seo-competitor-analysis-checklist/
""technical SEO checklist"" -> /checklists/technical-seo-checklist/
""website audit checklist"" -> /checklists/website-audit-checklist/
""talk to us"" -> /contact-us/"
/checklists/seo-checklist/,service,The Complete SEO Checklist for 2026 (Download PDF + Excel),19,27,,"""complete SEO checklist"" <- /checklists/aeo-checklist/
""complete SEO checklist"" <- /checklists/ai-seo-checklist/
""complete SEO checklist"" <- /checklists/blog-post-checklist/
""complete SEO checklist"" <- /checklists/content-seo-checklist/
""complete SEO checklist"" <- /checklists/eeat-checklist/
""complete SEO checklist"" <- /checklists/entity-seo-checklist/
""complete SEO checklist"" <- /checklists/internal-linking-checklist/
""complete SEO checklist"" <- /checklists/international-seo-checklist/
""complete SEO checklist"" <- /checklists/keyword-research-checklist/
""complete SEO checklist"" <- /checklists/local-seo-checklist/
""complete SEO checklist"" <- /checklists/off-page-seo-checklist/
""complete SEO checklist"" <- /checklists/on-page-seo-checklist/
""complete SEO checklist"" <- /checklists/saas-seo-strategy-checklist/
""complete SEO checklist"" <- /checklists/seo-audit-checklist/
""complete SEO checklist"" <- /checklists/seo-competitor-analysis-checklist/
""complete SEO checklist"" <- /checklists/seo-site-migration-checklist/
""complete SEO checklist"" <- /checklists/technical-seo-checklist/
""complete SEO checklist"" <- /checklists/wordpress-seo-checklist/
""complete SEO checklist"" <- /checklists/youtube-seo-checklist/","""Kamaraj Mathiarasan (Kim)"" -> /author/kamaraj-mathiarasan/
""guide to GEO for SaaS"" -> /blogs/how-to-do-geo-for-saas/
""GEO for SaaS"" -> /blogs/how-to-do-geo-for-saas/
""SaaS link building"" -> /blogs/saas-link-building/
""technical SEO for SaaS"" -> /blogs/technical-seo-for-saas/
""SEO checklists hub"" -> /checklists/
""AEO checklist"" -> /checklists/aeo-checklist/
""AI SEO checklist"" -> /checklists/ai-seo-checklist/
""content marketing checklist"" -> /checklists/content-marketing-checklist/
""content SEO checklist"" -> /checklists/content-seo-checklist/
""GEO checklist"" -> /checklists/geo-checklist/
""image SEO checklist"" -> /checklists/image-seo-checklist/
""Internal linking checklist"" -> /checklists/internal-linking-checklist/
""international SEO checklist"" -> /checklists/international-seo-checklist/
""Keyword research checklist"" -> /checklists/keyword-research-checklist/
""Local SEO checklist"" -> /checklists/local-seo-checklist/
""mobile SEO checklist"" -> /checklists/mobile-seo-checklist/
""new website SEO checklist"" -> /checklists/new-website-seo-checklist/
""Off-page SEO checklist"" -> /checklists/off-page-seo-checklist/
""On-page SEO checklist"" -> /checklists/on-page-seo-checklist/
""SaaS SEO checklist"" -> /checklists/saas-seo-checklist/
""SEO audit checklist"" -> /checklists/seo-audit-checklist/
""SEO competitor analysis checklist"" -> /checklists/seo-competitor-analysis-checklist/
""SEO site migration checklist"" -> /checklists/seo-site-migration-checklist/
""Technical SEO checklist"" -> /checklists/technical-seo-checklist/
""website audit checklist"" -> /checklists/website-audit-checklist/
""talk to us"" -> /contact-us/"
/checklists/seo-competitor-analysis-checklist/,service,The SEO Competitor Analysis Checklist for 2026 (Download PDF + Excel),3,6,,"""SEO competitor analysis checklist"" <- /checklists/seo-audit-checklist/
""SEO competitor analysis checklist"" <- /checklists/seo-checklist/
""SEO competitor analysis checklist"" <- /checklists/website-audit-checklist/","""Kamaraj Mathiarasan (Kim)"" -> /author/kamaraj-mathiarasan/
""marketing checklists hub"" -> /checklists/
""SEO audit checklist"" -> /checklists/seo-audit-checklist/
""complete SEO checklist"" -> /checklists/seo-checklist/
""website audit checklist"" -> /checklists/website-audit-checklist/
""talk to us"" -> /contact-us/"
/checklists/seo-site-migration-checklist/,service,The SEO Site Migration Checklist for 2026 (Download PDF + Excel),2,6,,"""SEO site migration checklist"" <- /checklists/new-website-seo-checklist/
""SEO site migration checklist"" <- /checklists/seo-checklist/","""Kamaraj Mathiarasan (Kim)"" -> /author/kamaraj-mathiarasan/
""marketing checklists hub"" -> /checklists/
""new website SEO checklist"" -> /checklists/new-website-seo-checklist/
""complete SEO checklist"" -> /checklists/seo-checklist/
""technical SEO checklist"" -> /checklists/technical-seo-checklist/
""talk to us"" -> /contact-us/"
/checklists/technical-seo-checklist/,service,The Technical SEO Checklist for 2026 (Download PDF + Excel),14,9,,"""technical SEO checklist"" <- /checklists/ga4-audit-checklist/
""technical SEO checklist"" <- /checklists/image-seo-checklist/
""technical SEO checklist"" <- /checklists/internal-linking-checklist/
""technical SEO checklist"" <- /checklists/international-seo-checklist/
""technical SEO checklist"" <- /checklists/mobile-seo-checklist/
""technical SEO checklist"" <- /checklists/new-website-seo-checklist/
""technical SEO checklist"" <- /checklists/off-page-seo-checklist/
""technical SEO checklist"" <- /checklists/on-page-seo-checklist/
""technical SEO checklist"" <- /checklists/seo-audit-checklist/
""Technical SEO checklist"" <- /checklists/seo-checklist/
""technical SEO checklist"" <- /checklists/seo-site-migration-checklist/
""technical SEO checklist"" <- /checklists/website-audit-checklist/
""technical SEO checklist"" <- /checklists/wordpress-seo-checklist/
""Technical SEO checklist"" <- /list/best-saas-seo-agencies/","""Kamaraj Mathiarasan (Kim)"" -> /author/kamaraj-mathiarasan/
""technical SEO for SaaS"" -> /blogs/technical-seo-for-saas/
""marketing checklists hub"" -> /checklists/
""image SEO checklist"" -> /checklists/image-seo-checklist/
""mobile SEO checklist"" -> /checklists/mobile-seo-checklist/
""off-page SEO checklist"" -> /checklists/off-page-seo-checklist/
""complete SEO checklist"" -> /checklists/seo-checklist/
""website audit checklist"" -> /checklists/website-audit-checklist/
""talk to us"" -> /contact-us/"
/checklists/website-audit-checklist/,service,The Website Audit Checklist for 2026 (Download PDF + Excel),4,7,,"""website audit checklist"" <- /checklists/seo-audit-checklist/
""website audit checklist"" <- /checklists/seo-checklist/
""website audit checklist"" <- /checklists/seo-competitor-analysis-checklist/
""website audit checklist"" <- /checklists/technical-seo-checklist/","""Kamaraj Mathiarasan (Kim)"" -> /author/kamaraj-mathiarasan/
""marketing checklists hub"" -> /checklists/
""new website SEO checklist"" -> /checklists/new-website-seo-checklist/
""SEO audit checklist"" -> /checklists/seo-audit-checklist/
""SEO competitor analysis checklist"" -> /checklists/seo-competitor-analysis-checklist/
""technical SEO checklist"" -> /checklists/technical-seo-checklist/
""talk to us"" -> /contact-us/"
/checklists/wordpress-seo-checklist/,service,The WordPress SEO Checklist for 2026 (Download PDF + Excel),0,6,YES,,"""Kamaraj Mathiarasan (Kim)"" -> /author/kamaraj-mathiarasan/
""marketing checklists hub"" -> /checklists/
""on-page SEO checklist"" -> /checklists/on-page-seo-checklist/
""complete SEO checklist"" -> /checklists/seo-checklist/
""technical SEO checklist"" -> /checklists/technical-seo-checklist/
""talk to us"" -> /saas-seo-agency/"
/checklists/youtube-seo-checklist/,service,The YouTube SEO Checklist for 2026 (Download PDF + Excel),0,5,YES,,"""Kamaraj Mathiarasan (Kim)"" -> /author/kamaraj-mathiarasan/
""marketing checklists hub"" -> /checklists/
""content SEO checklist"" -> /checklists/content-seo-checklist/
""complete SEO checklist"" -> /checklists/seo-checklist/
""talk to us"" -> /saas-seo-agency/"
/compare/,section,Compare PipeRocket vs other B2B SaaS agencies,0,0,,,
/compare/6sense-vs-bombora/,compare,6sense vs Bombora,2,2,,"""6sense vs Bombora"" <- /alternative/6sense-alternatives/
""6sense vs Bombora"" <- /alternative/bombora-alternatives/","""Kamaraj Mathiarasan (Kim)"" -> /author/kamaraj-mathiarasan/
""Ranjeeth Kumar"" -> /author/ranjeeth/"
/compare/6sense-vs-demandbase/,compare,6sense vs Demandbase,2,2,,"""6sense vs Demandbase"" <- /alternative/6sense-alternatives/
""6sense vs Demandbase"" <- /alternative/demandbase-alternatives/","""Immanual D M"" -> /author/immanual/
""Praveen Ravi"" -> /author/praveen-ravi/"
/compare/ab-tasty-vs-convert/,compare,AB Tasty vs Convert.com,2,2,,"""AB Tasty vs Convert.com"" <- /alternative/ab-tasty-alternatives/
""AB Tasty vs Convert"" <- /alternative/convert-alternatives/","""Kamaraj Mathiarasan (Kim)"" -> /author/kamaraj-mathiarasan/
""Sabari Rohith"" -> /author/rohith/"
/compare/ahrefs-vs-moz/,compare,Ahrefs vs Moz Pro,5,2,,"""Ahrefs vs Moz"" <- /alternative/ahrefs-alternatives/
""Ahrefs vs Moz"" <- /alternative/mangools-alternatives/
""Ahrefs vs Moz"" <- /alternative/moz-alternatives/
""Ahrefs vs Moz"" <- /alternative/semrush-alternatives/
""Ahrefs vs Moz"" <- /alternative/seobility-alternatives/","""Kamaraj Mathiarasan (Kim)"" -> /author/kamaraj-mathiarasan/
""Sabari Rohith"" -> /author/rohith/"
/compare/ahrefs-vs-semrush/,compare,Ahrefs vs Semrush,6,2,,"""Ahrefs vs Semrush"" <- /alternative/ahrefs-alternatives/
""Ahrefs vs Semrush"" <- /alternative/brightedge-alternatives/
""Ahrefs vs Semrush"" <- /alternative/mangools-alternatives/
""Ahrefs vs Semrush"" <- /alternative/semrush-alternatives/
""Ahrefs vs Semrush"" <- /alternative/seobility-alternatives/
""Ahrefs vs Semrush"" <- /alternative/sitebulb-alternatives/","""Kamaraj Mathiarasan (Kim)"" -> /author/kamaraj-mathiarasan/
""Sabari Rohith"" -> /author/rohith/"
/compare/ahrefs-vs-ubersuggest/,compare,Ahrefs vs Ubersuggest,5,2,,"""Ahrefs vs Ubersuggest"" <- /alternative/ahrefs-alternatives/
""Ahrefs vs Ubersuggest"" <- /alternative/semrush-alternatives/
""Ahrefs vs Ubersuggest"" <- /alternative/seozoom-alternatives/
""Ahrefs vs Ubersuggest"" <- /alternative/serpstat-alternatives/
""Ahrefs vs Ubersuggest"" <- /alternative/ubersuggest-alternatives/","""Kamaraj Mathiarasan (Kim)"" -> /author/kamaraj-mathiarasan/
""Ranjeeth Kumar"" -> /author/ranjeeth/"
/compare/apollo-vs-zoominfo/,compare,Apollo.io vs ZoomInfo,2,2,,"""Apollo vs ZoomInfo"" <- /alternative/apollo-alternatives/
""Apollo vs ZoomInfo"" <- /alternative/zoominfo-alternatives/","""Praveen Ravi"" -> /author/praveen-ravi/
""Vishnu Prasadh"" -> /author/vishnu-prasad/"
/compare/brightedge-vs-seoclarity/,compare,BrightEdge vs seoClarity,1,2,,"""BrightEdge vs seoClarity"" <- /alternative/brightedge-alternatives/","""Kamaraj Mathiarasan (Kim)"" -> /author/kamaraj-mathiarasan/
""Ranjeeth Kumar"" -> /author/ranjeeth/"
/compare/clay-vs-apollo/,compare,Clay vs Apollo.io,2,2,,"""Clay vs Apollo"" <- /alternative/apollo-alternatives/
""Clay vs Apollo"" <- /alternative/zoominfo-alternatives/","""Praveen Ravi"" -> /author/praveen-ravi/
""Vishnu Prasadh"" -> /author/vishnu-prasad/"
/compare/clearbit-vs-apollo/,compare,Clearbit vs Apollo.io,1,2,,"""Clearbit vs Apollo"" <- /alternative/apollo-alternatives/","""Kamaraj Mathiarasan (Kim)"" -> /author/kamaraj-mathiarasan/
""Ranjeeth Kumar"" -> /author/ranjeeth/"
/compare/clearbit-vs-lusha/,compare,Clearbit vs Lusha,0,2,YES,,"""Praveen Ravi"" -> /author/praveen-ravi/
""Sabarish Chandrasekar"" -> /author/sabarish-chandrasekar/"
/compare/clearbit-vs-zoominfo/,compare,Clearbit vs ZoomInfo,1,2,,"""Clearbit vs ZoomInfo"" <- /alternative/zoominfo-alternatives/","""Kamaraj Mathiarasan (Kim)"" -> /author/kamaraj-mathiarasan/
""Ranjeeth Kumar"" -> /author/ranjeeth/"
/compare/cognism-vs-apollo/,compare,Cognism vs Apollo.io,1,2,,"""Cognism vs Apollo"" <- /alternative/cognism-alternatives/","""Praveen Ravi"" -> /author/praveen-ravi/
""Sabarish Chandrasekar"" -> /author/sabarish-chandrasekar/"
/compare/cognism-vs-zoominfo/,compare,Cognism vs ZoomInfo,1,2,,"""Cognism vs ZoomInfo"" <- /alternative/cognism-alternatives/","""Praveen Ravi"" -> /author/praveen-ravi/
""Vishnu Prasadh"" -> /author/vishnu-prasad/"
/compare/conductor-vs-brightedge/,compare,Conductor vs BrightEdge,3,2,,"""Conductor vs BrightEdge"" <- /alternative/botify-alternatives/
""Conductor vs BrightEdge"" <- /alternative/brightedge-alternatives/
""Conductor vs BrightEdge"" <- /alternative/sitebulb-alternatives/","""Kamaraj Mathiarasan (Kim)"" -> /author/kamaraj-mathiarasan/
""Ranjeeth Kumar"" -> /author/ranjeeth/"
/compare/directive-consulting-vs-refine-labs/,compare,Directive Consulting vs Refine Labs,2,2,,"""Directive Consulting vs Refine Labs"" <- /alternative/directive-consulting-alternatives/
""Directive Consulting vs Refine Labs"" <- /alternative/refine-labs-alternatives/","""Kamaraj Mathiarasan (Kim)"" -> /author/kamaraj-mathiarasan/
""Praveen Ravi"" -> /author/praveen-ravi/"
/compare/dreamdata-vs-hockeystack/,compare,Dreamdata vs HockeyStack,2,2,,"""Dreamdata vs HockeyStack"" <- /alternative/dreamdata-alternatives/
""Dreamdata vs HockeyStack"" <- /alternative/hockeystack-alternatives/","""Kamaraj Mathiarasan (Kim)"" -> /author/kamaraj-mathiarasan/
""Vignesh Sampath"" -> /author/vignesh-sampath/"
/compare/factors-ai-vs-dreamdata/,compare,Factors.ai vs Dreamdata,1,2,,"""Factors.ai vs Dreamdata"" <- /alternative/dreamdata-alternatives/","""Kamaraj Mathiarasan (Kim)"" -> /author/kamaraj-mathiarasan/
""Vignesh Sampath"" -> /author/vignesh-sampath/"
/compare/hotjar-vs-fullstory/,compare,Hotjar vs FullStory,2,2,,"""Hotjar vs FullStory"" <- /alternative/hotjar-alternatives/
""Hotjar vs FullStory"" <- /blogs/optimize-saas-landing-pages-for-seo/","""Kamaraj Mathiarasan (Kim)"" -> /author/kamaraj-mathiarasan/
""Vignesh Sampath"" -> /author/vignesh-sampath/"
/compare/hotjar-vs-microsoft-clarity/,compare,Hotjar vs Microsoft Clarity,1,2,,"""Hotjar vs Microsoft Clarity"" <- /alternative/hotjar-alternatives/","""Praveen Ravi"" -> /author/praveen-ravi/
""Vishnu Prasadh"" -> /author/vishnu-prasad/"
/compare/hotjar-vs-mouseflow/,compare,Hotjar vs Mouseflow,2,2,,"""Hotjar vs Mouseflow"" <- /alternative/hotjar-alternatives/
""Hotjar vs Mouseflow"" <- /alternative/mouseflow-alternatives/","""Praveen Ravi"" -> /author/praveen-ravi/
""Sabarish Chandrasekar"" -> /author/sabarish-chandrasekar/"
/compare/instapage-vs-leadpages/,compare,Instapage vs Leadpages,2,2,,"""Instapage vs Leadpages"" <- /alternative/instapage-alternatives/
""Instapage vs Leadpages"" <- /alternative/leadpages-alternatives/","""Praveen Ravi"" -> /author/praveen-ravi/
""Vishnu Prasadh"" -> /author/vishnu-prasad/"
/compare/jasper-vs-copy-ai/,compare,Jasper vs Copy.ai,3,2,,"""Jasper vs Copy.ai"" <- /alternative/copy-ai-alternatives/
""Jasper vs Copy.ai"" <- /alternative/jasper-alternatives/
""Jasper vs Copy.ai"" <- /blogs/how-to-write-saas-seo-content-with-ai-that-actually-ranks/","""Kamaraj Mathiarasan (Kim)"" -> /author/kamaraj-mathiarasan/
""Sabari Rohith"" -> /author/rohith/"
/compare/jasper-vs-writesonic/,compare,Jasper vs Writesonic,1,2,,"""Jasper vs Writesonic"" <- /alternative/jasper-alternatives/","""Kamaraj Mathiarasan (Kim)"" -> /author/kamaraj-mathiarasan/
""Sabari Rohith"" -> /author/rohith/"
/compare/kaspr-vs-lusha/,compare,Kaspr vs Lusha,1,2,,"""Kaspr vs Lusha"" <- /alternative/lusha-alternatives/","""Praveen Ravi"" -> /author/praveen-ravi/
""Vishnu Prasadh"" -> /author/vishnu-prasad/"
/compare/klientboost-vs-disruptive-advertising/,compare,KlientBoost vs Disruptive Advertising,1,2,,"""KlientBoost vs Disruptive Advertising"" <- /alternative/klientboost-alternatives/","""Kamaraj Mathiarasan (Kim)"" -> /author/kamaraj-mathiarasan/
""Praveen Ravi"" -> /author/praveen-ravi/"
/compare/leadfeeder-vs-albacross/,compare,Leadfeeder vs Albacross,1,2,,"""Leadfeeder vs Albacross"" <- /alternative/leadfeeder-alternatives/","""Praveen Ravi"" -> /author/praveen-ravi/
""Sabarish Chandrasekar"" -> /author/sabarish-chandrasekar/"
/compare/leadpages-vs-unbounce/,compare,Leadpages vs Unbounce,2,2,,"""Leadpages vs Unbounce"" <- /alternative/leadpages-alternatives/
""Leadpages vs Unbounce"" <- /alternative/unbounce-alternatives/","""Kamaraj Mathiarasan (Kim)"" -> /author/kamaraj-mathiarasan/
""Omar Sheriff"" -> /author/omar/"
/compare/lusha-vs-cognism/,compare,Lusha vs Cognism,1,2,,"""Lusha vs Cognism"" <- /alternative/lusha-alternatives/","""Immanual D M"" -> /author/immanual/
""Praveen Ravi"" -> /author/praveen-ravi/"
/compare/mangools-vs-semrush/,compare,Mangools vs Semrush,4,2,,"""Mangools vs Semrush"" <- /alternative/mangools-alternatives/
""Mangools vs Semrush"" <- /alternative/semrush-alternatives/
""Mangools vs Semrush"" <- /alternative/seobility-alternatives/
""Mangools vs Semrush"" <- /alternative/serpstat-alternatives/","""Kamaraj Mathiarasan (Kim)"" -> /author/kamaraj-mathiarasan/
""Sabari Rohith"" -> /author/rohith/"
/compare/mangools-vs-ubersuggest/,compare,Mangools vs Ubersuggest,4,2,,"""Mangools vs Ubersuggest"" <- /alternative/mangools-alternatives/
""Mangools vs Ubersuggest"" <- /alternative/seozoom-alternatives/
""Mangools vs Ubersuggest"" <- /alternative/serpstat-alternatives/
""Mangools vs Ubersuggest"" <- /alternative/ubersuggest-alternatives/","""Kamaraj Mathiarasan (Kim)"" -> /author/kamaraj-mathiarasan/
""Vignesh Sampath"" -> /author/vignesh-sampath/"
/compare/marketmuse-vs-clearscope/,compare,MarketMuse vs Clearscope,3,2,,"""MarketMuse vs Clearscope"" <- /alternative/clearscope-alternatives/
""MarketMuse vs Clearscope"" <- /alternative/marketmuse-alternatives/
""MarketMuse vs Clearscope"" <- /blogs/saas-seo/","""Kamaraj Mathiarasan (Kim)"" -> /author/kamaraj-mathiarasan/
""Omar Sheriff"" -> /author/omar/"
/compare/marketmuse-vs-frase/,compare,MarketMuse vs Frase,2,2,,"""MarketMuse vs Frase"" <- /alternative/frase-alternatives/
""MarketMuse vs Frase"" <- /alternative/marketmuse-alternatives/","""Kamaraj Mathiarasan (Kim)"" -> /author/kamaraj-mathiarasan/
""Ranjeeth Kumar"" -> /author/ranjeeth/"
/compare/moz-vs-semrush/,compare,Moz Pro vs Semrush,4,2,,"""Moz vs Semrush"" <- /alternative/mangools-alternatives/
""Moz vs Semrush"" <- /alternative/moz-alternatives/
""Moz vs Semrush"" <- /alternative/semrush-alternatives/
""Moz vs Semrush"" <- /alternative/seobility-alternatives/","""Kamaraj Mathiarasan (Kim)"" -> /author/kamaraj-mathiarasan/
""Vignesh Sampath"" -> /author/vignesh-sampath/"
/compare/optimizely-vs-ab-tasty/,compare,Optimizely vs AB Tasty,3,2,,"""Optimizely vs AB Tasty"" <- /alternative/ab-tasty-alternatives/
""Optimizely vs AB Tasty"" <- /alternative/convert-alternatives/
""Optimizely vs AB Tasty"" <- /alternative/optimizely-alternatives/","""Kamaraj Mathiarasan (Kim)"" -> /author/kamaraj-mathiarasan/
""Ranjeeth Kumar"" -> /author/ranjeeth/"
/compare/optmyzr-vs-opteo/,compare,Optmyzr vs Opteo,2,2,,"""Optmyzr vs Opteo"" <- /alternative/opteo-alternatives/
""Optmyzr vs Opteo"" <- /alternative/optmyzr-alternatives/","""Praveen Ravi"" -> /author/praveen-ravi/
""Vishnu Prasadh"" -> /author/vishnu-prasad/"
/compare/piperocket-digital-vs-klientboost/,compare,PipeRocket Digital vs KlientBoost,16,2,,"""PipeRocket vs KlientBoost"" <- /alternative/directive-consulting-alternatives/
""PipeRocket vs KlientBoost"" <- /alternative/klientboost-alternatives/
""PipeRocket vs KlientBoost"" <- /alternative/optimizely-alternatives/
""PipeRocket vs KlientBoost"" <- /alternative/refine-labs-alternatives/
""PipeRocket vs KlientBoost"" <- /alternative/single-grain-alternatives/
""PipeRocket vs KlientBoost"" <- /alternative/webfx-alternatives/
""PipeRocket vs KlientBoost"" <- /list/best-aeo-agency/
""PipeRocket vs KlientBoost"" <- /list/best-affordable-b2b-ppc-agencies/
""PipeRocket vs KlientBoost"" <- /list/best-b2b-advertising-agencies/
""PipeRocket vs KlientBoost"" <- /list/best-b2b-google-ads-agencies/
""PipeRocket vs KlientBoost"" <- /list/best-enterprise-ppc-agencies/
""PipeRocket vs KlientBoost"" <- /list/best-geo-agencies/
""PipeRocket vs KlientBoost"" <- /list/best-paid-social-agencies/
""PipeRocket vs KlientBoost"" <- /list/best-saas-marketing-agencies-2026/
""PipeRocket vs KlientBoost"" <- /list/best-saas-ppc-agencies/
""PipeRocket vs KlientBoost"" <- /list/top-b2b-ppc-agencies/","""Kamaraj Mathiarasan (Kim)"" -> /author/kamaraj-mathiarasan/
""Praveen Ravi"" -> /author/praveen-ravi/"
/compare/piperocket-digital-vs-nogood/,compare,PipeRocket Digital vs NoGood,19,2,,"""PipeRocket vs NoGood"" <- /alternative/animalz-alternatives/
""PipeRocket vs NoGood"" <- /alternative/directive-consulting-alternatives/
""PipeRocket vs NoGood"" <- /alternative/kalungi-alternatives/
""PipeRocket vs NoGood"" <- /alternative/klientboost-alternatives/
""PipeRocket vs NoGood"" <- /alternative/nogood-alternatives/
""PipeRocket vs NoGood"" <- /alternative/powered-by-search-alternatives/
""PipeRocket vs NoGood"" <- /alternative/refine-labs-alternatives/
""PipeRocket vs NoGood"" <- /alternative/single-grain-alternatives/
""PipeRocket vs NoGood"" <- /alternative/writesonic-alternatives/
""PipeRocket vs NoGood"" <- /list/best-aeo-agency/
""PipeRocket vs NoGood"" <- /list/best-ai-seo-agencies/
""PipeRocket vs NoGood"" <- /list/best-geo-agencies/
""PipeRocket vs NoGood"" <- /list/best-healthtech-marketing-agencies/
""PipeRocket vs NoGood"" <- /list/best-paid-social-agencies/
""PipeRocket vs NoGood"" <- /list/best-proptech-marketing-agencies/
""PipeRocket vs NoGood"" <- /list/best-saas-growth-marketing-agencies/
""PipeRocket vs NoGood"" <- /list/best-saas-marketing-agencies-2026/
""PipeRocket vs NoGood"" <- /list/best-saas-ppc-agencies/
""PipeRocket vs NoGood"" <- /list/top-performance-marketing-agencies/","""Kamaraj Mathiarasan (Kim)"" -> /author/kamaraj-mathiarasan/
""Praveen Ravi"" -> /author/praveen-ravi/"
/compare/piperocket-digital-vs-omniscient-digital/,compare,PipeRocket Digital vs Omniscient Digital,16,2,,"""PipeRocket vs Omniscient Digital"" <- /alternative/animalz-alternatives/
""PipeRocket vs Omniscient Digital"" <- /alternative/conductor-alternatives/
""PipeRocket vs Omniscient Digital"" <- /alternative/kalungi-alternatives/
""PipeRocket Digital vs Omniscient Digital"" <- /alternative/omniscient-digital-alternatives/
""PipeRocket vs Omniscient Digital"" <- /alternative/siege-media-alternatives/
""PipeRocket vs Omniscient Digital"" <- /alternative/simpletiger-alternatives/
""PipeRocket vs Omniscient Digital"" <- /alternative/single-grain-alternatives/
""PipeRocket vs Omniscient Digital"" <- /alternative/skale-alternatives/
""PipeRocket vs Omniscient Digital"" <- /alternative/writesonic-alternatives/
""PipeRocket vs Omniscient Digital"" <- /list/best-aeo-agency/
""PipeRocket vs Omniscient Digital"" <- /list/best-ai-seo-agencies/
""PipeRocket vs Omniscient Digital"" <- /list/best-b2b-content-marketing-agencies/
""PipeRocket vs Omniscient Digital"" <- /list/best-b2b-seo-agencies/
""PipeRocket vs Omniscient Digital"" <- /list/best-geo-agencies/
""PipeRocket vs Omniscient Digital"" <- /list/best-saas-geo-agencies/
""PipeRocket vs Omniscient Digital"" <- /list/best-saas-growth-marketing-agencies/","""Kamaraj Mathiarasan (Kim)"" -> /author/kamaraj-mathiarasan/
""Praveen Ravi"" -> /author/praveen-ravi/"
/compare/piperocket-digital-vs-siege-media/,compare,PipeRocket Digital vs Siege Media,19,2,,"""PipeRocket vs Siege Media"" <- /alternative/animalz-alternatives/
""PipeRocket vs Siege Media"" <- /alternative/conductor-alternatives/
""PipeRocket vs Siege Media"" <- /alternative/omniscient-digital-alternatives/
""PipeRocket vs Siege Media"" <- /alternative/siege-media-alternatives/
""PipeRocket vs Siege Media"" <- /alternative/simpletiger-alternatives/
""PipeRocket vs Siege Media"" <- /alternative/writesonic-alternatives/
""PipeRocket vs Siege Media"" <- /list/best-aeo-agency/
""PipeRocket vs Siege Media"" <- /list/best-b2b-content-marketing-agencies/
""PipeRocket vs Siege Media"" <- /list/best-b2b-marketing-agencies/
""PipeRocket vs Siege Media"" <- /list/best-b2b-seo-agencies/
""PipeRocket vs Siege Media"" <- /list/best-enterprise-seo-agencies/
""PipeRocket vs Siege Media"" <- /list/best-fintech-geo-agencies/
""PipeRocket vs Siege Media"" <- /list/best-geo-agencies/
""PipeRocket vs Siege Media"" <- /list/best-legaltech-marketing-agencies/
""PipeRocket vs Siege Media"" <- /list/best-saas-content-marketing-agencies/
""PipeRocket vs Siege Media"" <- /list/best-saas-geo-agencies/
""PipeRocket vs Siege Media"" <- /list/best-saas-link-building-agencies/
""PipeRocket vs Siege Media"" <- /list/best-technical-seo-agencies/
""PipeRocket vs Siege Media"" <- /list/top-fintech-marketing-agencies/","""Kamaraj Mathiarasan (Kim)"" -> /author/kamaraj-mathiarasan/
""Praveen Ravi"" -> /author/praveen-ravi/"
/compare/piperocket-digital-vs-webfx/,compare,PipeRocket Digital vs WebFX,7,2,,"""PipeRocket vs. WebFX comparison"" <- /alternative/webfx-alternatives/
""PipeRocket vs WebFX"" <- /list/best-aeo-agency/
""PipeRocket vs WebFX"" <- /list/best-affordable-b2b-ppc-agencies/
""PipeRocket vs WebFX"" <- /list/best-enterprise-seo-agencies/
""PipeRocket vs WebFX"" <- /list/best-geo-agencies/
""PipeRocket vs WebFX"" <- /list/best-proptech-marketing-agencies/
""PipeRocket vs WebFX"" <- /list/top-b2b-ppc-agencies/","""Kamaraj Mathiarasan (Kim)"" -> /author/kamaraj-mathiarasan/
""Praveen Ravi"" -> /author/praveen-ravi/"
/compare/piperocket-vs-directive-consulting/,compare,PipeRocket vs Directive Consulting: Which B2B SaaS Agency Fits Your Stage?,36,2,,"""PipeRocket vs Directive Consulting"" <- /alternative/cognism-alternatives/
""PipeRocket vs Directive Consulting"" <- /alternative/conductor-alternatives/
""PipeRocket vs Directive Consulting"" <- /alternative/directive-consulting-alternatives/
""PipeRocket vs Directive Consulting"" <- /alternative/factors-ai-alternatives/
""PipeRocket vs Directive Consulting"" <- /alternative/kalungi-alternatives/
""PipeRocket vs Directive Consulting"" <- /alternative/klientboost-alternatives/
""PipeRocket vs Directive Consulting"" <- /alternative/nogood-alternatives/
""PipeRocket vs Directive Consulting"" <- /alternative/optimizely-alternatives/
""PipeRocket vs Directive Consulting"" <- /alternative/powered-by-search-alternatives/
""PipeRocket vs Directive Consulting"" <- /alternative/refine-labs-alternatives/
""PipeRocket vs Directive Consulting"" <- /alternative/rollworks-alternatives/
""PipeRocket vs Directive Consulting"" <- /alternative/simpletiger-alternatives/
""PipeRocket vs Directive Consulting"" <- /alternative/single-grain-alternatives/
""PipeRocket vs Directive Consulting"" <- /alternative/skale-alternatives/
""PipeRocket vs Directive Consulting"" <- /alternative/webfx-alternatives/
""PipeRocket vs Directive Consulting"" <- /alternative/writesonic-alternatives/
""PipeRocket vs Directive Consulting"" <- /list/best-abm-agencies/
""PipeRocket vs Directive Consulting"" <- /list/best-affordable-b2b-ppc-agencies/
""PipeRocket vs Directive Consulting"" <- /list/best-b2b-advertising-agencies/
""PipeRocket vs Directive Consulting"" <- /list/best-b2b-demand-generation-agencies/
""PipeRocket vs Directive Consulting"" <- /list/best-b2b-google-ads-agencies/
""PipeRocket vs Directive Consulting"" <- /list/best-b2b-marketing-agencies/
""PipeRocket vs Directive Consulting"" <- /list/best-b2b-seo-agencies/
""PipeRocket vs Directive Consulting"" <- /list/best-bing-ads-agencies/
""PipeRocket vs Directive Consulting"" <- /list/best-enterprise-ppc-agencies/
""PipeRocket vs Directive Consulting"" <- /list/best-hr-tech-marketing-agencies/
""PipeRocket vs Directive Consulting"" <- /list/best-legaltech-marketing-agencies/
""PipeRocket vs Directive Consulting"" <- /list/best-martech-marketing-agencies/
""PipeRocket vs Directive Consulting"" <- /list/best-paid-social-agencies/
""PipeRocket vs Directive Consulting"" <- /list/best-saas-growth-marketing-agencies/
""PipeRocket vs Directive Consulting"" <- /list/best-saas-marketing-agencies-2026/
""PipeRocket vs Directive Consulting"" <- /list/best-saas-ppc-agencies/
""PipeRocket vs Directive Consulting"" <- /list/best-saas-seo-agencies/
""PipeRocket vs Directive Consulting"" <- /list/best-technical-seo-agencies/
""PipeRocket vs Directive Consulting"" <- /list/top-b2b-ppc-agencies/
""PipeRocket vs Directive Consulting"" <- /list/top-performance-marketing-agencies/","""Kamaraj Mathiarasan (Kim)"" -> /author/kamaraj-mathiarasan/
""Praveen Ravi"" -> /author/praveen-ravi/"
/compare/rollworks-vs-6sense/,compare,RollWorks vs 6sense,1,2,,"""RollWorks vs 6sense"" <- /alternative/6sense-alternatives/","""Praveen Ravi"" -> /author/praveen-ravi/
""Vishnu Prasadh"" -> /author/vishnu-prasad/"
/compare/rollworks-vs-demandbase/,compare,RollWorks vs Demandbase,1,2,,"""RollWorks vs Demandbase"" <- /alternative/demandbase-alternatives/","""Praveen Ravi"" -> /author/praveen-ravi/
""Sabarish Chandrasekar"" -> /author/sabarish-chandrasekar/"
/compare/screaming-frog-vs-sitebulb/,compare,Screaming Frog vs Sitebulb,2,3,,"""Screaming Frog vs Sitebulb"" <- /alternative/screaming-frog-alternatives/
""Screaming Frog vs Sitebulb"" <- /alternative/sitebulb-alternatives/","""Kamaraj Mathiarasan (Kim)"" -> /author/kamaraj-mathiarasan/
""Sabari Rohith"" -> /author/rohith/
""best SEO audit tools"" -> /list/best-seo-audit-tools/"
/compare/se-ranking-vs-ahrefs/,compare,SE Ranking vs Ahrefs,6,2,,"""SE Ranking vs Ahrefs"" <- /alternative/ahrefs-alternatives/
""SE Ranking vs Ahrefs"" <- /alternative/mangools-alternatives/
""SE Ranking vs Ahrefs"" <- /alternative/raventools-alternatives/
""SE Ranking vs Ahrefs"" <- /alternative/seobility-alternatives/
""SE Ranking vs Ahrefs"" <- /alternative/seozoom-alternatives/
""SE Ranking vs Ahrefs"" <- /alternative/serpstat-alternatives/","""Kamaraj Mathiarasan (Kim)"" -> /author/kamaraj-mathiarasan/
""Ranjeeth Kumar"" -> /author/ranjeeth/"
/compare/se-ranking-vs-semrush/,compare,SE Ranking vs Semrush,6,2,,"""SE Ranking vs Semrush"" <- /alternative/mangools-alternatives/
""SE Ranking vs Semrush"" <- /alternative/raventools-alternatives/
""SE Ranking vs Semrush"" <- /alternative/semrush-alternatives/
""SE Ranking vs Semrush"" <- /alternative/seobility-alternatives/
""SE Ranking vs Semrush"" <- /alternative/seozoom-alternatives/
""SE Ranking vs Semrush"" <- /alternative/serpstat-alternatives/","""Kamaraj Mathiarasan (Kim)"" -> /author/kamaraj-mathiarasan/
""Ranjeeth Kumar"" -> /author/ranjeeth/"
/compare/seamless-ai-vs-zoominfo/,compare,Seamless.AI vs ZoomInfo,1,2,,"""Seamless.AI vs ZoomInfo"" <- /alternative/zoominfo-alternatives/","""Praveen Ravi"" -> /author/praveen-ravi/
""Sabarish Chandrasekar"" -> /author/sabarish-chandrasekar/"
/compare/semrush-vs-serpstat/,compare,Semrush vs Serpstat,5,2,,"""Semrush vs Serpstat"" <- /alternative/mangools-alternatives/
""Semrush vs Serpstat"" <- /alternative/semrush-alternatives/
""Semrush vs Serpstat"" <- /alternative/seobility-alternatives/
""Semrush vs Serpstat"" <- /alternative/seozoom-alternatives/
""Semrush vs Serpstat"" <- /alternative/serpstat-alternatives/","""Kamaraj Mathiarasan (Kim)"" -> /author/kamaraj-mathiarasan/
""Sabari Rohith"" -> /author/rohith/"
/compare/semrush-vs-spyfu/,compare,Semrush vs SpyFu,3,2,,"""Semrush vs SpyFu"" <- /alternative/mangools-alternatives/
""Semrush vs SpyFu"" <- /alternative/semrush-alternatives/
""Semrush vs SpyFu"" <- /alternative/serpstat-alternatives/","""Kamaraj Mathiarasan (Kim)"" -> /author/kamaraj-mathiarasan/
""Omar Sheriff"" -> /author/omar/"
/compare/serpstat-vs-moz/,compare,Serpstat vs Moz Pro,4,2,,"""Serpstat vs Moz"" <- /alternative/mangools-alternatives/
""Serpstat vs Moz"" <- /alternative/moz-alternatives/
""Serpstat vs Moz"" <- /alternative/seobility-alternatives/
""Serpstat vs Moz"" <- /alternative/serpstat-alternatives/","""Kamaraj Mathiarasan (Kim)"" -> /author/kamaraj-mathiarasan/
""Sabari Rohith"" -> /author/rohith/"
/compare/siege-media-vs-animalz/,compare,Siege Media vs Animalz,2,2,,"""Siege Media vs Animalz"" <- /alternative/animalz-alternatives/
""Siege Media vs Animalz"" <- /alternative/siege-media-alternatives/","""Kamaraj Mathiarasan (Kim)"" -> /author/kamaraj-mathiarasan/
""Praveen Ravi"" -> /author/praveen-ravi/"
/compare/siege-media-vs-omniscient-digital/,compare,Siege Media vs Omniscient Digital,2,2,,"""Siege Media vs Omniscient Digital"" <- /alternative/omniscient-digital-alternatives/
""Siege Media vs Omniscient Digital"" <- /alternative/siege-media-alternatives/","""Kamaraj Mathiarasan (Kim)"" -> /author/kamaraj-mathiarasan/
""Praveen Ravi"" -> /author/praveen-ravi/"
/compare/simpletiger-vs-skale/,compare,SimpleTiger vs Skale,2,2,,"""SimpleTiger vs Skale"" <- /alternative/simpletiger-alternatives/
""SimpleTiger vs Skale"" <- /alternative/skale-alternatives/","""Kamaraj Mathiarasan (Kim)"" -> /author/kamaraj-mathiarasan/
""Praveen Ravi"" -> /author/praveen-ravi/"
/compare/surfer-seo-vs-clearscope/,compare,Surfer SEO vs Clearscope,1,2,,"""Surfer SEO vs Clearscope"" <- /alternative/marketmuse-alternatives/","""Kamaraj Mathiarasan (Kim)"" -> /author/kamaraj-mathiarasan/
""Ranjeeth Kumar"" -> /author/ranjeeth/"
/compare/surfer-seo-vs-frase/,compare,Surfer SEO vs Frase,2,2,,"""Surfer SEO vs Frase"" <- /alternative/frase-alternatives/
""Surfer SEO vs Frase"" <- /alternative/surfer-seo-alternatives/","""Kamaraj Mathiarasan (Kim)"" -> /author/kamaraj-mathiarasan/
""Ranjeeth Kumar"" -> /author/ranjeeth/"
/compare/unbounce-vs-instapage/,compare,Unbounce vs Instapage,1,2,,"""Unbounce vs Instapage"" <- /alternative/unbounce-alternatives/","""Kamaraj Mathiarasan (Kim)"" -> /author/kamaraj-mathiarasan/
""Ranjeeth Kumar"" -> /author/ranjeeth/"
/compare/uplead-vs-apollo/,compare,UpLead vs Apollo.io,2,2,,"""UpLead vs Apollo"" <- /alternative/apollo-alternatives/
""UpLead vs Apollo"" <- /alternative/lusha-alternatives/","""Immanual D M"" -> /author/immanual/
""Praveen Ravi"" -> /author/praveen-ravi/"
/compare/vwo-vs-convert/,compare,VWO vs Convert.com,3,2,,"""VWO vs Convert.com"" <- /alternative/ab-tasty-alternatives/
""VWO vs Convert"" <- /alternative/convert-alternatives/
""VWO vs Convert"" <- /alternative/vwo-alternatives/","""Kamaraj Mathiarasan (Kim)"" -> /author/kamaraj-mathiarasan/
""Vignesh Sampath"" -> /author/vignesh-sampath/"
/compare/vwo-vs-optimizely/,compare,VWO vs Optimizely,2,2,,"""VWO vs Optimizely"" <- /alternative/convert-alternatives/
""VWO vs Optimizely"" <- /alternative/mouseflow-alternatives/","""Kamaraj Mathiarasan (Kim)"" -> /author/kamaraj-mathiarasan/
""Ranjeeth Kumar"" -> /author/ranjeeth/"
/compare/writesonic-vs-copy-ai/,compare,Writesonic vs Copy.ai,1,2,,"""Writesonic vs Copy.ai"" <- /alternative/copy-ai-alternatives/","""Kamaraj Mathiarasan (Kim)"" -> /author/kamaraj-mathiarasan/
""Sabari Rohith"" -> /author/rohith/"
/contact-us/,service,Talk to a SaaS marketer who has done your job,170,0,,"""reach out to us"" <- /alternative/6sense-alternatives/
""reach out to us"" <- /alternative/ahrefs-alternatives/
""$3,000/mo"" <- /alternative/animalz-alternatives/
""reach out to us"" <- /alternative/apollo-alternatives/
""reach out to us"" <- /alternative/bombora-alternatives/
""reach out to us"" <- /alternative/brightedge-alternatives/
""Reach out"" <- /alternative/clearscope-alternatives/
""$3,000/mo"" <- /alternative/cognism-alternatives/
""$3,000/mo"" <- /alternative/conductor-alternatives/
""contact page"" <- /alternative/copy-ai-alternatives/
""$3,000/mo"" <- /alternative/directive-consulting-alternatives/
""talk through what that looks like"" <- /alternative/dreamdata-alternatives/
""$3,000/mo"" <- /alternative/factors-ai-alternatives/
""get in touch directly"" <- /alternative/frase-alternatives/
""Talk to us"" <- /alternative/hotjar-alternatives/
""$3,000/mo"" <- /alternative/instapage-alternatives/
""get in touch"" <- /alternative/jasper-alternatives/
""$3,000/mo"" <- /alternative/kalungi-alternatives/
""$3,000/mo"" <- /alternative/klientboost-alternatives/
""$3,000/mo"" <- /alternative/leadfeeder-alternatives/
""$3,000/mo"" <- /alternative/lusha-alternatives/
""reach out to us"" <- /alternative/marketmuse-alternatives/
""Reach out to us"" <- /alternative/mouseflow-alternatives/
""reach out to us"" <- /alternative/moz-alternatives/
""Reach out to us"" <- /alternative/mutiny-alternatives/
""$3,000/mo"" <- /alternative/nogood-alternatives/
""$3,000/mo"" <- /alternative/omniscient-digital-alternatives/
""$3,000/mo"" <- /alternative/optimizely-alternatives/
""reach out to us"" <- /alternative/optmyzr-alternatives/
""$3,000/mo"" <- /alternative/powered-by-search-alternatives/
""$3,000/mo"" <- /alternative/refine-labs-alternatives/
""PipeRocket Digital"" <- /alternative/refine-labs-alternatives/
""$3,000/mo"" <- /alternative/rollworks-alternatives/
""contact us directly"" <- /alternative/screaming-frog-alternatives/
""reach out to us"" <- /alternative/semrush-alternatives/
""reach out to us"" <- /alternative/seobility-alternatives/
""$3,000/mo"" <- /alternative/siege-media-alternatives/
""$3,000/mo"" <- /alternative/simpletiger-alternatives/
""$3,000/mo"" <- /alternative/single-grain-alternatives/
""$3,000/mo"" <- /alternative/skale-alternatives/
""reach out here"" <- /alternative/surfer-seo-alternatives/
""get in touch directly"" <- /alternative/unbounce-alternatives/
""$3,000/mo"" <- /alternative/vwo-alternatives/
""$3,000/mo"" <- /alternative/webfx-alternatives/
""$3,000/mo"" <- /alternative/writesonic-alternatives/
""reach out to us"" <- /alternative/zoominfo-alternatives/
""contact page"" <- /blogs/ai-search-optimization-for-saas/
""reach out to us"" <- /blogs/ai-smart-bidding-for-saas-ppc/
""Book a call"" <- /blogs/b2b-content-marketing-guide/
""Contact us"" <- /blogs/b2b-demand-generation-guide/
""Book a strategy call with Piperocket Digital"" <- /blogs/b2b-inbound-marketing-guide/
""book a strategy call"" <- /blogs/b2b-lead-generation/
""Reach out to us"" <- /blogs/b2b-linkedin-marketing-guide/
""Book a strategy call"" <- /blogs/b2b-marketing/
""Schedule a call"" <- /blogs/b2b-ppc/
""get in touch with us today"" <- /blogs/enterprise-seo-guide/
""talk to us"" <- /blogs/fintech-seo-guide/
""reach out to us and let’s plan how to grow your pipeline"" <- /blogs/how-do-i-run-linkedin-ads-for-saas-an-experts-take/
""Reach out to us"" <- /blogs/how-to-do-keyword-gap-analysis/
""let’s discuss how we can bring them back!"" <- /blogs/how-to-do-saas-content-audit/
""our contact page"" <- /blogs/how-to-do-saas-seo-competitor-analysis/
""**Reach out to us!**"" <- /blogs/how-to-do-saas-seo-keyword-research/
""reach out and we can walk through it together"" <- /blogs/how-to-get-cited-in-ai-overviews/
""reach out and we'll walk through your question clusters together"" <- /blogs/how-to-rank-for-question-keywords/
""get in touch"" <- /blogs/how-to-rank-high-difficulty-keywords/
""let’s talk!"" <- /blogs/how-to-rank-on-chatgpt-in-2026-strategies-and-tips/
""reach out to us at PipeRocket."" <- /blogs/how-to-run-google-ads-for-saas/
""let’s connect"" <- /blogs/how-to-run-linkedin-retargeting-ads/
""let’s connect!"" <- /blogs/how-to-write-google-ads-copy-for-saas-in-2026/
""let’s talk about fixing that."" <- /blogs/linkedin-account-based-marketing/
""reach out and let's plan your pipeline"" <- /blogs/linkedin-ads-for-saas-guide/
""let’s have a real conversation"" <- /blogs/optimize-saas-landing-pages-for-seo/
""contact page"" <- /blogs/programmatic-seo-for-saas/
""Book a strategy call"" <- /blogs/saas-content-marketing-guide/
""Get in touch"" <- /blogs/saas-content-strategy/
""talk to us"" <- /blogs/saas-cro-strategy/
""let’s talk"" <- /blogs/saas-linkedin-ads-mistakes-to-avoid/
""reach out to us here"" <- /blogs/saas-messaging-strategy/
""reach out to us here"" <- /blogs/saas-paid-marketing-guide/
""reach out to us here"" <- /blogs/saas-positioning-strategy/
""talk to us"" <- /blogs/saas-seo/
""contact page"" <- /blogs/technical-seo-for-saas/
""Let’s talk!"" <- /blogs/the-8-common-saas-google-ads-mistakes-to-avoid-in-2026/
""contact page"" <- /careers/
""talk to us"" <- /checklists/abm-checklist/
""talk to us"" <- /checklists/aeo-checklist/
""talk to us"" <- /checklists/ai-seo-checklist/
""talk to us"" <- /checklists/content-marketing-checklist/
""talk to us"" <- /checklists/demand-generation-checklist/
""talk to us"" <- /checklists/ga4-audit-checklist/
""talk to us"" <- /checklists/geo-checklist/
""talk to us"" <- /checklists/google-ads-checklist/
""talk to us"" <- /checklists/image-seo-checklist/
""talk to us"" <- /checklists/internal-linking-checklist/
""talk to us"" <- /checklists/international-seo-checklist/
""talk to us"" <- /checklists/local-seo-checklist/
""talk to us"" <- /checklists/meta-ads-checklist/
""talk to us"" <- /checklists/mobile-seo-checklist/
""talk to us"" <- /checklists/new-website-seo-checklist/
""talk to us"" <- /checklists/off-page-seo-checklist/
""talk to us"" <- /checklists/on-page-seo-checklist/
""talk to us"" <- /checklists/ppc-audit-checklist/
""talk to us"" <- /checklists/product-led-seo-checklist/
""talk to us"" <- /checklists/saas-go-to-market-checklist/
""talk to us"" <- /checklists/saas-lead-generation-checklist/
""talk to us"" <- /checklists/saas-link-building-checklist/
""Reach out to us"" <- /checklists/saas-seo-checklist/
""talk to us"" <- /checklists/saas-seo-reporting-checklist/
""talk to us"" <- /checklists/saas-seo-strategy-checklist/
""talk to us"" <- /checklists/seo-audit-checklist/
""talk to us"" <- /checklists/seo-checklist/
""talk to us"" <- /checklists/seo-competitor-analysis-checklist/
""talk to us"" <- /checklists/seo-site-migration-checklist/
""talk to us"" <- /checklists/technical-seo-checklist/
""talk to us"" <- /checklists/website-audit-checklist/
""Get in touch"" <- /glossary/what-is-aeo/
""get in touch"" <- /glossary/what-is-an-ai-overview/
""get in touch"" <- /glossary/what-is-an-llm/
""Get in touch"" <- /glossary/what-is-geo/
""reach out via our contact page"" <- /glossary/what-is-schema-markup/
""$1,500/mo"" <- /list/best-aeo-agency/
""AEO audit and ICP analysis"" <- /list/best-aeo-agency/
""$3,000/mo"" <- /list/best-affordable-b2b-ppc-agencies/
""$1,500/mo"" <- /list/best-ai-seo-agencies/
""$3,000/mo"" <- /list/best-b2b-advertising-agencies/
""pipeline audit and ICP analysis"" <- /list/best-b2b-advertising-agencies/
""Custom"" <- /list/best-b2b-content-marketing-agencies/
""content audit and pipeline gap analysis"" <- /list/best-b2b-content-marketing-agencies/
""$5,000/mo"" <- /list/best-b2b-demand-generation-agencies/
""demand gen audit and ICP analysis"" <- /list/best-b2b-demand-generation-agencies/
""$5,000/mo"" <- /list/best-b2b-google-ads-agencies/
""pipeline audit and ICP analysis"" <- /list/best-b2b-google-ads-agencies/
""Custom"" <- /list/best-b2b-lead-generation-companies/
""lead gen audit and ICP analysis"" <- /list/best-b2b-lead-generation-companies/
""Custom"" <- /list/best-b2b-marketing-agencies/
""pipeline audit and ICP analysis"" <- /list/best-b2b-marketing-agencies/
""$5,000/mo"" <- /list/best-b2b-seo-agencies/
""SEO audit and pipeline analysis"" <- /list/best-b2b-seo-agencies/
""$5,000/mo"" <- /list/best-cybersecurity-marketing-agencies/
""demand gen audit and ICP analysis"" <- /list/best-cybersecurity-marketing-agencies/
""$5,000/mo"" <- /list/best-devtools-marketing-agencies/
""$5,000/mo"" <- /list/best-edtech-marketing-agencies/
""$5,000/mo"" <- /list/best-enterprise-seo-agencies/
""SEO audit and pipeline analysis"" <- /list/best-enterprise-seo-agencies/
""$3,000/mo"" <- /list/best-fintech-geo-agencies/
""$5,000/mo"" <- /list/best-healthtech-marketing-agencies/
""talk to us"" <- /list/best-heatmap-session-recording-tools-for-saas/
""$5,000/mo"" <- /list/best-hr-tech-marketing-agencies/
""book a free audit"" <- /list/best-hr-tech-marketing-agencies/
""talk to us"" <- /list/best-landing-page-builders-for-saas/
""$5,000/mo"" <- /list/best-legaltech-marketing-agencies/
""Custom pricing"" <- /list/best-linkedin-marketing-agencies/
""$3,000/mo"" <- /list/best-martech-marketing-agencies/
""PipeRocket Digital's free PPC audit"" <- /list/best-ppc-audit-tools/
""$5,000/mo"" <- /list/best-proptech-marketing-agencies/
""SEO audit and pipeline analysis"" <- /list/best-proptech-marketing-agencies/
""talk to us"" <- /list/best-rank-tracking-tools-for-saas/
""Custom pricing"" <- /list/best-saas-content-marketing-agencies/
""contact us"" <- /list/best-saas-geo-agencies/
""$5,000/mo"" <- /list/best-saas-growth-marketing-agencies/
""Custom retainer"" <- /list/best-saas-link-building-agencies/
""$3,000/mo"" <- /list/best-saas-marketing-agencies-2026/
""$3,000/mo"" <- /list/best-saas-seo-agencies/
""talk to us"" <- /list/best-schema-markup-tools-for-saas/
""talk to us"" <- /list/best-serp-testing-tools-for-saas/
""$3,000/mo"" <- /list/best-technical-seo-agencies/
""$5,000/mo"" <- /list/top-fintech-marketing-agencies/
""contact page"" <- /partnership/
""Talk to us"" <- /research/google-ads-benchmarks/
""contact page"" <- /terms-and-conditions/",
/cookies-policy/,service,Cookies Policy,2,2,,"""Cookies Policy"" <- /privacy-policy/
""Cookies Policy"" <- /terms-and-conditions/","""Privacy Policy"" -> /privacy-policy/
""Terms and Conditions"" -> /terms-and-conditions/"
/cybersecurity-marketing-agency/,service,AI-First B2B Cybersecurity Marketing Agency | PipeRocket Digital,1,0,,"""cybersecurity marketing team"" <- /research/ai-seo-statistics/",
/devtools-marketing-agency/,service,AI-First B2B DevTools Marketing Agency | PipeRocket Digital,0,0,YES,,
/edtech-marketing-agency/,service,AI-First B2B EdTech Marketing Agency | PipeRocket Digital,1,0,,"""edtech marketing"" <- /list/best-edtech-marketing-agencies/",
/enterprise-ai-seo-services/,service,Enterprise AI SEO Agency | AI Search Visibility at Scale,1,0,,"""enterprise AI SEO"" <- /list/best-enterprise-seo-agencies/",
/enterprise-ppc-agency/,service,Enterprise PPC Agency | Pipeline-Attributed Paid Media at Scale,0,0,YES,,
/enterprise-seo-agency/,service,enterprise-seo-agency,2,0,,"""B2B SaaS enterprise SEO"" <- /list/best-enterprise-seo-agencies/
""enterprise SEO agency services"" <- /list/best-enterprise-seo-software/",
/faqs/,service,Frequently asked questions,0,0,YES,,
/fintech-marketing-agency/,service,AI-First B2B Fintech Marketing Agency | PipeRocket Digital,2,0,,"""fintech marketing"" <- /list/top-fintech-marketing-agencies/
""fintech marketing team"" <- /research/ai-seo-statistics/",
/fintech-ppc-agency/,service,AI-First B2B Fintech PPC Agency | PipeRocket Digital,1,0,,"""fintech PPC"" <- /list/top-fintech-marketing-agencies/",
/glossary/,section,Glossary,0,0,,,
/glossary/what-are-keyword-clusters/,glossary,Keyword Cluster,3,11,,"""keyword clusters"" <- /blogs/enterprise-saas-seo-guide/
""keyword clusters"" <- /blogs/enterprise-seo-strategy-and-framework/
""clusters"" <- /blogs/how-to-do-saas-seo-keyword-research/","""Kamaraj Mathiarasan (Kim)"" -> /author/kamaraj-mathiarasan/
""cannibalization"" -> /blogs/how-to-fix-keyword-cannibalization/
""topical authority"" -> /blogs/how-to-improve-topical-authority/
""internal linking"" -> /blogs/how-to-use-internal-linking/
""ICP"" -> /glossary/what-is-icp/
""SEO"" -> /glossary/what-is-seo/
""SERP"" -> /glossary/what-is-serp/
""how the best B2B marketing agencies use content clusters for SaaS growth"" -> /list/best-b2b-marketing-agencies/
""top SaaS SEO agencies for B2B startups"" -> /list/best-b2b-seo-agencies/
""how top SaaS marketing agencies approach content clustering"" -> /list/best-saas-marketing-agencies-2026/
""best SaaS SEO agencies"" -> /list/best-saas-seo-agencies/"
/glossary/what-is-a-301-redirect/,glossary,"What Is a 301 Redirect? SEO, SaaS, and Real-World Risks",1,9,,"""301 redirects"" <- /blogs/enterprise-seo-challenges-and-fixes/","""Kamaraj Mathiarasan (Kim)"" -> /author/kamaraj-mathiarasan/
""ranking drop"" -> /blogs/how-to-recover-from-google-core-update/
""internal links"" -> /blogs/how-to-use-internal-linking/
""landing pages"" -> /glossary/what-is-a-landing-page/
""A/B testing"" -> /glossary/what-is-ab-testing/
""SEO"" -> /glossary/what-is-seo/
""how enterprise SEO agencies manage large-scale redirects"" -> /list/best-enterprise-seo-agencies/
""why top SaaS marketing agencies audit redirects post-launch"" -> /list/best-saas-marketing-agencies-2026/
""how top SaaS SEO agencies handle site migrations"" -> /list/best-saas-seo-agencies/"
/glossary/what-is-a-backlink/,glossary,What Is a Backlink? Meaning & Real-World Examples,52,11,,"""backlinks"" <- /blogs/ai-search-optimization-for-saas/
""backlinks"" <- /blogs/b2b-content-marketing-guide/
""backlinks"" <- /blogs/b2b-saas-seo/
""backlinks"" <- /blogs/enterprise-saas-seo-guide/
""backlinks"" <- /blogs/enterprise-seo-challenges-and-fixes/
""Backlink"" <- /blogs/enterprise-seo-guide/
""backlinks"" <- /blogs/enterprise-seo-strategy-and-framework/
""backlinks"" <- /blogs/geo-vs-seo/
""backlinks"" <- /blogs/google-ranking-factors-saas/
""backlinks"" <- /blogs/how-to-build-topic-clusters/
""backlink"" <- /blogs/how-to-do-geo-for-saas/
""backlinks"" <- /blogs/how-to-do-saas-seo-competitor-analysis/
""backlinks"" <- /blogs/how-to-fix-keyword-cannibalization/
""backlinks"" <- /blogs/how-to-improve-topical-authority/
""backlinks"" <- /blogs/how-to-rank-bofu-keywords-saas/
""backlinks"" <- /blogs/how-to-rank-high-difficulty-keywords/
""Backlinks"" <- /blogs/how-to-rank-tofu-keywords-saas/
""Backlink"" <- /blogs/how-to-report-seo-to-the-board/
""Backlink"" <- /blogs/how-to-set-seo-kpis-cfo-trusts/
""backlinks"" <- /blogs/how-to-use-internal-linking/
""backlink"" <- /blogs/how-to-write-seo-content-brief/
""backlink"" <- /blogs/saas-content-distribution-strategy/
""backlinks"" <- /blogs/saas-international-seo-strategy/
""backlinks"" <- /blogs/saas-link-building/
""backlink"" <- /blogs/saas-link-building/
""backlink"" <- /blogs/saas-messaging-strategy/
""backlinks"" <- /blogs/saas-positioning-strategy/
""backlinks"" <- /blogs/saas-seo-strategies-and-framework/
""backlinks"" <- /blogs/technical-seo-for-saas/
""backlinks"" <- /blogs/why-is-my-seo-not-driving-pipeline/
""Backlinks"" <- /checklists/saas-seo-checklist/
""backlinks"" <- /glossary/what-is-a-canonical-tag/
""backlink"" <- /glossary/what-is-a-commercial-keyword/
""backlinks"" <- /glossary/what-is-a-long-tail-keyword/
""backlinks"" <- /glossary/what-is-an-informational-keyword/
""backlinks"" <- /glossary/what-is-an-seo-audit/
""backlinks"" <- /glossary/what-is-anchor-text/
""backlinks"" <- /glossary/what-is-crawling/
""backlinks"" <- /glossary/what-is-domain-authority/
""backlinks"" <- /glossary/what-is-evergreen-content/
""backlink"" <- /glossary/what-is-geo/
""backlinks"" <- /glossary/what-is-google-search-console/
""backlinks"" <- /glossary/what-is-inbound-marketing/
""backlinks"" <- /glossary/what-is-indexing/
""backlinks"" <- /glossary/what-is-keyword-difficulty/
""backlinks"" <- /glossary/what-is-keyword-ranking/
""backlinks"" <- /glossary/what-is-off-page-seo/
""backlinks"" <- /glossary/what-is-on-page-seo/
""backlinks"" <- /glossary/what-is-technical-seo/
""backlink"" <- /glossary/what-is-topical-authority/
""backlink"" <- /list/best-saas-seo-agencies/
""backlinks"" <- /research/ai-seo-statistics/","""Kamaraj Mathiarasan (Kim)"" -> /author/kamaraj-mathiarasan/
""B2B marketing"" -> /blogs/b2b-marketing/
""topical authority"" -> /blogs/how-to-improve-topical-authority/
""Internal links"" -> /blogs/how-to-use-internal-linking/
""anchor text"" -> /glossary/what-is-anchor-text/
""Domain authority"" -> /glossary/what-is-domain-authority/
""SEO"" -> /glossary/what-is-seo/
""best B2B marketing agencies for SaaS growth"" -> /list/best-b2b-marketing-agencies/
""how top B2B SEO agencies drive high-authority backlinks"" -> /list/best-b2b-seo-agencies/
""how the best SaaS marketing agencies approach link building"" -> /list/best-saas-marketing-agencies-2026/
""best SaaS SEO agencies"" -> /list/best-saas-seo-agencies/"
/glossary/what-is-a-canonical-tag/,glossary,What Is a Canonical Tag? SaaS SEO Explained Clearly,12,14,,"""canonical tag"" <- /blogs/enterprise-saas-seo-guide/
""canonical tags"" <- /blogs/enterprise-seo-challenges-and-fixes/
""canonical tags"" <- /blogs/enterprise-seo-guide/
""canonical tags"" <- /blogs/enterprise-seo-strategy-and-framework/
""canonical tag"" <- /blogs/how-to-fix-keyword-cannibalization/
""canonical tags"" <- /blogs/how-to-rank-on-chatgpt-in-2026-strategies-and-tips/
""canonical tag"" <- /blogs/how-to-write-saas-comparison-pages-for-seo/
""canonical tags"" <- /blogs/optimize-saas-landing-pages-for-seo/
""canonical tag"" <- /blogs/saas-content-distribution-strategy/
""Canonical tags"" <- /blogs/saas-seo-strategies-and-framework/
""canonical tags"" <- /checklists/saas-seo-checklist/
""canonical tag"" <- /glossary/what-is-indexing/","""Kamaraj Mathiarasan (Kim)"" -> /author/kamaraj-mathiarasan/
""cannibalization"" -> /blogs/how-to-fix-keyword-cannibalization/
""topical authority"" -> /blogs/how-to-improve-topical-authority/
""internal links"" -> /blogs/how-to-use-internal-linking/
""backlinks"" -> /glossary/what-is-a-backlink/
""landing pages"" -> /glossary/what-is-a-landing-page/
""CTR"" -> /glossary/what-is-ctr/
""SEO"" -> /glossary/what-is-seo/
""SERP"" -> /glossary/what-is-serp/
""technical SEO"" -> /glossary/what-is-technical-seo/
""best B2B SEO agencies for SaaS growth"" -> /list/best-b2b-seo-agencies/
""best enterprise SEO agencies for technical audits"" -> /list/best-enterprise-seo-agencies/
""how the top SaaS marketing agencies solve duplicate content"" -> /list/best-saas-marketing-agencies-2026/
""best SaaS SEO agencies"" -> /list/best-saas-seo-agencies/"
/glossary/what-is-a-commercial-keyword/,glossary,What Is a Commercial Keyword? A SaaS Marketer's Guide,3,15,,"""commercial intent"" <- /glossary/what-is-a-navigational-keyword/
""Commercial searchers"" <- /glossary/what-is-a-transactional-keyword/
""Commercial intent"" <- /glossary/what-is-search-intent/","""Kamaraj Mathiarasan (Kim)"" -> /author/kamaraj-mathiarasan/
""topical authority"" -> /blogs/how-to-improve-topical-authority/
""how to map keywords to the SaaS buyer journey"" -> /blogs/how-to-map-keywords-to-saas-buyer-journey/
""how to prioritise SaaS keywords by funnel stage"" -> /blogs/how-to-prioritize-saas-keywords-by-funnel-stage/
""how to rank MOFU keywords for SaaS"" -> /blogs/how-to-rank-mofu-keywords-saas/
""top-of-funnel content"" -> /blogs/how-to-rank-tofu-keywords-saas/
""comparison pages"" -> /blogs/how-to-write-saas-comparison-pages-for-seo/
""backlink"" -> /glossary/what-is-a-backlink/
""Transactional queries"" -> /glossary/what-is-a-transactional-keyword/
""informational ones"" -> /glossary/what-is-an-informational-keyword/
""ICP"" -> /glossary/what-is-icp/
""intent spectrum"" -> /glossary/what-is-search-intent/
""SEO"" -> /glossary/what-is-seo/
""SERP"" -> /glossary/what-is-serp/
""best SaaS SEO agencies"" -> /list/best-saas-seo-agencies/"
/glossary/what-is-a-landing-page/,glossary,What Is a Landing Page? A Practical Guide for SaaS Teams,79,11,,"""landing page"" <- /blogs/ab-test-saas-landing-pages/
""landing page"" <- /blogs/ai-smart-bidding-for-saas-ppc/
""landing pages"" <- /blogs/b2b-content-marketing-guide/
""landing pages"" <- /blogs/b2b-inbound-marketing-guide/
""landing pages"" <- /blogs/b2b-lead-generation/
""landing pages"" <- /blogs/b2b-marketing/
""landing pages"" <- /blogs/b2b-ppc-guide/
""landing pages"" <- /blogs/b2b-ppc/
""landing pages"" <- /blogs/b2b-saas-seo/
""landing page"" <- /blogs/chatgpt-ads-for-saas/
""landing pages"" <- /blogs/enterprise-saas-seo-guide/
""landing pages"" <- /blogs/enterprise-seo-guide/
""landing page"" <- /blogs/enterprise-seo-strategy-and-framework/
""landing page"" <- /blogs/how-to-attribute-seo-to-pipeline/
""landing page"" <- /blogs/how-to-do-saas-seo-competitor-analysis/
""landing page"" <- /blogs/how-to-forecast-saas-ppc-budget/
""landing pages"" <- /blogs/how-to-measure-organic-cac/
""landing pages"" <- /blogs/how-to-rank-mofu-keywords-saas/
""landing pages"" <- /blogs/how-to-run-google-ads-for-saas/
""landing pages"" <- /blogs/how-to-run-linkedin-retargeting-ads/
""landing page"" <- /blogs/linkedin-ads-for-saas-guide/
""landing page"" <- /blogs/meta-ads-for-b2b-saas/
""landing pages"" <- /blogs/optimize-saas-landing-pages-for-seo/
""landing pages"" <- /blogs/programmatic-seo-for-saas/
""landing page"" <- /blogs/saas-abm-strategy/
""landing pages"" <- /blogs/saas-creative-testing/
""landing pages"" <- /blogs/saas-cro-strategy/
""landing page"" <- /blogs/saas-customer-acquisition-strategy/
""landing page"" <- /blogs/saas-demand-generation-strategy/
""Landing pages"" <- /blogs/saas-international-seo-strategy/
""landing page"" <- /blogs/saas-lead-generation-strategy/
""landing page"" <- /blogs/saas-linkedin-ad-copy/
""landing pages"" <- /blogs/saas-linkedin-ads-mistakes-to-avoid/
""landing pages"" <- /blogs/saas-messaging-strategy/
""landing pages"" <- /blogs/saas-ppc/
""landing page"" <- /blogs/saas-product-led-growth-strategy/
""landing page"" <- /blogs/saas-product-marketing-strategy/
""landing pages"" <- /blogs/saas-quality-score/
""landing pages"" <- /blogs/saas-seo-strategies-and-framework/
""landing pages"" <- /blogs/saas-social-proof/
""landing pages"" <- /blogs/technical-seo-for-saas/
""landing pages"" <- /blogs/the-8-common-saas-google-ads-mistakes-to-avoid-in-2026/
""landing pages"" <- /blogs/the-no-nonsense-guide-to-auditing-your-saas-ppc-account/
""landing pages"" <- /blogs/why-is-my-seo-not-driving-pipeline/
""landing page"" <- /checklists/google-ads-setup-checklist/
""landing page"" <- /checklists/saas-ppc-checklist/
""landing pages"" <- /glossary/what-is-a-301-redirect/
""landing pages"" <- /glossary/what-is-a-canonical-tag/
""landing pages"" <- /glossary/what-is-a-meta-description/
""landing pages"" <- /glossary/what-is-a-transactional-keyword/
""landing pages"" <- /glossary/what-is-ab-testing/
""landing pages"" <- /glossary/what-is-abm/
""landing pages"" <- /glossary/what-is-an-seo-audit/
""landing page"" <- /glossary/what-is-anchor-text/
""Landing pages"" <- /glossary/what-is-brand-positioning/
""landing pages"" <- /glossary/what-is-cls/
""landing pages"" <- /glossary/what-is-conversion-rate/
""landing pages"" <- /glossary/what-is-cpa/
""landing pages"" <- /glossary/what-is-cro/
""landing page"" <- /glossary/what-is-ctr/
""landing pages"" <- /glossary/what-is-google-ads/
""landing pages"" <- /glossary/what-is-google-search-console/
""landing pages"" <- /glossary/what-is-image-alt-text/
""landing pages"" <- /glossary/what-is-inbound-marketing/
""Landing pages"" <- /glossary/what-is-keyword-research/
""landing page"" <- /glossary/what-is-meta-ads/
""landing pages"" <- /glossary/what-is-performance-marketing/
""landing pages"" <- /glossary/what-is-ppc/
""landing pages"" <- /glossary/what-is-robots-txt/
""landing pages"" <- /glossary/what-is-schema-markup/
""landing pages"" <- /glossary/what-is-search-intent/
""landing pages"" <- /glossary/what-is-sem/
""landing pages"" <- /glossary/what-is-seo/
""landing pages"" <- /glossary/what-is-serp/
""landing page"" <- /glossary/what-is-ssl-certificate/
""landing page"" <- /glossary/what-is-structured-data/
""landing pages"" <- /glossary/what-is-technical-seo/
""landing pages"" <- /glossary/what-is-user-generated-content/
""landing pages"" <- /research/ai-seo-statistics/","""Vignesh Sampath"" -> /author/vignesh-sampath/
""internal links"" -> /blogs/how-to-use-internal-linking/
""comparison pages"" -> /blogs/how-to-write-saas-comparison-pages-for-seo/
""how to optimize SaaS landing pages for SEO"" -> /blogs/optimize-saas-landing-pages-for-seo/
""Quality Score"" -> /blogs/saas-quality-score/
""social proof"" -> /blogs/saas-social-proof/
""conversion"" -> /glossary/what-is-conversion-rate/
""search intent"" -> /glossary/what-is-search-intent/
""SEO"" -> /glossary/what-is-seo/
""best landing page builders for SaaS"" -> /list/best-landing-page-builders-for-saas/
""best SaaS PPC agencies"" -> /list/best-saas-ppc-agencies/"
/glossary/what-is-a-long-tail-keyword/,glossary,What Is a Long Tail Keyword? SEO Benefits & Examples,2,12,,"""long-tail keywords"" <- /blogs/how-to-do-saas-seo-keyword-research/
""long-tail terms"" <- /glossary/what-is-search-volume/","""Kamaraj Mathiarasan (Kim)"" -> /author/kamaraj-mathiarasan/
""topical authority"" -> /blogs/how-to-improve-topical-authority/
""internal linking"" -> /blogs/how-to-use-internal-linking/
""backlinks"" -> /glossary/what-is-a-backlink/
""domain authority"" -> /glossary/what-is-domain-authority/
""ICP"" -> /glossary/what-is-icp/
""SEO"" -> /glossary/what-is-seo/
""SERP"" -> /glossary/what-is-serp/
""best B2B SEO agencies for SaaS and enterprise brands"" -> /list/best-b2b-seo-agencies/
""how top SaaS marketing agencies build content around intent"" -> /list/best-saas-marketing-agencies-2026/
""best SaaS SEO agencies"" -> /list/best-saas-seo-agencies/
""dedicated SaaS SEO team"" -> /saas-seo-agency/"
/glossary/what-is-a-meta-description/,glossary,What Is a Meta Description? Explained for SaaS & B2B SEO,6,12,,"""meta description"" <- /blogs/how-to-improve-organic-ctr/
""meta description"" <- /blogs/how-to-write-saas-comparison-pages-for-seo/
""meta description"" <- /blogs/optimize-saas-landing-pages-for-seo/
""meta descriptions"" <- /blogs/saas-content-marketing-guide/
""meta description"" <- /glossary/what-is-aeo/
""Meta description"" <- /glossary/what-is-on-page-seo/","""Kamaraj Mathiarasan (Kim)"" -> /author/kamaraj-mathiarasan/
""click-through rate"" -> /blogs/how-to-improve-organic-ctr/
""internal linking"" -> /blogs/how-to-use-internal-linking/
""landing pages"" -> /glossary/what-is-a-landing-page/
""A/B testing"" -> /glossary/what-is-ab-testing/
""CTR"" -> /glossary/what-is-ctr/
""SEO"" -> /glossary/what-is-seo/
""SERP"" -> /glossary/what-is-serp/
""top SaaS SEO agencies for B2B companies"" -> /list/best-b2b-seo-agencies/
""how the best enterprise SEO agencies handle snippet optimization"" -> /list/best-enterprise-seo-agencies/
""how top SaaS marketing agencies approach SEO-driven growth"" -> /list/best-saas-marketing-agencies-2026/
""best SaaS SEO agencies"" -> /list/best-saas-seo-agencies/"
/glossary/what-is-a-navigational-keyword/,glossary,What Is a Navigational Keyword? A SaaS SEO Guide,1,11,,"""navigational keyword"" <- /blogs/types-of-keywords-in-seo/","""Kamaraj Mathiarasan (Kim)"" -> /author/kamaraj-mathiarasan/
""how to do a keyword gap analysis vs SaaS competitors"" -> /blogs/how-to-do-keyword-gap-analysis/
""how to find and fix keyword cannibalization on a SaaS site"" -> /blogs/how-to-fix-keyword-cannibalization/
""commercial intent"" -> /glossary/what-is-a-commercial-keyword/
""learning a concept"" -> /glossary/what-is-an-informational-keyword/
""CTR"" -> /glossary/what-is-ctr/
""search intent"" -> /glossary/what-is-search-intent/
""SEO"" -> /glossary/what-is-seo/
""SERP"" -> /glossary/what-is-serp/
""how the best B2B marketing agencies connect SEO metrics to pipeline"" -> /list/best-b2b-marketing-agencies-2026/  [UNRESOLVED]
""best B2B SEO agencies"" -> /list/best-b2b-seo-agencies/"
/glossary/what-is-a-transactional-keyword/,glossary,What Is a Transactional Keyword? A SaaS Guide,2,14,,"""Transactional queries"" <- /glossary/what-is-a-commercial-keyword/
""Transactional intent"" <- /glossary/what-is-search-intent/","""Kamaraj Mathiarasan (Kim)"" -> /author/kamaraj-mathiarasan/
""how to build topic clusters that rank a SaaS site"" -> /blogs/how-to-build-topic-clusters/
""cannibalization"" -> /blogs/how-to-fix-keyword-cannibalization/
""topical authority"" -> /blogs/how-to-improve-topical-authority/
""how to rank BOFU keywords for SaaS"" -> /blogs/how-to-rank-bofu-keywords-saas/
""internal linking"" -> /blogs/how-to-use-internal-linking/
""how to write SaaS alternatives pages that convert"" -> /blogs/how-to-write-alternatives-pages/  [UNRESOLVED]
""Commercial searchers"" -> /glossary/what-is-a-commercial-keyword/
""landing pages"" -> /glossary/what-is-a-landing-page/
""Informational searchers"" -> /glossary/what-is-an-informational-keyword/
""domain authority"" -> /glossary/what-is-domain-authority/
""intent spectrum"" -> /glossary/what-is-search-intent/
""SEO"" -> /glossary/what-is-seo/
""SERP"" -> /glossary/what-is-serp/"
/glossary/what-is-ab-testing/,glossary,What Is A/B Testing? A Practical Guide for SaaS Teams,8,11,,"""A/B testing"" <- /blogs/enterprise-seo-challenges-and-fixes/
""A/B testing"" <- /blogs/saas-cro-strategy/
""A/B testing"" <- /blogs/technical-seo-for-saas/
""A/B testing"" <- /glossary/what-is-a-301-redirect/
""A/B testing"" <- /glossary/what-is-a-meta-description/
""split testing"" <- /glossary/what-is-cro/
""A/B testing"" <- /glossary/what-is-fid/
""A/B testing"" <- /glossary/what-is-third-party-cookies/","""Sabari Rohith"" -> /author/rohith/
""A/B testing"" -> /blogs/ab-test-saas-landing-pages/
""how to write Google Ads copy for SaaS"" -> /blogs/how-to-write-google-ads-copy-for-saas-in-2026/
""how to optimize SaaS landing pages"" -> /blogs/optimize-saas-landing-pages-for-seo/
""Social proof"" -> /blogs/saas-social-proof/
""landing pages"" -> /glossary/what-is-a-landing-page/
""conversion rates"" -> /glossary/what-is-conversion-rate/
""CRO"" -> /glossary/what-is-cro/
""Google Ads"" -> /glossary/what-is-google-ads/
""ICP"" -> /glossary/what-is-icp/
""best SaaS PPC agencies"" -> /list/best-saas-ppc-agencies/"
/glossary/what-is-abm/,glossary,What Is ABM? The B2B Marketer’s Real Guide,31,12,,"""ABM"" <- /blogs/abm-for-saas-paid-playbook/
""ABM"" <- /blogs/b2b-content-marketing-guide/
""Account-Based Marketing"" <- /blogs/b2b-demand-generation-guide/
""ABM"" <- /blogs/b2b-inbound-marketing-guide/
""ABM"" <- /blogs/b2b-lead-generation/
""ABM"" <- /blogs/b2b-linkedin-marketing-guide/
""ABM"" <- /blogs/b2b-marketing-operations-guide/
""ABM"" <- /blogs/b2b-marketing/
""ABM"" <- /blogs/b2b-ppc/
""ABM"" <- /blogs/enterprise-seo-strategy-and-framework/
""ABM"" <- /blogs/how-do-i-run-linkedin-ads-for-saas-an-experts-take/
""ABM"" <- /blogs/how-to-align-seo-with-sales/
""Account-Based Marketing"" <- /blogs/how-to-run-linkedin-retargeting-ads/
""Account-based Marketing"" <- /blogs/linkedin-account-based-marketing/
""ABM"" <- /blogs/linkedin-ads-for-saas-guide/
""ABM"" <- /blogs/linkedin-buying-committee-saas/
""ABM"" <- /blogs/meta-ads-for-b2b-saas/
""ABM"" <- /blogs/saas-abm-strategy/
""ABM"" <- /blogs/saas-ad-fatigue/
""ABM"" <- /blogs/saas-customer-acquisition-strategy/
""ABM"" <- /blogs/saas-linkedin-ad-copy/
""Account-Based Marketing"" <- /blogs/saas-linkedin-ads-mistakes-to-avoid/
""ABM"" <- /blogs/saas-marketing/
""ABM"" <- /blogs/saas-paid-marketing-guide/
""ABM"" <- /blogs/saas-paid-media-strategy/
""ABM"" <- /glossary/what-is-cpm/
""ABM"" <- /glossary/what-is-ppc/
""ABM"" <- /glossary/what-is-programmatic-advertising/
""ABM"" <- /glossary/what-is-sem/
""ABM"" <- /list/best-b2b-content-marketing-agencies/
""ABM"" <- /list/best-b2b-marketing-agencies/","""Vishnu Prasadh"" -> /author/vishnu-prasad/
""paid ABM"" -> /blogs/abm-for-saas-paid-playbook/
""buying committee"" -> /blogs/linkedin-buying-committee-saas/
""thought leadership"" -> /blogs/saas-thought-leadership-strategy/
""landing pages"" -> /glossary/what-is-a-landing-page/
""ICP"" -> /glossary/what-is-icp/
""SEO"" -> /glossary/what-is-seo/
""top B2B PPC agencies that support account-based paid strategies"" -> /list/best-affordable-b2b-ppc-agencies/
""B2B Google Ads agency"" -> /list/best-b2b-google-ads-agencies/
""best B2B marketing agencies for ABM-led growth strategies"" -> /list/best-b2b-marketing-agencies/
""best SaaS marketing agencies"" -> /list/best-saas-marketing-agencies-2026/
""SaaS paid ads"" -> /saas-ppc/"
/glossary/what-is-aeo/,glossary,What Is AEO (Answer Engine Optimization)? A SaaS Guide,12,18,,"""answer engine optimization"" <- /blogs/aeo-performance-metrics-reporting-dashboard/
""AEO"" <- /blogs/aeo-vs-geo/
""Answer Engine Optimization"" <- /blogs/ai-search-optimization-for-saas/
""Answer Engine Optimization"" <- /blogs/enterprise-seo-guide/
""YMYL"" <- /blogs/google-ranking-factors-saas/
""AEO"" <- /blogs/how-to-do-geo-for-saas/
""Answer Engine Optimization"" <- /blogs/how-to-rank-on-chatgpt-in-2026-strategies-and-tips/
""AEO"" <- /blogs/llms-txt-for-saas/
""AEO"" <- /blogs/saas-seo/
""AEO"" <- /glossary/what-is-an-ai-overview/
""AEO"" <- /glossary/what-is-geo/
""AEO"" <- /research/ai-seo-statistics/","""Omar Sheriff"" -> /author/omar/
""the latest AI search statistics for SaaS"" -> /blogs/ai-seo-statistics/  [UNRESOLVED]
""Topical authority"" -> /blogs/how-to-improve-topical-authority/
""how to rank on ChatGPT"" -> /blogs/how-to-rank-on-chatgpt-in-2026-strategies-and-tips/
""comparison pages"" -> /blogs/how-to-write-saas-comparison-pages-for-seo/
""Get in touch"" -> /contact-us/
""meta description"" -> /glossary/what-is-a-meta-description/
""AI Overview"" -> /glossary/what-is-an-ai-overview/
""LLM"" -> /glossary/what-is-an-llm/
""GEO"" -> /glossary/what-is-geo/
""schema markup"" -> /glossary/what-is-schema-markup/
""SEO"" -> /glossary/what-is-seo/
""SERP"" -> /glossary/what-is-serp/
""structured data"" -> /glossary/what-is-structured-data/
""the best AEO agencies for SaaS"" -> /list/best-aeo-agency/
""Rank trackers"" -> /list/best-rank-tracking-tools-for-saas/
""best SaaS SEO agencies"" -> /list/best-saas-seo-agencies/
""AEO agency for SaaS"" -> /saas-seo-agency/ai-seo-services/"
/glossary/what-is-ai-hallucination/,glossary,"What Is AI Hallucination? Meaning, Dangers & How to Spot It",0,7,YES,,"""Kamaraj Mathiarasan (Kim)"" -> /author/kamaraj-mathiarasan/
""LLM"" -> /glossary/what-is-an-llm/
""retrieval-augmented generation"" -> /glossary/what-is-rag/
""best B2B marketing agencies for SaaS and tech companies"" -> /list/best-b2b-marketing-agencies/
""B2B SEO agency examples for SaaS and tech businesses"" -> /list/best-b2b-seo-agencies/
""top SaaS marketing companies and how they drive real-world impact"" -> /list/best-saas-marketing-agencies-2026/
""SaaS SEO agency list for finding a dedicated SaaS SEO team"" -> /list/best-saas-seo-agencies/"
/glossary/what-is-an-ai-overview/,glossary,"What Is an AI Overview? Google's AI Answers, Explained for SaaS",29,19,,"""AI Overviews"" <- /blogs/aeo-performance-metrics-reporting-dashboard/
""AI Overviews"" <- /blogs/aeo-vs-geo/
""AI Overview"" <- /blogs/ai-search-optimization-for-saas/
""AI Overviews"" <- /blogs/b2b-content-marketing-guide/
""AI Overviews"" <- /blogs/b2b-saas-seo/
""AI Overviews"" <- /blogs/enterprise-saas-seo-guide/
""AI Overviews"" <- /blogs/enterprise-seo-challenges-and-fixes/
""AI Overviews"" <- /blogs/enterprise-seo-guide/
""AI Overviews"" <- /blogs/enterprise-seo-strategy-and-framework/
""AI Overviews"" <- /blogs/fintech-seo-guide/
""AI Overviews"" <- /blogs/geo-vs-seo/
""AI Overviews"" <- /blogs/google-ranking-factors-saas/
""AI Overviews"" <- /blogs/how-to-do-geo-for-saas/
""AI Overview"" <- /blogs/how-to-do-saas-seo-competitor-analysis/
""AI Overviews"" <- /blogs/how-to-forecast-pipeline-from-seo/
""AI Overview"" <- /blogs/how-to-get-cited-in-ai-overviews/
""AI Overview"" <- /blogs/how-to-improve-organic-ctr/
""AI Overviews"" <- /blogs/how-to-improve-topical-authority/
""AI Overviews"" <- /blogs/how-to-rank-for-question-keywords/
""AI Overviews"" <- /blogs/how-to-rank-on-chatgpt-in-2026-strategies-and-tips/
""AI Overview"" <- /blogs/how-to-rank-tofu-keywords-saas/
""AI Overviews"" <- /blogs/how-to-write-saas-comparison-pages-for-seo/
""AI Overviews"" <- /blogs/saas-content-marketing-guide/
""AI Overview"" <- /blogs/saas-content-strategy/
""AI Overviews"" <- /blogs/saas-seo-strategies-and-framework/
""AI Overviews"" <- /blogs/saas-seo/
""AI Overview"" <- /glossary/what-is-aeo/
""AI Overviews"" <- /glossary/what-is-geo/
""AI Overviews"" <- /research/ai-seo-statistics/","""Sabari Rohith"" -> /author/rohith/
""generative engine optimization"" -> /blogs/how-to-do-geo-for-saas/
""organic CTR"" -> /blogs/how-to-improve-organic-ctr/
""BOFU pages"" -> /blogs/how-to-rank-bofu-keywords-saas/
""how to rank on ChatGPT in 2026"" -> /blogs/how-to-rank-on-chatgpt-in-2026-strategies-and-tips/
""research on AI search statistics"" -> /blogs/research-ai-seo-statistics/  [UNRESOLVED]
""get in touch"" -> /contact-us/
""AEO"" -> /glossary/what-is-aeo/
""CTR"" -> /glossary/what-is-ctr/
""GEO"" -> /glossary/what-is-geo/
""Schema markup"" -> /glossary/what-is-schema-markup/
""SEO"" -> /glossary/what-is-seo/
""SERP"" -> /glossary/what-is-serp/
""topical authority"" -> /glossary/what-is-topical-authority/
""best AEO agencies"" -> /list/best-aeo-agency/
""best AI SEO agencies"" -> /list/best-ai-seo-agencies/
""best GEO agencies"" -> /list/best-geo-agencies/
""best SaaS SEO agencies"" -> /list/best-saas-seo-agencies/
""AI SEO agency for SaaS"" -> /saas-seo-agency/ai-seo-services/"
/glossary/what-is-an-informational-keyword/,glossary,What Is an Informational Keyword? Guide for SaaS Marketers,4,14,,"""informational ones"" <- /glossary/what-is-a-commercial-keyword/
""learning a concept"" <- /glossary/what-is-a-navigational-keyword/
""Informational searchers"" <- /glossary/what-is-a-transactional-keyword/
""Informational intent"" <- /glossary/what-is-search-intent/","""Kamaraj Mathiarasan (Kim)"" -> /author/kamaraj-mathiarasan/
""how to do SaaS SEO keyword research the right way"" -> /blogs/how-to-do-saas-seo-keyword-research/
""keyword cannibalization"" -> /blogs/how-to-fix-keyword-cannibalization/
""topical authority"" -> /blogs/how-to-improve-topical-authority/
""how to prioritise SaaS keywords by funnel stage"" -> /blogs/how-to-prioritize-saas-keywords-by-funnel-stage/
""Internal linking"" -> /blogs/how-to-use-internal-linking/
""comparison page"" -> /blogs/how-to-write-saas-comparison-pages-for-seo/
""product-led growth"" -> /blogs/saas-product-led-growth-strategy/
""backlinks"" -> /glossary/what-is-a-backlink/
""ARR"" -> /glossary/what-is-arr/
""ICP"" -> /glossary/what-is-icp/
""Search volume"" -> /glossary/what-is-search-volume/
""SEO"" -> /glossary/what-is-seo/
""topical authority"" -> /glossary/what-is-topical-authority/"
/glossary/what-is-an-llm/,glossary,What Is an LLM? Large Language Model Explained for SaaS,19,9,,"""LLM"" <- /blogs/aeo-performance-metrics-reporting-dashboard/
""LLM"" <- /blogs/ai-search-optimization-for-saas/
""LLM"" <- /blogs/ai-seo-strategy-and-framework/
""LLM"" <- /blogs/b2b-content-marketing-guide/
""LLM"" <- /blogs/geo-vs-seo/
""LLM"" <- /blogs/how-to-do-geo-for-saas/
""LLM"" <- /blogs/how-to-rank-for-question-keywords/
""LLM"" <- /blogs/how-to-rank-on-chatgpt-in-2026-strategies-and-tips/
""LLM"" <- /blogs/llms-txt-for-saas/
""LLM"" <- /blogs/saas-paid-media-strategy/
""LLM"" <- /blogs/technical-seo-for-saas/
""LLM"" <- /blogs/why-is-my-seo-not-driving-pipeline/
""LLMs"" <- /checklists/saas-seo-checklist/
""LLM"" <- /glossary/what-is-aeo/
""LLM"" <- /glossary/what-is-ai-hallucination/
""LLM"" <- /glossary/what-is-geo/
""LLM"" <- /glossary/what-is-gpt/
""LLM"" <- /glossary/what-is-rag/
""LLM"" <- /research/ai-seo-statistics/","""Kamaraj Mathiarasan (Kim)"" -> /author/kamaraj-mathiarasan/
""get in touch"" -> /contact-us/
""Prompt engineering"" -> /glossary/what-is-prompt-engineering/
""Retrieval-augmented generation"" -> /glossary/what-is-rag/
""how B2B marketing agencies are using AI for campaign personalisation"" -> /list/best-b2b-marketing-agencies/
""how SaaS marketing agencies use AI to scale content without losing brand voice"" -> /list/best-saas-marketing-agencies-2026/
""how top SaaS SEO agencies prioritise AI content for accuracy"" -> /list/best-saas-seo-agencies/
""the SaaS SEO agency list that blends AI and human expertise"" -> /list/best-saas-seo-agencies/
""AI SEO services for SaaS"" -> /saas-seo-agency/ai-seo-services/"
/glossary/what-is-an-seo-audit/,glossary,What Is an SEO Audit? Plain Definition & Real SaaS Impact,2,18,,"""SEO audit"" <- /blogs/how-to-do-saas-content-audit/
""SEO audit"" <- /blogs/technical-seo-for-saas/","""Kamaraj Mathiarasan (Kim)"" -> /author/kamaraj-mathiarasan/
""content calendar"" -> /blogs/how-to-build-saas-keyword-map-content-calendar/
""cannibalization"" -> /blogs/how-to-fix-keyword-cannibalization/
""topical authority"" -> /blogs/how-to-improve-topical-authority/
""internal linking"" -> /blogs/how-to-use-internal-linking/
""backlinks"" -> /glossary/what-is-a-backlink/
""landing pages"" -> /glossary/what-is-a-landing-page/
""anchor text"" -> /glossary/what-is-anchor-text/
""Google Ads"" -> /glossary/what-is-google-ads/
""PPC"" -> /glossary/what-is-ppc/
""SEO"" -> /glossary/what-is-seo/
""SERP"" -> /glossary/what-is-serp/
""technical SEO"" -> /glossary/what-is-technical-seo/
""how the best B2B SEO agencies structure technical audits"" -> /list/best-b2b-seo-agencies/
""how top SaaS marketing agencies build compounding organic growth"" -> /list/best-saas-marketing-agencies-2026/
""SaaS PPC agency tactics for paid and organic synergy"" -> /list/best-saas-ppc-agencies/
""best SaaS SEO agencies"" -> /list/best-saas-seo-agencies/
""SaaS SEO agency services for ongoing technical audits"" -> /saas-seo-agency/"
/glossary/what-is-anchor-text/,glossary,What Is Anchor Text? Anchor Text Definition & SEO Impact,10,14,,"""anchor text"" <- /blogs/enterprise-seo-strategy-and-framework/
""anchor text"" <- /blogs/how-to-build-topic-clusters/
""anchor text"" <- /blogs/how-to-fix-keyword-cannibalization/
""anchor text"" <- /blogs/how-to-improve-topical-authority/
""anchor text"" <- /blogs/how-to-use-internal-linking/
""anchor text"" <- /blogs/saas-link-building/
""anchor text"" <- /blogs/technical-seo-for-saas/
""anchor text"" <- /glossary/what-is-a-backlink/
""anchor text"" <- /glossary/what-is-an-seo-audit/
""anchor text"" <- /glossary/what-is-on-page-seo/","""Kamaraj Mathiarasan (Kim)"" -> /author/kamaraj-mathiarasan/
""cannibalization"" -> /blogs/how-to-fix-keyword-cannibalization/
""topical authority"" -> /blogs/how-to-improve-topical-authority/
""ranking drop"" -> /blogs/how-to-recover-from-google-core-update/
""internal links"" -> /blogs/how-to-use-internal-linking/
""backlinks"" -> /glossary/what-is-a-backlink/
""landing page"" -> /glossary/what-is-a-landing-page/
""SEO"" -> /glossary/what-is-seo/
""technical SEO"" -> /glossary/what-is-technical-seo/
""how top B2B marketing agencies structure content for both SEO and accessibility"" -> /list/best-b2b-marketing-agencies/
""enterprise SEO agency tactics for large-scale anchor text management"" -> /list/best-enterprise-seo-agencies/
""how the best SaaS marketing agencies build authority with internal links"" -> /list/best-saas-marketing-agencies-2026/
""best SaaS SEO agencies"" -> /list/best-saas-seo-agencies/
""SaaS SEO agency"" -> /saas-seo-agency/"
/glossary/what-is-arr/,glossary,"What Is ARR? Meaning, SaaS Metrics, and Real Risks",21,6,,"""ARR"" <- /blogs/abm-for-saas-paid-playbook/
""ARR"" <- /blogs/b2b-marketing-operations-guide/
""ARR"" <- /blogs/b2b-ppc-guide/
""ARR"" <- /blogs/b2b-saas-seo/
""ARR"" <- /blogs/enterprise-saas-seo-guide/
""ARR"" <- /blogs/enterprise-seo-challenges-and-fixes/
""ARR"" <- /blogs/enterprise-seo-strategy-and-framework/
""ARR"" <- /blogs/how-to-forecast-saas-ppc-budget/
""ARR"" <- /blogs/paid-search-vs-paid-social-for-saas/
""ARR"" <- /blogs/saas-content-marketing-guide/
""ARR"" <- /blogs/saas-customer-acquisition-strategy/
""ARR"" <- /blogs/saas-growth-strategy/
""ARR"" <- /blogs/saas-marketing-metrics/
""ARR"" <- /blogs/saas-seo-strategies-and-framework/
""ARR"" <- /glossary/what-is-an-informational-keyword/
""ARR"" <- /glossary/what-is-clv/
""ARR"" <- /glossary/what-is-go-to-market-strategy/
""ARR"" <- /glossary/what-is-icp/
""ARR"" <- /glossary/what-is-nrr/
""ARR"" <- /glossary/what-is-runway/
""ARR"" <- /glossary/what-is-tam-sam-som/","""Praveen Ravi"" -> /author/praveen-ravi/
""SEO"" -> /glossary/what-is-seo/
""B2B marketing agencies that specialize in SaaS growth metrics"" -> /list/best-b2b-marketing-agencies/
""enterprise SEO agencies that understand SaaS metrics"" -> /list/best-enterprise-seo-agencies/
""best SaaS marketing agencies for high-growth teams"" -> /list/best-saas-marketing-agencies-2026/
""SaaS PPC strategies that actually move the needle"" -> /list/best-saas-ppc-agencies/"
/glossary/what-is-brand-identity/,glossary,What Is Brand Identity? The SaaS Builder’s Guide,2,7,,"""brand identity"" <- /blogs/ai-search-optimization-for-saas/
""brand identity"" <- /blogs/technical-seo-for-saas/","""Vishnu Prasadh"" -> /author/vishnu-prasad/
""ICP"" -> /glossary/what-is-icp/
""SEO"" -> /glossary/what-is-seo/
""best B2B marketing agencies"" -> /list/best-b2b-marketing-agencies/
""top B2B SEO companies that integrate brand and search strategy"" -> /list/best-b2b-seo-agencies/
""best SaaS marketing agencies for early-stage and scaling teams"" -> /list/best-saas-marketing-agencies-2026/
""best SaaS SEO agencies list"" -> /list/best-saas-seo-agencies/"
/glossary/what-is-brand-positioning/,glossary,What Is Brand Positioning,0,13,YES,,"""Kamaraj Mathiarasan (Kim)"" -> /author/kamaraj-mathiarasan/
""content calendar"" -> /blogs/how-to-build-saas-keyword-map-content-calendar/
""SaaS PPC"" -> /blogs/saas-ppc/
""Landing pages"" -> /glossary/what-is-a-landing-page/
""Google Ads"" -> /glossary/what-is-google-ads/
""ICP"" -> /glossary/what-is-icp/
""performance marketing"" -> /glossary/what-is-performance-marketing/
""SEO"" -> /glossary/what-is-seo/
""best B2B marketing agencies for brand messaging support"" -> /list/best-b2b-marketing-agencies/
""best SaaS marketing agencies for differentiation and growth"" -> /list/best-saas-marketing-agencies-2026/
""SaaS PPC agency"" -> /list/best-saas-ppc-agencies/
""best SaaS SEO agencies for sharper market fit"" -> /list/best-saas-seo-agencies/
""top SaaS SEO agencies for messaging and positioning"" -> /list/best-saas-seo-agencies/"
/glossary/what-is-cls/,glossary,"What Is CLS? Core Web Vitals, SEO Impact, and Fixes",2,8,,"""CLS"" <- /blogs/enterprise-seo-strategy-and-framework/
""CLS"" <- /blogs/saas-seo-strategies-and-framework/","""Kamaraj Mathiarasan (Kim)"" -> /author/kamaraj-mathiarasan/
""landing pages"" -> /glossary/what-is-a-landing-page/
""SEO"" -> /glossary/what-is-seo/
""how top B2B SEO companies prioritize Core Web Vitals"" -> /list/best-b2b-seo-agencies/
""how enterprise SEO agencies approach Core Web Vitals at scale"" -> /list/best-enterprise-seo-agencies/
""how SaaS marketing agencies tackle technical SEO issues"" -> /list/best-saas-marketing-agencies-2026/
""best SaaS SEO agencies"" -> /list/best-saas-seo-agencies/
""SaaS PPC"" -> /saas-ppc/"
/glossary/what-is-clv/,glossary,What Is CLV,1,12,,"""Customer Lifetime Value"" <- /blogs/b2b-demand-generation-guide/","""Praveen Ravi"" -> /author/praveen-ravi/
""customer acquisition"" -> /blogs/saas-customer-acquisition-strategy/
""growth strategy"" -> /blogs/saas-growth-strategy/
""ARR"" -> /glossary/what-is-arr/
""PPC"" -> /glossary/what-is-ppc/
""SEO"" -> /glossary/what-is-seo/
""best B2B SEO agencies for CLV-focused channel growth"" -> /list/best-b2b-seo-agencies/
""best SaaS marketing agencies for retention-driven growth"" -> /list/best-saas-marketing-agencies-2026/
""SaaS PPC strategies for profitable CLV growth"" -> /list/best-saas-ppc-agencies/
""how top SaaS paid search agencies align CAC to CLV"" -> /list/best-saas-ppc-agencies/
""SaaS SEO agency list with proven CLV impact"" -> /list/best-saas-seo-agencies/
""how a SaaS PPC agency can target high-CLV segments"" -> /saas-ppc/"
/glossary/what-is-content-marketing/,glossary,What Is Content Marketing? Direct Answer for SaaS Teams ,18,12,,"""Content marketing"" <- /blogs/b2b-content-marketing-guide/
""Content Marketing"" <- /blogs/b2b-demand-generation-guide/
""content marketing"" <- /blogs/b2b-marketing/
""content marketing"" <- /blogs/b2b-saas-seo/
""content marketing"" <- /blogs/how-to-do-saas-content-audit/
""content marketing"" <- /blogs/linkedin-ads-for-saas-guide/
""Content Marketing"" <- /blogs/saas-content-marketing-guide/
""content marketing"" <- /blogs/saas-go-to-market-strategy/
""Content Marketing"" <- /blogs/saas-linkedin-ads-mistakes-to-avoid/
""content marketing"" <- /blogs/saas-marketing/
""content marketing"" <- /blogs/saas-thought-leadership-strategy/
""Content marketing"" <- /glossary/what-is-inbound-marketing/
""Content marketing"" <- /glossary/what-is-lead-generation/
""Content marketing"" <- /glossary/what-is-performance-marketing/
""content marketing"" <- /glossary/what-is-roas/
""content marketing"" <- /glossary/what-is-thought-leadership/
""content marketing"" <- /list/best-b2b-lead-generation-companies/
""content marketing"" <- /list/best-b2b-marketing-agencies/","""Kamaraj Mathiarasan (Kim)"" -> /author/kamaraj-mathiarasan/
""comparison pages"" -> /blogs/how-to-write-saas-comparison-pages-for-seo/
""ad fatigue"" -> /blogs/saas-ad-fatigue/
""thought leadership"" -> /blogs/saas-thought-leadership-strategy/
""ICP"" -> /glossary/what-is-icp/
""SEO"" -> /glossary/what-is-seo/
""best B2B marketing agencies for content strategy"" -> /list/best-b2b-marketing-agencies/
""B2B SEO agency strategies for mapping content to buyer intent"" -> /list/best-b2b-seo-agencies/
""best SaaS marketing agencies for content-driven growth"" -> /list/best-saas-marketing-agencies-2026/
""best SaaS PPC agencies for paid and content strategy alignment"" -> /list/best-saas-ppc-agencies/
""top SaaS SEO agencies who specialize in organic growth"" -> /list/best-saas-seo-agencies/
""SaaS SEO agency"" -> /saas-seo-agency/"
/glossary/what-is-conversion-rate/,glossary,What Is Conversion Rate,18,9,,"""conversion rate"" <- /blogs/b2b-content-marketing-guide/
""Conversion Rate"" <- /blogs/b2b-demand-generation-guide/
""Conversion Rate"" <- /blogs/b2b-inbound-marketing-guide/
""conversion rate"" <- /blogs/b2b-marketing-operations-guide/
""conversion rate"" <- /blogs/enterprise-seo-strategy-and-framework/
""conversion rate"" <- /blogs/how-to-do-saas-seo-competitor-analysis/
""conversion rate"" <- /blogs/how-to-run-google-ads-for-saas/
""Conversion Rate"" <- /blogs/optimize-saas-landing-pages-for-seo/
""conversion rate"" <- /blogs/saas-seo-strategies-and-framework/
""conversion rate"" <- /blogs/the-no-nonsense-guide-to-auditing-your-saas-ppc-account/
""conversion"" <- /checklists/conversion-tracking-checklist/
""social proof"" <- /checklists/cro-checklist/
""social proof"" <- /checklists/google-ads-remarketing-checklist/
""conversion"" <- /checklists/marketing-attribution-checklist/
""conversion rate"" <- /checklists/saas-seo-checklist/
""conversion"" <- /glossary/what-is-a-landing-page/
""conversion rates"" <- /glossary/what-is-ab-testing/
""conversion rate"" <- /glossary/what-is-cro/","""Praveen Ravi"" -> /author/praveen-ravi/
""landing pages"" -> /glossary/what-is-a-landing-page/
""Conversion rate optimization"" -> /glossary/what-is-cro/
""ICP"" -> /glossary/what-is-icp/
""SEO"" -> /glossary/what-is-seo/
""best B2B SEO agencies for full-funnel optimization"" -> /list/best-b2b-seo-agencies/
""how top SaaS marketing agencies drive multi-stage conversion"" -> /list/best-saas-marketing-agencies-2026/
""SaaS PPC strategies for better conversion at every funnel stage"" -> /list/best-saas-ppc-agencies/
""SaaS SEO agency approaches that drive real action, not just traffic"" -> /saas-seo-agency/"
/glossary/what-is-cost-per-click/,glossary,What Is Cost Per Click? How to Use CPC for SaaS Growth,26,11,,"""CPC"" <- /blogs/ai-smart-bidding-for-saas-ppc/
""cost-per-click"" <- /blogs/b2b-ppc-guide/
""CPC"" <- /blogs/chatgpt-ads-for-saas/
""Cost Per Click"" <- /blogs/how-do-i-run-linkedin-ads-for-saas-an-experts-take/
""CPC"" <- /blogs/how-to-forecast-saas-ppc-budget/
""CPC"" <- /blogs/how-to-measure-organic-cac/
""CPC"" <- /blogs/how-to-prove-seo-roi/
""CPC"" <- /blogs/how-to-run-google-ads-for-saas/
""CPC"" <- /blogs/how-to-score-saas-keywords-by-icp-intent/
""CPC"" <- /blogs/linkedin-buying-committee-saas/
""CPC"" <- /blogs/saas-ad-fatigue/
""CPC"" <- /blogs/saas-creative-testing/
""CPC"" <- /blogs/saas-linkedin-ads-mistakes-to-avoid/
""CPC"" <- /blogs/saas-paid-marketing-guide/
""CPC"" <- /blogs/saas-paid-media-strategy/
""CPC"" <- /blogs/saas-ppc/
""CPC"" <- /blogs/saas-quality-score/
""cost per click"" <- /blogs/the-8-common-saas-google-ads-mistakes-to-avoid-in-2026/
""Cost Per Click"" <- /blogs/the-no-nonsense-guide-to-auditing-your-saas-ppc-account/
""CPC"" <- /glossary/what-is-cpm/
""CPC"" <- /glossary/what-is-ctr/
""CPC"" <- /glossary/what-is-meta-ads/
""CPC"" <- /glossary/what-is-performance-marketing/
""CPC"" <- /glossary/what-is-ppc/
""CPC"" <- /glossary/what-is-sem/
""CPC"" <- /research/google-ads-benchmarks/","""Praveen Ravi"" -> /author/praveen-ravi/
""cannibalization"" -> /blogs/how-to-fix-keyword-cannibalization/
""customer acquisition"" -> /blogs/saas-customer-acquisition-strategy/
""Quality Score"" -> /blogs/saas-quality-score/
""CPA"" -> /glossary/what-is-cpa/
""Google Ads"" -> /glossary/what-is-google-ads/
""PPC"" -> /glossary/what-is-ppc/
""SEO"" -> /glossary/what-is-seo/
""how the top B2B Google Ads agencies track and optimize CPC"" -> /list/best-b2b-google-ads-agencies/
""which top SaaS marketing agencies actually measure ROI, not just CPC"" -> /list/best-saas-marketing-agencies-2026/
""how the best SaaS PPC agencies deliver real paid search ROI"" -> /list/best-saas-ppc-agencies/"
/glossary/what-is-cpa/,glossary,What Is CPA? Cost Per Acquisition in SaaS Explained,18,13,,"""CPA"" <- /blogs/ai-smart-bidding-for-saas-ppc/
""CPA"" <- /blogs/b2b-content-marketing-guide/
""CPA"" <- /blogs/b2b-demand-generation-guide/
""CPA"" <- /blogs/b2b-ppc-guide/
""Cost Per Acquisition"" <- /blogs/how-to-run-google-ads-for-saas/
""CPA"" <- /blogs/how-to-run-linkedin-retargeting-ads/
""CPA"" <- /blogs/saas-customer-acquisition-strategy/
""cost per acquisition"" <- /blogs/saas-marketing-challenges-and-fixes/
""CPA"" <- /blogs/saas-ppc/
""CPA"" <- /blogs/the-8-common-saas-google-ads-mistakes-to-avoid-in-2026/
""Cost Per Acquisition"" <- /blogs/the-no-nonsense-guide-to-auditing-your-saas-ppc-account/
""CPA"" <- /checklists/google-ads-remarketing-checklist/
""CPA"" <- /checklists/google-ads-setup-checklist/
""CPA"" <- /glossary/what-is-cost-per-click/
""CPA"" <- /glossary/what-is-cpm/
""CPA"" <- /glossary/what-is-performance-marketing/
""CPA"" <- /glossary/what-is-roas/
""CPA"" <- /glossary/what-is-sem/","""Praveen Ravi"" -> /author/praveen-ravi/
""bottom-of-funnel"" -> /blogs/how-to-rank-bofu-keywords-saas/
""customer acquisition"" -> /blogs/saas-customer-acquisition-strategy/
""SaaS marketing"" -> /blogs/saas-marketing/
""landing pages"" -> /glossary/what-is-a-landing-page/
""Google Ads"" -> /glossary/what-is-google-ads/
""SEO"" -> /glossary/what-is-seo/
""how top B2B Google Ads agencies optimize CPA for SaaS"" -> /list/best-b2b-google-ads-agencies/
""enterprise SEO agencies that excel at channel attribution"" -> /list/best-enterprise-seo-agencies/
""SaaS marketing agencies that specialize in acquisition metrics"" -> /list/best-saas-marketing-agencies-2026/
""best SaaS PPC agencies for cost-efficient paid acquisition"" -> /list/best-saas-ppc-agencies/
""top SaaS paid search agencies"" -> /list/best-saas-ppc-agencies/
""best SaaS SEO agencies"" -> /list/best-saas-seo-agencies/"
/glossary/what-is-cpm/,glossary,What Is CPM? SaaS Guide to Cost-Per-Mille in 2026,1,11,,"""CPM"" <- /blogs/how-to-run-linkedin-retargeting-ads/","""Praveen Ravi"" -> /author/praveen-ravi/
""ad fatigue"" -> /blogs/saas-ad-fatigue/
""ABM"" -> /glossary/what-is-abm/
""CPC"" -> /glossary/what-is-cost-per-click/
""CPA"" -> /glossary/what-is-cpa/
""ICP"" -> /glossary/what-is-icp/
""SEO"" -> /glossary/what-is-seo/
""top B2B Google Ads agencies for SaaS demand gen"" -> /list/best-b2b-google-ads-agencies/
""best SaaS marketing agencies for high-ROI paid campaigns"" -> /list/best-saas-marketing-agencies-2026/
""how top SaaS PPC agencies choose channels for B2B SaaS growth"" -> /list/best-saas-ppc-agencies/
""SaaS PPC agency"" -> /list/best-saas-ppc-agencies/"
/glossary/what-is-crawling/,glossary,What Is Crawling? The SEO Foundation Most SaaS Teams Get Wrong,11,9,,"""crawling"" <- /blogs/aeo-performance-metrics-reporting-dashboard/
""crawling"" <- /blogs/ai-agents-for-seo/
""crawling"" <- /blogs/enterprise-seo-guide/
""crawling"" <- /blogs/how-to-prove-seo-roi/
""crawling"" <- /blogs/how-to-recover-from-google-core-update/
""crawling"" <- /blogs/how-to-use-internal-linking/
""crawling"" <- /blogs/llms-txt-for-saas/
""crawling"" <- /blogs/programmatic-seo-for-saas/
""crawling"" <- /blogs/saas-quality-score/
""crawling"" <- /blogs/technical-seo-for-saas/
""crawling"" <- /research/ai-seo-statistics/","""Ranjeeth Kumar"" -> /author/ranjeeth/
""Internal linking"" -> /blogs/how-to-use-internal-linking/
""SaaS marketing"" -> /blogs/saas-marketing/
""backlinks"" -> /glossary/what-is-a-backlink/
""SEO"" -> /glossary/what-is-seo/
""technical SEO"" -> /glossary/what-is-technical-seo/
""best B2B SEO agencies for technical SEO support"" -> /list/best-b2b-seo-agencies/
""best enterprise SEO agencies for large-scale crawl management"" -> /list/best-enterprise-seo-agencies/
""dedicated SaaS SEO team"" -> /saas-seo-agency/"
/glossary/what-is-cro/,glossary,What Is CRO? Conversion Rate Optimization for SaaS Teams,9,8,,"""CRO"" <- /blogs/how-to-tie-content-to-mqls/
""CRO"" <- /blogs/optimize-saas-landing-pages-for-seo/
""CRO"" <- /blogs/saas-cro-strategy/
""CRO"" <- /blogs/saas-marketing/
""Conversion Rate Optimization"" <- /blogs/the-no-nonsense-guide-to-auditing-your-saas-ppc-account/
""CRO"" <- /checklists/cro-checklist/
""CRO"" <- /checklists/saas-seo-checklist/
""CRO"" <- /glossary/what-is-ab-testing/
""Conversion rate optimization"" <- /glossary/what-is-conversion-rate/","""Sabari Rohith"" -> /author/rohith/
""A/B testing"" -> /blogs/ab-test-saas-landing-pages/
""how to optimize SaaS landing pages for SEO"" -> /blogs/optimize-saas-landing-pages-for-seo/
""landing pages"" -> /glossary/what-is-a-landing-page/
""split testing"" -> /glossary/what-is-ab-testing/
""conversion rate"" -> /glossary/what-is-conversion-rate/
""SEO"" -> /glossary/what-is-seo/
""how the best SaaS marketing agencies build conversion into every channel"" -> /list/best-saas-marketing-agencies-2026/"
/glossary/what-is-ctr/,glossary,What Is CTR? Click-Through Rate Explained for SaaS Growth,30,14,,"""Click-through rate"" <- /blogs/b2b-linkedin-marketing-guide/
""CTR"" <- /blogs/chatgpt-ads-for-saas/
""click-through rate"" <- /blogs/google-ranking-factors-saas/
""click-through rate"" <- /blogs/how-to-do-saas-content-audit/
""CTR"" <- /blogs/how-to-forecast-pipeline-from-seo/
""CTR"" <- /blogs/how-to-improve-organic-ctr/
""CTR"" <- /blogs/how-to-rank-for-question-keywords/
""CTR"" <- /blogs/how-to-report-seo-to-the-board/
""CTR"" <- /blogs/how-to-run-google-ads-for-saas/
""CTR"" <- /blogs/how-to-run-linkedin-retargeting-ads/
""Click-Through Rate"" <- /blogs/how-to-write-google-ads-copy-for-saas-in-2026/
""click-through rate"" <- /blogs/optimize-saas-landing-pages-for-seo/
""CTR"" <- /blogs/saas-ad-fatigue/
""CTR"" <- /blogs/saas-creative-testing/
""CTR"" <- /blogs/saas-linkedin-ad-copy/
""CTR"" <- /blogs/saas-paid-marketing-guide/
""CTR"" <- /blogs/saas-ppc/
""CTR"" <- /blogs/saas-quality-score/
""CTR"" <- /blogs/the-8-common-saas-google-ads-mistakes-to-avoid-in-2026/
""CTR"" <- /blogs/the-no-nonsense-guide-to-auditing-your-saas-ppc-account/
""CTR"" <- /glossary/what-is-a-canonical-tag/
""CTR"" <- /glossary/what-is-a-meta-description/
""CTR"" <- /glossary/what-is-a-navigational-keyword/
""CTR"" <- /glossary/what-is-an-ai-overview/
""CTR"" <- /glossary/what-is-on-page-seo/
""CTR"" <- /glossary/what-is-roas/
""CTR"" <- /glossary/what-is-robots-txt/
""CTR"" <- /glossary/what-is-schema-markup/
""CTR"" <- /research/ai-seo-statistics/
""CTR"" <- /research/google-ads-benchmarks/","""Praveen Ravi"" -> /author/praveen-ravi/
""Click-through rate"" -> /blogs/how-to-improve-organic-ctr/
""customer acquisition"" -> /blogs/saas-customer-acquisition-strategy/
""social proof"" -> /blogs/saas-social-proof/
""landing page"" -> /glossary/what-is-a-landing-page/
""CPC"" -> /glossary/what-is-cost-per-click/
""Google Ads"" -> /glossary/what-is-google-ads/
""ICP"" -> /glossary/what-is-icp/
""PPC"" -> /glossary/what-is-ppc/
""SEO"" -> /glossary/what-is-seo/
""best B2B Google Ads agencies for SaaS pipeline growth"" -> /list/best-b2b-google-ads-agencies/
""how top SaaS marketing agencies balance CTR with conversion"" -> /list/best-saas-marketing-agencies-2026/
""best SaaS PPC agencies for paid search growth"" -> /list/best-saas-ppc-agencies/
""SaaS SEO agency list to find intent-first partners"" -> /list/best-saas-seo-agencies/"
/glossary/what-is-domain-authority/,glossary,What Is Domain Authority? Honest Guide for SaaS & B2B Teams,27,10,,"""Domain authority"" <- /blogs/ai-search-optimization-for-saas/
""domain authority"" <- /blogs/enterprise-saas-seo-guide/
""Domain authority"" <- /blogs/enterprise-seo-challenges-and-fixes/
""domain authority"" <- /blogs/google-ranking-factors-saas/
""domain authority"" <- /blogs/how-to-build-topic-clusters/
""domain authority"" <- /blogs/how-to-do-saas-seo-competitor-analysis/
""domain authority"" <- /blogs/how-to-improve-topical-authority/
""domain authority"" <- /blogs/how-to-rank-bofu-keywords-saas/
""domain authority"" <- /blogs/how-to-rank-high-difficulty-keywords/
""domain authority"" <- /blogs/how-to-rank-new-saas-site/
""domain authority"" <- /blogs/how-to-rank-tofu-keywords-saas/
""domain authority"" <- /blogs/how-to-report-seo-to-the-board/
""domain authority"" <- /blogs/how-to-set-seo-kpis-cfo-trusts/
""domain authority"" <- /blogs/how-to-write-seo-content-brief/
""domain authority"" <- /blogs/saas-link-building/
""domain authority"" <- /blogs/saas-seo-strategies-and-framework/
""Domain authority"" <- /blogs/saas-seo/
""Domain authority"" <- /glossary/what-is-a-backlink/
""domain authority"" <- /glossary/what-is-a-long-tail-keyword/
""domain authority"" <- /glossary/what-is-a-transactional-keyword/
""domain authority"" <- /glossary/what-is-inbound-marketing/
""domain authority"" <- /glossary/what-is-keyword-difficulty/
""Domain authority"" <- /glossary/what-is-keyword-ranking/
""domain authority"" <- /glossary/what-is-keyword-research/
""domain authority"" <- /glossary/what-is-off-page-seo/
""domain authority"" <- /glossary/what-is-search-intent/
""domain authority"" <- /glossary/what-is-topical-authority/","""Kamaraj Mathiarasan (Kim)"" -> /author/kamaraj-mathiarasan/
""topical authority"" -> /blogs/how-to-improve-topical-authority/
""internal linking"" -> /blogs/how-to-use-internal-linking/
""backlinks"" -> /glossary/what-is-a-backlink/
""ICP"" -> /glossary/what-is-icp/
""SEO"" -> /glossary/what-is-seo/
""how top B2B SEO companies judge domain authority"" -> /list/best-b2b-seo-agencies/
""how the best SaaS marketing agencies approach authority and intent"" -> /list/best-saas-marketing-agencies-2026/
""best SaaS SEO agencies"" -> /list/best-saas-seo-agencies/
""how a dedicated SaaS SEO team approaches authority building"" -> /saas-seo-agency/"
/glossary/what-is-employer-branding/,glossary,What Is Employer Branding? The Hiring Team’s Guide,0,4,YES,,"""Vishnu Prasadh"" -> /author/vishnu-prasad/
""best B2B marketing agencies for brand and demand strategy"" -> /list/best-b2b-marketing-agencies/
""best B2B SEO agencies"" -> /list/best-b2b-seo-agencies/
""top SaaS marketing companies and how they approach brand building"" -> /list/best-saas-marketing-agencies-2026/"
/glossary/what-is-evergreen-content/,glossary,"What Is Evergreen Content? Definition, Myths & Real SaaS ROI",1,15,,"""evergreen content"" <- /blogs/how-to-do-saas-content-audit/","""Kamaraj Mathiarasan (Kim)"" -> /author/kamaraj-mathiarasan/
""keyword clustering"" -> /blogs/how-to-cluster-keywords-for-saas/
""topical authority"" -> /blogs/how-to-improve-topical-authority/
""Internal linking"" -> /blogs/how-to-use-internal-linking/
""comparison pages"" -> /blogs/how-to-write-saas-comparison-pages-for-seo/
""backlinks"" -> /glossary/what-is-a-backlink/
""ICP"" -> /glossary/what-is-icp/
""lead generation"" -> /glossary/what-is-lead-generation/
""SEO"" -> /glossary/what-is-seo/
""SERP"" -> /glossary/what-is-serp/
""best B2B SEO agencies for ongoing content optimization"" -> /list/best-b2b-seo-agencies/
""top enterprise SEO companies with proven evergreen strategies"" -> /list/best-enterprise-seo-agencies/
""how top SaaS marketing agencies structure evergreen content"" -> /list/best-saas-marketing-agencies-2026/
""best SaaS SEO agencies"" -> /list/best-saas-seo-agencies/
""SaaS SEO agency"" -> /saas-seo-agency/"
/glossary/what-is-fid/,glossary,"What Is FID? Field Data, SEO Impact & Why Most Teams Get It Wrong",0,9,YES,,"""Kamaraj Mathiarasan (Kim)"" -> /author/kamaraj-mathiarasan/
""A/B testing"" -> /glossary/what-is-ab-testing/
""ICP"" -> /glossary/what-is-icp/
""SEO"" -> /glossary/what-is-seo/
""SERP"" -> /glossary/what-is-serp/
""B2B SEO agencies with technical performance expertise"" -> /list/best-b2b-seo-agencies/
""enterprise SEO agencies that specialize in Core Web Vitals"" -> /list/best-enterprise-seo-agencies/
""how top SaaS marketing agencies approach technical SEO"" -> /list/best-saas-marketing-agencies-2026/
""best SaaS SEO agencies"" -> /list/best-saas-seo-agencies/"
/glossary/what-is-ga4/,glossary,What Is GA4? Everything SaaS Teams Need to Know,3,3,,"""GA4"" <- /blogs/b2b-saas-seo/
""GA4"" <- /blogs/optimize-saas-landing-pages-for-seo/
""GA4"" <- /checklists/saas-seo-checklist/","""Vishnu Prasadh"" -> /author/vishnu-prasad/
""top B2B PPC agencies that use GA4 data to optimise paid campaigns"" -> /list/best-affordable-b2b-ppc-agencies/
""best B2B marketing agencies for SaaS and tech companies"" -> /list/best-b2b-marketing-agencies/"
/glossary/what-is-geo/,glossary,What Is GEO (Generative Engine Optimization)? A SaaS Guide,11,16,,"""generative engine optimization"" <- /blogs/aeo-vs-geo/
""Generative Engine Optimization"" <- /blogs/ai-search-optimization-for-saas/
""GEO"" <- /blogs/ai-seo-strategy-and-framework/
""generative engine optimization"" <- /blogs/geo-vs-seo/
""generative engine optimization"" <- /blogs/how-to-do-geo-for-saas/
""GEO"" <- /blogs/how-to-rank-on-chatgpt-in-2026-strategies-and-tips/
""GEO"" <- /blogs/llms-txt-for-saas/
""GEO"" <- /blogs/saas-seo/
""GEO"" <- /glossary/what-is-aeo/
""GEO"" <- /glossary/what-is-an-ai-overview/
""GEO"" <- /research/ai-seo-statistics/","""Ranjeeth Kumar"" -> /author/ranjeeth/
""generative engine optimization"" -> /blogs/how-to-do-geo-for-saas/
""SaaS marketing"" -> /blogs/saas-marketing/
""Get in touch"" -> /contact-us/
""backlink"" -> /glossary/what-is-a-backlink/
""AEO"" -> /glossary/what-is-aeo/
""AI Overviews"" -> /glossary/what-is-an-ai-overview/
""LLM"" -> /glossary/what-is-an-llm/
""schema markup"" -> /glossary/what-is-schema-markup/
""SEO"" -> /glossary/what-is-seo/
""topical authority"" -> /glossary/what-is-topical-authority/
""best AI SEO agencies"" -> /list/best-ai-seo-agencies/
""the best GEO agencies for SaaS and B2B teams"" -> /list/best-geo-agencies/
""best SaaS SEO agencies"" -> /list/best-saas-seo-agencies/
""200+ AI SEO statistics for SaaS teams"" -> /research/ai-seo-statistics/
""GEO agency for SaaS"" -> /saas-seo-agency/ai-seo-services/"
/glossary/what-is-go-to-market-strategy/,glossary,What Is Go To Market Strategy,1,9,,"""go-to-market"" <- /list/best-saas-seo-agencies/","""Kamaraj Mathiarasan (Kim)"" -> /author/kamaraj-mathiarasan/
""SaaS marketing"" -> /blogs/saas-marketing/
""product-led growth"" -> /blogs/saas-product-led-growth-strategy/
""ARR"" -> /glossary/what-is-arr/
""ICP"" -> /glossary/what-is-icp/
""SEO"" -> /glossary/what-is-seo/
""The best SaaS marketing agencies for SaaS GTM"" -> /list/best-saas-marketing-agencies-2026/
""Top SaaS PPC agencies that align with GTM goals"" -> /list/best-saas-ppc-agencies/
""Top SaaS SEO agencies for ongoing GTM alignment"" -> /list/best-saas-seo-agencies/"
/glossary/what-is-google-ads/,glossary,What Is Google Ads? Your Practical Guide for SaaS and B2B Teams,40,14,,"""Google Ads"" <- /blogs/abm-for-saas-paid-playbook/
""Google Ads"" <- /blogs/ai-smart-bidding-for-saas-ppc/
""Google Ads"" <- /blogs/b2b-demand-generation-guide/
""Google Ads"" <- /blogs/b2b-lead-generation/
""Google Ads"" <- /blogs/b2b-marketing-operations-guide/
""Google Ads"" <- /blogs/b2b-ppc-guide/
""Google Ads"" <- /blogs/b2b-ppc/
""Google Ads"" <- /blogs/chatgpt-ads-for-saas/
""Google Ads"" <- /blogs/how-do-i-run-linkedin-ads-for-saas-an-experts-take/
""Google Ads"" <- /blogs/how-to-run-google-ads-for-saas/
""Google Ads"" <- /blogs/how-to-use-customer-match-for-saas/
""Google Ads"" <- /blogs/how-to-write-google-ads-copy-for-saas-in-2026/
""Google ads"" <- /blogs/how-to-write-google-ads-copy-for-saas-in-2026/
""Google Ads"" <- /blogs/linkedin-buying-committee-saas/
""Google Ads"" <- /blogs/microsoft-ads-for-saas/
""Google Ads"" <- /blogs/saas-growth-strategy/
""Google Ads"" <- /blogs/saas-quality-score/
""Google Ads"" <- /blogs/the-8-common-saas-google-ads-mistakes-to-avoid-in-2026/
""Google Ads"" <- /blogs/the-no-nonsense-guide-to-auditing-your-saas-ppc-account/
""Google Ads"" <- /checklists/conversion-tracking-checklist/
""Google Ads"" <- /checklists/google-ads-remarketing-checklist/
""Google Ads"" <- /checklists/google-ads-setup-checklist/
""Google Ads"" <- /checklists/saas-ppc-checklist/
""Google Ads"" <- /glossary/what-is-ab-testing/
""Google Ads"" <- /glossary/what-is-an-seo-audit/
""Google Ads"" <- /glossary/what-is-brand-positioning/
""Google Ads"" <- /glossary/what-is-cost-per-click/
""Google Ads"" <- /glossary/what-is-cpa/
""Google Ads"" <- /glossary/what-is-ctr/
""Google Ads"" <- /glossary/what-is-google-tag-manager/
""Google Ads"" <- /glossary/what-is-inbound-marketing/
""Google Ads"" <- /glossary/what-is-lead-generation/
""Google Ads"" <- /glossary/what-is-meta-ads/
""Google Ads"" <- /glossary/what-is-performance-marketing/
""Google Ads"" <- /glossary/what-is-ppc/
""Google Ads"" <- /glossary/what-is-roas/
""Google Ads"" <- /glossary/what-is-sem/
""Google Ads"" <- /glossary/what-is-seo/
""Google Ads"" <- /list/best-b2b-lead-generation-companies/
""Google Ads"" <- /research/google-ads-benchmarks/","""Praveen Ravi"" -> /author/praveen-ravi/
""click-through rate"" -> /blogs/how-to-improve-organic-ctr/
""customer acquisition"" -> /blogs/saas-customer-acquisition-strategy/
""Quality Score"" -> /blogs/saas-quality-score/
""landing pages"" -> /glossary/what-is-a-landing-page/
""ICP"" -> /glossary/what-is-icp/
""PPC"" -> /glossary/what-is-ppc/
""SEO"" -> /glossary/what-is-seo/
""how top B2B PPC agencies optimize Google Ads auctions"" -> /list/best-affordable-b2b-ppc-agencies/
""B2B Google Ads agency"" -> /list/best-b2b-google-ads-agencies/
""best B2B SEO agencies that align PPC with organic growth"" -> /list/best-b2b-seo-agencies/
""top SaaS marketing companies for B2B growth"" -> /list/best-saas-marketing-agencies-2026/
""best SaaS PPC agencies for growth-focused teams"" -> /list/best-saas-ppc-agencies/
""SaaS SEO agency list for aligning paid and organic growth"" -> /list/best-saas-seo-agencies/"
/glossary/what-is-google-search-console/,glossary,What Is Google Search Console? Plain-English Guide for SaaS Teams,6,14,,"""Google Search Console"" <- /blogs/b2b-inbound-marketing-guide/
""Google Search Console"" <- /blogs/b2b-saas-seo/
""Google Search Console"" <- /blogs/enterprise-seo-challenges-and-fixes/
""Google Search Console"" <- /blogs/enterprise-seo-guide/
""Google Search Console"" <- /blogs/saas-link-building/
""Google Search Console"" <- /blogs/saas-seo-strategies-and-framework/","""Kamaraj Mathiarasan (Kim)"" -> /author/kamaraj-mathiarasan/
""content calendar"" -> /blogs/how-to-build-saas-keyword-map-content-calendar/
""new SaaS site"" -> /blogs/how-to-rank-new-saas-site/
""backlinks"" -> /glossary/what-is-a-backlink/
""landing pages"" -> /glossary/what-is-a-landing-page/
""keyword research"" -> /glossary/what-is-keyword-research/
""SEO"" -> /glossary/what-is-seo/
""technical SEO"" -> /glossary/what-is-technical-seo/
""B2B SEO agencies that specialize in SaaS"" -> /list/best-b2b-seo-agencies/
""rank tracking"" -> /list/best-rank-tracking-tools-for-saas/
""how top SaaS marketing agencies use GSC to drive rankings"" -> /list/best-saas-marketing-agencies-2026/
""best SaaS SEO agencies"" -> /list/best-saas-seo-agencies/
""SaaS PPC campaigns"" -> /saas-ppc/
""SaaS SEO agency services for ongoing optimization"" -> /saas-seo-agency/"
/glossary/what-is-google-tag-manager/,glossary,What Is Google Tag Manager,0,9,YES,,"""Kamaraj Mathiarasan (Kim)"" -> /author/kamaraj-mathiarasan/
""Google Ads"" -> /glossary/what-is-google-ads/
""See how top B2B marketing agencies manage tracking across multiple SaaS products"" -> /list/best-b2b-marketing-agencies/
""How B2B SEO agencies structure data layers for advanced analytics"" -> /list/best-b2b-seo-agencies/
""heatmap tools"" -> /list/best-heatmap-session-recording-tools-for-saas/
""How SaaS marketing agencies implement GTM for campaign tracking"" -> /list/best-saas-marketing-agencies-2026/
""See which SaaS PPC agencies build GTM into their ad ops stack"" -> /list/best-saas-ppc-agencies/
""How the top SaaS SEO agencies use GTM for tracking and reporting"" -> /list/best-saas-seo-agencies/
""How SaaS PPC management teams integrate GTM with Google Ads and analytics"" -> /saas-ppc/"
/glossary/what-is-gpt/,glossary,What is GPT? A Clear Guide to Generative AI and Business Impact,0,7,YES,,"""Kamaraj Mathiarasan (Kim)"" -> /author/kamaraj-mathiarasan/
""LLM"" -> /glossary/what-is-an-llm/
""prompt engineering"" -> /glossary/what-is-prompt-engineering/
""B2B marketing agency strategies for AI-assisted content"" -> /list/best-b2b-marketing-agencies/
""how the best SaaS marketing agencies use AI in campaigns"" -> /list/best-saas-marketing-agencies-2026/
""top SaaS PPC agencies balancing automation and accuracy"" -> /list/best-saas-ppc-agencies/
""best SaaS SEO agencies"" -> /list/best-saas-seo-agencies/"
/glossary/what-is-icp/,glossary,What Is ICP? SaaS Ideal Customer Profile Explained,91,8,,"""ICP"" <- /blogs/abm-for-saas-paid-playbook/
""ICP"" <- /blogs/ai-seo-strategy-and-framework/
""ICP"" <- /blogs/ai-smart-bidding-for-saas-ppc/
""ICP"" <- /blogs/b2b-inbound-marketing-guide/
""ICP"" <- /blogs/b2b-lead-generation/
""ICP"" <- /blogs/b2b-linkedin-marketing-guide/
""ICP"" <- /blogs/b2b-marketing-operations-guide/
""ICP"" <- /blogs/b2b-marketing/
""ICP"" <- /blogs/b2b-ppc-guide/
""ICP"" <- /blogs/b2b-ppc/
""ICP"" <- /blogs/b2b-saas-seo/
""ICP"" <- /blogs/chatgpt-ads-for-saas/
""ICP"" <- /blogs/enterprise-saas-seo-guide/
""ICP"" <- /blogs/enterprise-seo-challenges-and-fixes/
""ICP"" <- /blogs/enterprise-seo-strategy-and-framework/
""ICP"" <- /blogs/how-do-i-run-linkedin-ads-for-saas-an-experts-take/
""ICP"" <- /blogs/how-to-align-seo-with-sales/
""ICP"" <- /blogs/how-to-choose-search-volume-vs-search-intent/
""ICP"" <- /blogs/how-to-forecast-saas-ppc-budget/
""ICP"" <- /blogs/how-to-map-keywords-to-saas-buyer-journey/
""well-defined ICP"" <- /blogs/how-to-rank-bofu-keywords-saas/
""ICP definition"" <- /blogs/how-to-rank-mofu-keywords-saas/
""ICP"" <- /blogs/how-to-rank-new-saas-site/
""ICP"" <- /blogs/how-to-rank-on-chatgpt-in-2026-strategies-and-tips/
""ICP"" <- /blogs/how-to-rank-tofu-keywords-saas/
""ICP"" <- /blogs/how-to-recover-from-google-core-update/
""ICP"" <- /blogs/how-to-run-google-ads-for-saas/
""ICP"" <- /blogs/how-to-score-saas-keywords-by-icp-intent/
""ICP"" <- /blogs/how-to-tie-content-to-mqls/
""ICP"" <- /blogs/how-to-use-customer-match-for-saas/
""ICP"" <- /blogs/how-to-write-saas-comparison-pages-for-seo/
""ICP"" <- /blogs/linkedin-account-based-marketing/
""ICP"" <- /blogs/linkedin-ads-for-saas-guide/
""ICP"" <- /blogs/linkedin-buying-committee-saas/
""ICP"" <- /blogs/paid-search-vs-paid-social-for-saas/
""ICP"" <- /blogs/programmatic-seo-for-saas/
""ICP"" <- /blogs/saas-abm-strategy/
""ICP"" <- /blogs/saas-ad-fatigue/
""ICP"" <- /blogs/saas-content-distribution-strategy/
""ICP"" <- /blogs/saas-content-marketing-guide/
""ICP"" <- /blogs/saas-customer-acquisition-strategy/
""ICP"" <- /blogs/saas-go-to-market-strategy/
""ICP"" <- /blogs/saas-international-seo-strategy/
""ICP"" <- /blogs/saas-link-building/
""ICP"" <- /blogs/saas-linkedin-ad-copy/
""ICP"" <- /blogs/saas-linkedin-ads-mistakes-to-avoid/
""ICP"" <- /blogs/saas-marketing-challenges-and-fixes/
""ICP"" <- /blogs/saas-marketing/
""ICP"" <- /blogs/saas-messaging-strategy/
""ICP"" <- /blogs/saas-paid-marketing-guide/
""ICP"" <- /blogs/saas-positioning-strategy/
""ICP"" <- /blogs/saas-product-led-growth-strategy/
""ICP"" <- /blogs/saas-product-marketing-strategy/
""ICP"" <- /blogs/saas-quality-score/
""ICP"" <- /blogs/saas-reddit-ads/
""ICP"" <- /blogs/saas-seo-strategies-and-framework/
""ICP"" <- /blogs/saas-seo/
""ICP"" <- /blogs/saas-social-proof/
""ICP"" <- /blogs/technical-seo-for-saas/
""ICP"" <- /blogs/the-no-nonsense-guide-to-auditing-your-saas-ppc-account/
""ICP"" <- /blogs/types-of-keywords-in-seo/
""ICP"" <- /blogs/why-is-my-seo-not-driving-pipeline/
""ICP"" <- /checklists/saas-ppc-checklist/
""ICP"" <- /checklists/saas-seo-checklist/
""ICP"" <- /glossary/what-are-keyword-clusters/
""ICP"" <- /glossary/what-is-a-commercial-keyword/
""ICP"" <- /glossary/what-is-a-long-tail-keyword/
""ICP"" <- /glossary/what-is-ab-testing/
""ICP"" <- /glossary/what-is-abm/
""ICP"" <- /glossary/what-is-an-informational-keyword/
""ICP"" <- /glossary/what-is-brand-identity/
""ICP"" <- /glossary/what-is-brand-positioning/
""ICP"" <- /glossary/what-is-content-marketing/
""ICP"" <- /glossary/what-is-conversion-rate/
""ICP"" <- /glossary/what-is-cpm/
""ICP"" <- /glossary/what-is-ctr/
""ICP"" <- /glossary/what-is-domain-authority/
""ICP"" <- /glossary/what-is-evergreen-content/
""ICP"" <- /glossary/what-is-fid/
""ICP"" <- /glossary/what-is-go-to-market-strategy/
""ICP"" <- /glossary/what-is-google-ads/
""ICP"" <- /glossary/what-is-inbound-marketing/
""ICP"" <- /glossary/what-is-keyword-research/
""ICP"" <- /glossary/what-is-lead-generation/
""ICP"" <- /glossary/what-is-meta-ads/
""ICP"" <- /glossary/what-is-nrr/
""ICP"" <- /glossary/what-is-performance-marketing/
""ICP"" <- /glossary/what-is-programmatic-advertising/
""ICP"" <- /glossary/what-is-sal-in-saas/
""ICP"" <- /glossary/what-is-search-volume/
""ICP"" <- /glossary/what-is-tam-sam-som/","""Kamaraj Mathiarasan (Kim)"" -> /author/kamaraj-mathiarasan/
""ARR"" -> /glossary/what-is-arr/
""SEO"" -> /glossary/what-is-seo/
""top B2B PPC agencies for account-based marketing"" -> /list/best-affordable-b2b-ppc-agencies/
""best B2B marketing agencies for SaaS growth"" -> /list/best-b2b-marketing-agencies/
""how top SaaS marketing agencies approach segmentation"" -> /list/best-saas-marketing-agencies-2026/
""SaaS PPC agency tactics for targeting ICP-fit leads"" -> /list/best-saas-ppc-agencies/
""dedicated SaaS SEO team strategies for ICP-driven growth"" -> /saas-seo-agency/"
/glossary/what-is-image-alt-text/,glossary,"What Is Image Alt Text? SEO, Accessibility & SaaS Best Practices",1,6,,"""alt text"" <- /blogs/saas-content-marketing-guide/","""Kamaraj Mathiarasan (Kim)"" -> /author/kamaraj-mathiarasan/
""landing pages"" -> /glossary/what-is-a-landing-page/
""SEO"" -> /glossary/what-is-seo/
""how top B2B SEO agencies optimize for both accessibility and search"" -> /list/best-b2b-seo-agencies/
""top SaaS marketing agencies for growth-stage companies"" -> /list/best-saas-marketing-agencies-2026/
""best SaaS SEO agencies"" -> /list/best-saas-seo-agencies/"
/glossary/what-is-inbound-marketing/,glossary,What Is Inbound Marketing? The SaaS Growth Guide,2,14,,"""inbound marketing"" <- /list/best-b2b-content-marketing-agencies/
""inbound marketing"" <- /list/best-b2b-lead-generation-companies/","""Kamaraj Mathiarasan (Kim)"" -> /author/kamaraj-mathiarasan/
""internal linking"" -> /blogs/how-to-use-internal-linking/
""comparison pages"" -> /blogs/how-to-write-saas-comparison-pages-for-seo/
""backlinks"" -> /glossary/what-is-a-backlink/
""landing pages"" -> /glossary/what-is-a-landing-page/
""Content marketing"" -> /glossary/what-is-content-marketing/
""domain authority"" -> /glossary/what-is-domain-authority/
""Google Ads"" -> /glossary/what-is-google-ads/
""ICP"" -> /glossary/what-is-icp/
""SEO"" -> /glossary/what-is-seo/
""best B2B SEO agencies for full-funnel content strategy"" -> /list/best-b2b-seo-agencies/
""best SaaS marketing agencies for inbound and organic growth"" -> /list/best-saas-marketing-agencies-2026/
""SaaS PPC"" -> /saas-ppc/
""dedicated SaaS SEO team"" -> /saas-seo-agency/"
/glossary/what-is-indexing/,glossary,"What Is Indexing? Meaning, Process & Why It Matters",1,8,,"""indexed"" <- /blogs/google-ranking-factors-saas/","""Kamaraj Mathiarasan (Kim)"" -> /author/kamaraj-mathiarasan/
""internal linking"" -> /blogs/how-to-use-internal-linking/
""backlinks"" -> /glossary/what-is-a-backlink/
""canonical tag"" -> /glossary/what-is-a-canonical-tag/
""SEO"" -> /glossary/what-is-seo/
""B2B SEO agency strategies for technical SEO and indexation at scale"" -> /list/best-b2b-seo-agencies/
""how top SaaS marketing agencies diagnose and fix indexation issues"" -> /list/best-saas-marketing-agencies-2026/
""best SaaS SEO agencies"" -> /list/best-saas-seo-agencies/"
/glossary/what-is-keyword-difficulty/,glossary,What Is Keyword Difficulty? A SaaS SEO Guide,1,10,,"""Keyword Difficulty"" <- /blogs/how-to-choose-search-volume-vs-search-intent/","""Kamaraj Mathiarasan (Kim)"" -> /author/kamaraj-mathiarasan/
""how to do SaaS SEO keyword research the right way"" -> /blogs/how-to-do-saas-seo-keyword-research/
""how to rank for high-difficulty SaaS keywords"" -> /blogs/how-to-rank-high-difficulty-keywords/
""new SaaS site"" -> /blogs/how-to-rank-new-saas-site/
""backlinks"" -> /glossary/what-is-a-backlink/
""domain authority"" -> /glossary/what-is-domain-authority/
""search intent"" -> /glossary/what-is-search-intent/
""SEO"" -> /glossary/what-is-seo/
""SERP"" -> /glossary/what-is-serp/
""best SaaS SEO agencies"" -> /list/best-saas-seo-agencies/"
/glossary/what-is-keyword-ranking/,glossary,What Is Keyword Ranking? A SaaS Team's Plain-English Guide,1,9,,"""keyword rankings"" <- /list/best-saas-seo-agencies/","""Kamaraj Mathiarasan (Kim)"" -> /author/kamaraj-mathiarasan/
""click-through rate"" -> /blogs/how-to-improve-organic-ctr/
""how to rank BOFU keywords for SaaS"" -> /blogs/how-to-rank-bofu-keywords-saas/
""backlinks"" -> /glossary/what-is-a-backlink/
""Domain authority"" -> /glossary/what-is-domain-authority/
""keyword research"" -> /glossary/what-is-keyword-research/
""SERP"" -> /glossary/what-is-serp/
""Rank tracking tools"" -> /list/best-rank-tracking-tools-for-saas/
""how the best SaaS SEO agencies prioritise keyword targets for pipeline impact"" -> /list/best-saas-seo-agencies/"
/glossary/what-is-keyword-research/,glossary,What Is Keyword Research? The SaaS Marketer’s Real Guide,25,13,,"""keyword research"" <- /blogs/b2b-ppc-guide/
""keyword research"" <- /blogs/b2b-saas-seo/
""keyword research"" <- /blogs/enterprise-seo-strategy-and-framework/
""keyword research"" <- /blogs/how-to-align-seo-with-sales/
""keyword research"" <- /blogs/how-to-do-keyword-gap-analysis/
""keyword research"" <- /blogs/how-to-do-saas-seo-competitor-analysis/
""Keyword Research"" <- /blogs/how-to-do-saas-seo-keyword-research/
""keyword research"" <- /blogs/how-to-do-saas-seo-keyword-research/
""keyword research"" <- /blogs/how-to-map-keywords-to-saas-buyer-journey/
""keyword research"" <- /blogs/how-to-rank-for-question-keywords/
""keyword research"" <- /blogs/how-to-rank-tofu-keywords-saas/
""Keyword Research"" <- /blogs/how-to-run-google-ads-for-saas/
""keyword research"" <- /blogs/how-to-use-internal-linking/
""keyword research"" <- /blogs/optimize-saas-landing-pages-for-seo/
""keyword research"" <- /blogs/saas-international-seo-strategy/
""Keyword research"" <- /blogs/saas-seo-strategies-and-framework/
""Keyword research"" <- /blogs/the-8-common-saas-google-ads-mistakes-to-avoid-in-2026/
""keyword research"" <- /blogs/types-of-keywords-in-seo/
""keyword research"" <- /checklists/saas-seo-checklist/
""keyword research"" <- /glossary/what-is-google-search-console/
""keyword research"" <- /glossary/what-is-keyword-ranking/
""keyword research"" <- /glossary/what-is-ppc/
""keyword research"" <- /glossary/what-is-sem/
""keyword research"" <- /list/best-b2b-seo-agencies/
""Keyword research"" <- /list/best-saas-seo-agencies/","""Ranjeeth Kumar"" -> /author/ranjeeth/
""cannibalization"" -> /blogs/how-to-fix-keyword-cannibalization/
""Topical authority"" -> /blogs/how-to-improve-topical-authority/
""Comparison pages"" -> /blogs/how-to-write-saas-comparison-pages-for-seo/
""Landing pages"" -> /glossary/what-is-a-landing-page/
""domain authority"" -> /glossary/what-is-domain-authority/
""ICP"" -> /glossary/what-is-icp/
""SEO"" -> /glossary/what-is-seo/
""SERP"" -> /glossary/what-is-serp/
""how the best B2B SEO agencies structure content around buyer intent"" -> /list/best-b2b-seo-agencies/
""how top SaaS SEO agencies approach keyword strategy and content structure"" -> /list/best-saas-seo-agencies/
""SaaS PPC"" -> /saas-ppc/
""SaaS SEO agency"" -> /saas-seo-agency/"
/glossary/what-is-lead-generation/,glossary,What Is Lead Generation? SaaS Guide for Real Growth,17,13,,"""Lead Generation"" <- /blogs/b2b-content-marketing-guide/
""Lead Generation"" <- /blogs/b2b-demand-generation-guide/
""lead generation"" <- /blogs/b2b-lead-generation/
""lead generation"" <- /blogs/b2b-linkedin-marketing-guide/
""Lead Generation"" <- /blogs/how-do-i-run-linkedin-ads-for-saas-an-experts-take/
""lead generation"" <- /blogs/how-to-do-saas-seo-competitor-analysis/
""Lead generation"" <- /blogs/linkedin-ads-for-saas-guide/
""lead generation"" <- /blogs/optimize-saas-landing-pages-for-seo/
""Lead generation"" <- /blogs/saas-customer-acquisition-strategy/
""lead generation"" <- /blogs/saas-demand-generation-strategy/
""lead generation"" <- /blogs/saas-lead-generation-strategy/
""lead generation"" <- /glossary/what-is-evergreen-content/
""Lead generation"" <- /glossary/what-is-meta-ads/
""lead generation"" <- /glossary/what-is-ppc/
""lead generation"" <- /glossary/what-is-seo/
""lead generation"" <- /list/best-b2b-marketing-agencies/
""leads"" <- /list/best-saas-seo-agencies/","""Kamaraj Mathiarasan (Kim)"" -> /author/kamaraj-mathiarasan/
""comparison pages"" -> /blogs/how-to-write-saas-comparison-pages-for-seo/
""marketing metrics"" -> /blogs/saas-marketing-metrics/
""Content marketing"" -> /glossary/what-is-content-marketing/
""Google Ads"" -> /glossary/what-is-google-ads/
""ICP"" -> /glossary/what-is-icp/
""PPC"" -> /glossary/what-is-ppc/
""SEO"" -> /glossary/what-is-seo/
""top B2B marketing firms for SaaS companies"" -> /list/best-b2b-marketing-agencies/
""B2B SEO agency strategies for qualifying leads"" -> /list/best-b2b-seo-agencies/
""enterprise SEO agencies with advanced lead tracking"" -> /list/best-enterprise-seo-agencies/
""best SaaS marketing agencies for B2B growth"" -> /list/best-saas-marketing-agencies-2026/
""SaaS PPC strategies for predictable pipeline"" -> /saas-ppc/"
/glossary/what-is-meta-ads/,glossary,What Is Meta Ads,0,13,YES,,"""Praveen Ravi"" -> /author/praveen-ravi/
""bottom-of-funnel"" -> /blogs/how-to-rank-bofu-keywords-saas/
""Meta Ads"" -> /blogs/meta-ads-for-b2b-saas/
""SaaS marketing"" -> /blogs/saas-marketing/
""landing page"" -> /glossary/what-is-a-landing-page/
""CPC"" -> /glossary/what-is-cost-per-click/
""Google Ads"" -> /glossary/what-is-google-ads/
""ICP"" -> /glossary/what-is-icp/
""Lead generation"" -> /glossary/what-is-lead-generation/
""top B2B PPC agency"" -> /list/best-affordable-b2b-ppc-agencies/
""best SaaS marketing agencies that specialise in paid social and demand generation"" -> /list/best-saas-marketing-agencies-2026/
""best SaaS PPC agencies for managing paid social and search campaigns"" -> /list/best-saas-ppc-agencies/
""SaaS paid ads"" -> /saas-ppc/"
/glossary/what-is-nrr/,glossary,What Is Nrr,3,10,,"""NRR"" <- /blogs/saas-growth-strategy/
""NRR"" <- /blogs/saas-marketing-metrics/
""NRR"" <- /blogs/saas-product-led-growth-strategy/","""Kamaraj Mathiarasan (Kim)"" -> /author/kamaraj-mathiarasan/
""ARR"" -> /glossary/what-is-arr/
""ICP"" -> /glossary/what-is-icp/
""SEO"" -> /glossary/what-is-seo/
""how the best SaaS marketing agencies drive retention and expansion"" -> /list/best-saas-marketing-agencies-2026/
""see which SaaS PPC agencies can help expand revenue from existing customers"" -> /list/best-saas-ppc-agencies/
""how top SaaS paid search agencies support expansion and retention campaigns"" -> /list/best-saas-ppc-agencies/
""the SaaS SEO agency list for teams prioritising expansion metrics"" -> /list/best-saas-seo-agencies/
""the best SaaS SEO agencies for retention-first growth"" -> /list/best-saas-seo-agencies/
""top SaaS SEO agencies"" -> /list/best-saas-seo-agencies/"
/glossary/what-is-off-page-seo/,glossary,What Is Off Page SEO? Real-World Guide for SaaS Teams,1,14,,"""off-page SEO"" <- /list/best-saas-seo-agencies/","""Kamaraj Mathiarasan (Kim)"" -> /author/kamaraj-mathiarasan/
""topical authority"" -> /blogs/how-to-improve-topical-authority/
""internal linking"" -> /blogs/how-to-use-internal-linking/
""Social proof"" -> /blogs/saas-social-proof/
""Thought leadership"" -> /blogs/saas-thought-leadership-strategy/
""backlinks"" -> /glossary/what-is-a-backlink/
""domain authority"" -> /glossary/what-is-domain-authority/
""on-page SEO"" -> /glossary/what-is-on-page-seo/
""SEO"" -> /glossary/what-is-seo/
""technical SEO"" -> /glossary/what-is-technical-seo/
""best B2B marketing agencies"" -> /list/best-b2b-marketing-agencies/
""how top B2B SEO companies approach safe link building"" -> /list/best-b2b-seo-agencies/
""how top SaaS marketing agencies build authority for software brands"" -> /list/best-saas-marketing-agencies-2026/
""best SaaS SEO agencies"" -> /list/best-saas-seo-agencies/"
/glossary/what-is-on-page-seo/,glossary,What Is On Page SEO? Plain-English Guide for SaaS Teams,5,17,,"""On-page SEO"" <- /blogs/geo-vs-seo/
""on-page SEO"" <- /blogs/how-to-write-saas-comparison-pages-for-seo/
""on-page SEO"" <- /glossary/what-is-off-page-seo/
""On-page SEO"" <- /glossary/what-is-seo/
""on-page SEO"" <- /glossary/what-is-ssl-certificate/","""Kamaraj Mathiarasan (Kim)"" -> /author/kamaraj-mathiarasan/
""secondary keywords"" -> /blogs/how-to-do-saas-seo-keyword-research/
""cannibalization"" -> /blogs/how-to-fix-keyword-cannibalization/
""click-through rate"" -> /blogs/how-to-improve-organic-ctr/
""Internal linking"" -> /blogs/how-to-use-internal-linking/
""SaaS PPC"" -> /blogs/saas-ppc/
""backlinks"" -> /glossary/what-is-a-backlink/
""Meta description"" -> /glossary/what-is-a-meta-description/
""anchor text"" -> /glossary/what-is-anchor-text/
""CTR"" -> /glossary/what-is-ctr/
""SEO"" -> /glossary/what-is-seo/
""SERP"" -> /glossary/what-is-serp/
""how top B2B SEO companies structure high-ranking site architectures"" -> /list/best-b2b-seo-agencies/
""rank tracking"" -> /list/best-rank-tracking-tools-for-saas/
""how top SaaS marketing agencies structure high-converting SEO pages"" -> /list/best-saas-marketing-agencies-2026/
""best SaaS SEO agencies"" -> /list/best-saas-seo-agencies/
""SaaS SEO agency services that go beyond keyword stuffing"" -> /saas-seo-agency/"
/glossary/what-is-performance-marketing/,glossary,"What Is Performance Marketing? Definition, Examples & SaaS Guide",5,14,,"""performance marketing"" <- /blogs/saas-ppc/
""performance marketing"" <- /glossary/what-is-brand-positioning/
""performance marketing"" <- /list/best-b2b-google-ads-agencies/
""performance marketing"" <- /list/best-b2b-lead-generation-companies/
""performance marketing"" <- /list/best-b2b-marketing-agencies/","""Praveen Ravi"" -> /author/praveen-ravi/
""Bing Ads"" -> /blogs/microsoft-ads-for-saas/
""landing pages"" -> /glossary/what-is-a-landing-page/
""Content marketing"" -> /glossary/what-is-content-marketing/
""CPC"" -> /glossary/what-is-cost-per-click/
""CPA"" -> /glossary/what-is-cpa/
""Google Ads"" -> /glossary/what-is-google-ads/
""ICP"" -> /glossary/what-is-icp/
""ROAS"" -> /glossary/what-is-roas/
""B2B PPC agency partners that prioritize real outcomes"" -> /list/best-affordable-b2b-ppc-agencies/
""B2B marketing agency partners for SaaS growth"" -> /list/best-b2b-marketing-agencies/
""best SaaS marketing agencies for outcome-driven growth"" -> /list/best-saas-marketing-agencies-2026/
""top SaaS PPC agencies for revenue-focused campaigns"" -> /list/best-saas-ppc-agencies/
""SaaS PPC agency"" -> /saas-ppc/"
/glossary/what-is-ppc/,glossary,What Is PPC? Paid Search Explained for SaaS & B2B Teams,25,19,,"""PPC"" <- /blogs/ai-smart-bidding-for-saas-ppc/
""PPC"" <- /blogs/b2b-content-marketing-guide/
""PPC"" <- /blogs/b2b-demand-generation-guide/
""PPC"" <- /blogs/b2b-linkedin-marketing-guide/
""PPC"" <- /blogs/b2b-marketing/
""PPC"" <- /blogs/b2b-ppc-guide/
""PPC"" <- /blogs/b2b-ppc/
""PPC"" <- /blogs/how-do-i-run-linkedin-ads-for-saas-an-experts-take/
""PPC"" <- /blogs/how-to-forecast-saas-ppc-budget/
""PPC"" <- /blogs/how-to-run-google-ads-for-saas/
""PPC"" <- /blogs/how-to-run-linkedin-retargeting-ads/
""PPC"" <- /blogs/how-to-write-google-ads-copy-for-saas-in-2026/
""PPC"" <- /blogs/saas-ppc/
""PPC"" <- /blogs/the-no-nonsense-guide-to-auditing-your-saas-ppc-account/
""UTM"" <- /checklists/conversion-tracking-checklist/
""UTM"" <- /checklists/marketing-attribution-checklist/
""PPC"" <- /checklists/saas-ppc-checklist/
""PPC"" <- /glossary/what-is-an-seo-audit/
""PPC"" <- /glossary/what-is-clv/
""PPC"" <- /glossary/what-is-cost-per-click/
""PPC"" <- /glossary/what-is-ctr/
""PPC"" <- /glossary/what-is-google-ads/
""PPC"" <- /glossary/what-is-lead-generation/
""PPC"" <- /glossary/what-is-seo/
""PPC"" <- /glossary/what-is-serp/","""Praveen Ravi"" -> /author/praveen-ravi/
""click-through rate"" -> /blogs/how-to-improve-organic-ctr/
""Meta Ads"" -> /blogs/meta-ads-for-b2b-saas/
""SaaS PPC"" -> /blogs/saas-ppc/
""Quality Score"" -> /blogs/saas-quality-score/
""landing pages"" -> /glossary/what-is-a-landing-page/
""ABM"" -> /glossary/what-is-abm/
""CPC"" -> /glossary/what-is-cost-per-click/
""Google Ads"" -> /glossary/what-is-google-ads/
""keyword research"" -> /glossary/what-is-keyword-research/
""lead generation"" -> /glossary/what-is-lead-generation/
""SEO"" -> /glossary/what-is-seo/
""top B2B PPC agencies for complex buying cycles"" -> /list/best-affordable-b2b-ppc-agencies/
""best B2B Google Ads agencies for SaaS brands"" -> /list/best-b2b-google-ads-agencies/
""best SaaS marketing agencies"" -> /list/best-saas-marketing-agencies-2026/
""best SaaS PPC agencies for paid search growth"" -> /list/best-saas-ppc-agencies/
""SaaS PPC agency"" -> /list/best-saas-ppc-agencies/
""best SaaS SEO agencies"" -> /list/best-saas-seo-agencies/
""SaaS PPC services"" -> /saas-ppc/"
/glossary/what-is-programmatic-advertising/,glossary,What Is Programmatic Advertising,0,8,YES,,"""Praveen Ravi"" -> /author/praveen-ravi/
""creative testing"" -> /blogs/saas-creative-testing/
""ABM"" -> /glossary/what-is-abm/
""ICP"" -> /glossary/what-is-icp/
""top B2B PPC agencies for high-control programmatic campaigns"" -> /list/best-affordable-b2b-ppc-agencies/
""best B2B marketing agencies for programmatic strategy"" -> /list/best-b2b-marketing-agencies/
""best SaaS PPC agencies for automated ad buying"" -> /list/best-saas-ppc-agencies/
""SaaS PPC"" -> /saas-ppc/"
/glossary/what-is-prompt-engineering/,glossary,"What Is Prompt Engineering? Definition, Examples, and Uses",2,5,,"""Prompt engineering"" <- /glossary/what-is-an-llm/
""prompt engineering"" <- /glossary/what-is-gpt/","""Kamaraj Mathiarasan (Kim)"" -> /author/kamaraj-mathiarasan/
""best B2B marketing agencies for SaaS teams using AI"" -> /list/best-b2b-marketing-agencies/
""best SaaS marketing agencies for AI-driven growth"" -> /list/best-saas-marketing-agencies-2026/
""how top SaaS PPC agencies approach prompt-driven ad copy"" -> /list/best-saas-ppc-agencies/
""top SaaS SEO agencies that specialize in AI-driven content"" -> /list/best-saas-seo-agencies/"
/glossary/what-is-rag/,glossary,What Is RAG? Retrieval-Augmented Generation Explained Simply,3,8,,"""retrieval-augmented generation"" <- /blogs/saas-seo/
""retrieval-augmented generation"" <- /glossary/what-is-ai-hallucination/
""Retrieval-augmented generation"" <- /glossary/what-is-an-llm/","""Kamaraj Mathiarasan (Kim)"" -> /author/kamaraj-mathiarasan/
""LLM"" -> /glossary/what-is-an-llm/
""SEO"" -> /glossary/what-is-seo/
""B2B marketing agencies that build content engines for SaaS"" -> /list/best-b2b-marketing-agencies/
""top B2B SEO agencies for SaaS expansion"" -> /list/best-b2b-seo-agencies/
""how the best SaaS marketing agencies integrate AI into growth tactics"" -> /list/best-saas-marketing-agencies-2026/
""best SaaS SEO agencies"" -> /list/best-saas-seo-agencies/
""SaaS SEO agency services purpose-built for product-led teams"" -> /saas-seo-agency/"
/glossary/what-is-roas/,glossary,What Is ROAS? SaaS Guide to Real Return on Ad Spend,9,16,,"""ROAS"" <- /blogs/ab-test-saas-landing-pages/
""ROAS"" <- /blogs/how-to-forecast-saas-ppc-budget/
""ROAS"" <- /blogs/how-to-run-google-ads-for-saas/
""ROAS"" <- /blogs/linkedin-buying-committee-saas/
""ROAS"" <- /blogs/the-8-common-saas-google-ads-mistakes-to-avoid-in-2026/
""ROAS"" <- /blogs/the-no-nonsense-guide-to-auditing-your-saas-ppc-account/
""ROAS"" <- /checklists/google-ads-remarketing-checklist/
""ROAS"" <- /glossary/what-is-performance-marketing/
""ROAS"" <- /research/google-ads-benchmarks/","""Praveen Ravi"" -> /author/praveen-ravi/
""click-through rate"" -> /blogs/how-to-improve-organic-ctr/
""Multi-touch attribution"" -> /blogs/how-to-set-up-multi-touch-attribution/
""customer acquisition"" -> /blogs/saas-customer-acquisition-strategy/
""content marketing"" -> /glossary/what-is-content-marketing/
""CPA"" -> /glossary/what-is-cpa/
""CTR"" -> /glossary/what-is-ctr/
""Google Ads"" -> /glossary/what-is-google-ads/
""SEO"" -> /glossary/what-is-seo/
""how top B2B PPC agencies approach paid SaaS growth"" -> /list/best-affordable-b2b-ppc-agencies/
""B2B Google Ads agency"" -> /list/best-b2b-google-ads-agencies/
""best B2B marketing agencies for SaaS companies"" -> /list/best-b2b-marketing-agencies/
""best SaaS marketing agencies for early-stage growth"" -> /list/best-saas-marketing-agencies-2026/
""best SaaS PPC agencies for high-growth software brands"" -> /list/best-saas-ppc-agencies/
""SaaS SEO agency list for content-led SaaS brands"" -> /list/best-saas-seo-agencies/
""SaaS PPC agency"" -> /saas-ppc/"
/glossary/what-is-robots-txt/,glossary,What Is Robots.txt? How Robots.txt Works for SEO & SaaS,1,10,,"""robots.txt"" <- /blogs/enterprise-seo-challenges-and-fixes/","""Kamaraj Mathiarasan (Kim)"" -> /author/kamaraj-mathiarasan/
""cannibalization"" -> /blogs/how-to-fix-keyword-cannibalization/
""landing pages"" -> /glossary/what-is-a-landing-page/
""CTR"" -> /glossary/what-is-ctr/
""SEO"" -> /glossary/what-is-seo/
""technical SEO"" -> /glossary/what-is-technical-seo/
""how the best B2B SEO agencies handle technical crawl control"" -> /list/best-b2b-seo-agencies/
""how the best enterprise SEO agencies handle crawl control at scale"" -> /list/best-enterprise-seo-agencies/
""how top SaaS marketing agencies approach technical SEO hygiene"" -> /list/best-saas-marketing-agencies-2026/
""top SaaS SEO agencies"" -> /list/best-saas-seo-agencies/"
/glossary/what-is-runway/,glossary,What Is Runway? The SaaS Founder’s Survival Guide,7,6,,"""runway"" <- /blogs/aeo-vs-geo/
""runway"" <- /blogs/linkedin-ads-for-saas-guide/
""runway"" <- /blogs/meta-ads-for-b2b-saas/
""runway"" <- /blogs/saas-customer-acquisition-strategy/
""runway"" <- /blogs/saas-go-to-market-strategy/
""runway"" <- /blogs/saas-link-building/
""runway"" <- /blogs/saas-paid-media-strategy/","""Ranjeeth Kumar"" -> /author/ranjeeth/
""ARR"" -> /glossary/what-is-arr/
""top B2B PPC agencies for efficient paid acquisition"" -> /list/best-affordable-b2b-ppc-agencies/
""best B2B marketing agencies"" -> /list/best-b2b-marketing-agencies/
""best SaaS marketing agencies for early-stage growth"" -> /list/best-saas-marketing-agencies-2026/
""SaaS PPC agency"" -> /saas-ppc/"
/glossary/what-is-sal-in-saas/,glossary,What Is SAL in SaaS? The Lead Stage Most Teams Get Wrong,0,7,YES,,"""Ranjeeth Kumar"" -> /author/ranjeeth/
""ICP"" -> /glossary/what-is-icp/
""SEO"" -> /glossary/what-is-seo/
""best B2B marketing agencies that understand the full funnel"" -> /list/best-b2b-marketing-agencies/
""top B2B SEO companies that support pipeline-focused content strategies"" -> /list/best-b2b-seo-agencies/
""best SaaS marketing agencies"" -> /list/best-saas-marketing-agencies-2026/
""SaaS PPC"" -> /saas-ppc/"
/glossary/what-is-schema-markup/,glossary,What Is Schema Markup? Plain English Guide for SaaS,8,14,,"""schema markup"" <- /blogs/enterprise-seo-guide/
""Schema Markup"" <- /blogs/optimize-saas-landing-pages-for-seo/
""schema markup"" <- /blogs/saas-seo-strategies-and-framework/
""schema markup"" <- /glossary/what-is-aeo/
""Schema markup"" <- /glossary/what-is-an-ai-overview/
""schema markup"" <- /glossary/what-is-geo/
""Schema markup"" <- /research/ai-seo-statistics/
""schema markup"" <- /research/ai-seo-statistics/","""Kamaraj Mathiarasan (Kim)"" -> /author/kamaraj-mathiarasan/
""organic CTR"" -> /blogs/how-to-improve-organic-ctr/
""social proof"" -> /blogs/saas-social-proof/
""reach out via our contact page"" -> /contact-us/
""landing pages"" -> /glossary/what-is-a-landing-page/
""CTR"" -> /glossary/what-is-ctr/
""SEO"" -> /glossary/what-is-seo/
""SERP"" -> /glossary/what-is-serp/
""technical SEO"" -> /glossary/what-is-technical-seo/
""how B2B Google Ads agencies use schema to boost quality scores"" -> /list/best-b2b-google-ads-agencies/
""best B2B SEO agencies that implement technical schema"" -> /list/best-b2b-seo-agencies/
""how top SaaS marketing agencies use schema for visibility gains"" -> /list/best-saas-marketing-agencies-2026/
""best SaaS SEO agencies"" -> /list/best-saas-seo-agencies/
""AI SEO services"" -> /saas-seo-agency/ai-seo-services/"
/glossary/what-is-search-intent/,glossary,What Is Search Intent? A Practical Guide for SaaS Teams,5,14,,"""intent spectrum"" <- /glossary/what-is-a-commercial-keyword/
""search intent"" <- /glossary/what-is-a-landing-page/
""search intent"" <- /glossary/what-is-a-navigational-keyword/
""intent spectrum"" <- /glossary/what-is-a-transactional-keyword/
""search intent"" <- /glossary/what-is-keyword-difficulty/","""Kamaraj Mathiarasan (Kim)"" -> /author/kamaraj-mathiarasan/
""how to build topic clusters that rank a SaaS site"" -> /blogs/how-to-build-topic-clusters/
""keyword cannibalization"" -> /blogs/how-to-fix-keyword-cannibalization/
""topical authority"" -> /blogs/how-to-improve-topical-authority/
""how to map keywords to the SaaS buyer journey"" -> /blogs/how-to-map-keywords-to-saas-buyer-journey/
""comparison pages"" -> /blogs/how-to-write-saas-comparison-pages-for-seo/
""Commercial intent"" -> /glossary/what-is-a-commercial-keyword/
""landing pages"" -> /glossary/what-is-a-landing-page/
""Transactional intent"" -> /glossary/what-is-a-transactional-keyword/
""Informational intent"" -> /glossary/what-is-an-informational-keyword/
""domain authority"" -> /glossary/what-is-domain-authority/
""SEO"" -> /glossary/what-is-seo/
""SERP"" -> /glossary/what-is-serp/
""how leading B2B SEO agencies align content format to search intent at scale"" -> /list/best-b2b-seo-agencies/"
/glossary/what-is-search-volume/,glossary,What Is Search Volume? A SaaS Marketer's Guide,1,8,,"""Search volume"" <- /glossary/what-is-an-informational-keyword/","""Kamaraj Mathiarasan (Kim)"" -> /author/kamaraj-mathiarasan/
""how to choose between search volume and search intent"" -> /blogs/how-to-choose-search-volume-vs-search-intent/
""how to map keywords to the SaaS buyer journey"" -> /blogs/how-to-map-keywords-to-saas-buyer-journey/
""how to score SaaS keywords by ICP intent"" -> /blogs/how-to-score-saas-keywords-by-icp-intent/
""long-tail terms"" -> /glossary/what-is-a-long-tail-keyword/
""ICP"" -> /glossary/what-is-icp/
""SEO"" -> /glossary/what-is-seo/
""best SaaS SEO agencies"" -> /list/best-saas-seo-agencies/"
/glossary/what-is-sem/,glossary,What Is SEM? Paid Search vs Organic for SaaS Growth,0,16,YES,,"""Praveen Ravi"" -> /author/praveen-ravi/
""Bing Ads"" -> /blogs/microsoft-ads-for-saas/
""Ad fatigue"" -> /blogs/saas-ad-fatigue/
""quality score"" -> /blogs/saas-quality-score/
""landing pages"" -> /glossary/what-is-a-landing-page/
""ABM"" -> /glossary/what-is-abm/
""CPC"" -> /glossary/what-is-cost-per-click/
""CPA"" -> /glossary/what-is-cpa/
""Google Ads"" -> /glossary/what-is-google-ads/
""keyword research"" -> /glossary/what-is-keyword-research/
""SEO"" -> /glossary/what-is-seo/
""top B2B PPC agencies for SaaS and enterprise campaigns"" -> /list/best-affordable-b2b-ppc-agencies/
""best B2B Google Ads agencies for SaaS pipeline growth"" -> /list/best-b2b-google-ads-agencies/
""how top SaaS marketing agencies use SEM for faster launches"" -> /list/best-saas-marketing-agencies-2026/
""how dedicated SaaS PPC agencies manage paid search for SaaS"" -> /list/best-saas-ppc-agencies/
""best SaaS SEO agencies for long-term organic growth"" -> /list/best-saas-seo-agencies/"
/glossary/what-is-seo/,glossary,What Is SEO? Plain-English Guide for SaaS and B2B Teams,133,16,,"""SEO"" <- /blogs/aeo-vs-geo/
""SEO"" <- /blogs/ai-agents-for-seo/
""SEO"" <- /blogs/ai-search-optimization-for-saas/
""SEO"" <- /blogs/ai-seo-strategy-and-framework/
""SEO"" <- /blogs/b2b-content-marketing-guide/
""SEO"" <- /blogs/b2b-demand-generation-guide/
""SEO"" <- /blogs/b2b-inbound-marketing-guide/
""SEO"" <- /blogs/b2b-lead-generation/
""SEO"" <- /blogs/b2b-marketing-operations-guide/
""SEO"" <- /blogs/b2b-marketing/
""SEO"" <- /blogs/b2b-saas-seo/
""SEO"" <- /blogs/enterprise-saas-seo-guide/
""SEO"" <- /blogs/enterprise-seo-challenges-and-fixes/
""SEO"" <- /blogs/enterprise-seo-guide/
""SEO"" <- /blogs/enterprise-seo-strategy-and-framework/
""SEO"" <- /blogs/fintech-seo-guide/
""SEO"" <- /blogs/geo-vs-seo/
""SEO"" <- /blogs/google-ranking-factors-saas/
""SEO"" <- /blogs/how-to-align-seo-with-sales/
""SEO"" <- /blogs/how-to-attribute-seo-to-pipeline/
""SEO"" <- /blogs/how-to-build-saas-keyword-map-content-calendar/
""SEO"" <- /blogs/how-to-build-topic-clusters/
""SEO"" <- /blogs/how-to-calculate-blog-revenue-impact/
""SEO"" <- /blogs/how-to-choose-search-volume-vs-search-intent/
""SEO"" <- /blogs/how-to-cluster-keywords-for-saas/
""SEO"" <- /blogs/how-to-do-geo-for-saas/
""SEO"" <- /blogs/how-to-do-keyword-gap-analysis/
""SEO"" <- /blogs/how-to-do-saas-content-audit/
""SEO"" <- /blogs/how-to-do-saas-seo-competitor-analysis/
""SEO"" <- /blogs/how-to-do-saas-seo-keyword-research/
""SEO"" <- /blogs/how-to-fix-keyword-cannibalization/
""SEO"" <- /blogs/how-to-forecast-pipeline-from-seo/
""SEO"" <- /blogs/how-to-improve-organic-ctr/
""SEO"" <- /blogs/how-to-measure-organic-cac/
""SEO"" <- /blogs/how-to-prove-seo-roi/
""SEO"" <- /blogs/how-to-rank-for-question-keywords/
""SEO"" <- /blogs/how-to-rank-new-saas-site/
""SEO"" <- /blogs/how-to-rank-on-chatgpt-in-2026-strategies-and-tips/
""SEO"" <- /blogs/how-to-rank-tofu-keywords-saas/
""SEO"" <- /blogs/how-to-report-seo-to-the-board/
""SEO"" <- /blogs/how-to-score-saas-keywords-by-icp-intent/
""SEO"" <- /blogs/how-to-set-seo-kpis-cfo-trusts/
""SEO"" <- /blogs/how-to-tie-content-to-mqls/
""SEO"" <- /blogs/how-to-use-internal-linking/
""SEO"" <- /blogs/how-to-write-saas-comparison-pages-for-seo/
""SEO"" <- /blogs/how-to-write-saas-seo-content-with-ai-that-actually-ranks/
""SEO"" <- /blogs/how-to-write-seo-content-brief/
""SEO"" <- /blogs/llms-txt-for-saas/
""SEO"" <- /blogs/optimize-saas-landing-pages-for-seo/
""SEO"" <- /blogs/programmatic-seo-for-saas/
""SEO"" <- /blogs/saas-content-marketing-guide/
""SEO"" <- /blogs/saas-content-strategy/
""SEO"" <- /blogs/saas-customer-acquisition-strategy/
""SEO"" <- /blogs/saas-growth-strategy/
""SEO"" <- /blogs/saas-international-seo-strategy/
""SEO"" <- /blogs/saas-lead-generation-strategy/
""SEO"" <- /blogs/saas-link-building/
""SEO"" <- /blogs/saas-linkedin-ads-mistakes-to-avoid/
""SEO"" <- /blogs/saas-marketing-challenges-and-fixes/
""SEO"" <- /blogs/saas-marketing/
""SEO"" <- /blogs/saas-messaging-strategy/
""SEO"" <- /blogs/saas-ppc/
""SEO"" <- /blogs/saas-seo-strategies-and-framework/
""SEO"" <- /blogs/saas-seo/
""SEO"" <- /blogs/technical-seo-for-saas/
""SEO"" <- /blogs/types-of-keywords-in-seo/
""SEO"" <- /blogs/why-is-my-seo-not-driving-pipeline/
""SEO"" <- /checklists/saas-seo-checklist/
""SEO"" <- /glossary/what-are-keyword-clusters/
""SEO"" <- /glossary/what-is-a-301-redirect/
""SEO"" <- /glossary/what-is-a-backlink/
""SEO"" <- /glossary/what-is-a-canonical-tag/
""SEO"" <- /glossary/what-is-a-commercial-keyword/
""SEO"" <- /glossary/what-is-a-landing-page/
""SEO"" <- /glossary/what-is-a-long-tail-keyword/
""SEO"" <- /glossary/what-is-a-meta-description/
""SEO"" <- /glossary/what-is-a-navigational-keyword/
""SEO"" <- /glossary/what-is-a-transactional-keyword/
""SEO"" <- /glossary/what-is-abm/
""SEO"" <- /glossary/what-is-aeo/
""SEO"" <- /glossary/what-is-an-ai-overview/
""SEO"" <- /glossary/what-is-an-informational-keyword/
""SEO"" <- /glossary/what-is-an-seo-audit/
""SEO"" <- /glossary/what-is-anchor-text/
""SEO"" <- /glossary/what-is-arr/
""SEO"" <- /glossary/what-is-brand-identity/
""SEO"" <- /glossary/what-is-brand-positioning/
""SEO"" <- /glossary/what-is-cls/
""SEO"" <- /glossary/what-is-clv/
""SEO"" <- /glossary/what-is-content-marketing/
""SEO"" <- /glossary/what-is-conversion-rate/
""SEO"" <- /glossary/what-is-cost-per-click/
""SEO"" <- /glossary/what-is-cpa/
""SEO"" <- /glossary/what-is-cpm/
""SEO"" <- /glossary/what-is-crawling/
""SEO"" <- /glossary/what-is-cro/
""SEO"" <- /glossary/what-is-ctr/
""SEO"" <- /glossary/what-is-domain-authority/
""SEO"" <- /glossary/what-is-evergreen-content/
""SEO"" <- /glossary/what-is-fid/
""SEO"" <- /glossary/what-is-geo/
""SEO"" <- /glossary/what-is-go-to-market-strategy/
""SEO"" <- /glossary/what-is-google-ads/
""SEO"" <- /glossary/what-is-google-search-console/
""SEO"" <- /glossary/what-is-icp/
""SEO"" <- /glossary/what-is-image-alt-text/
""SEO"" <- /glossary/what-is-inbound-marketing/
""SEO"" <- /glossary/what-is-indexing/
""SEO"" <- /glossary/what-is-keyword-difficulty/
""SEO"" <- /glossary/what-is-keyword-research/
""SEO"" <- /glossary/what-is-lead-generation/
""SEO"" <- /glossary/what-is-nrr/
""SEO"" <- /glossary/what-is-off-page-seo/
""SEO"" <- /glossary/what-is-on-page-seo/
""SEO"" <- /glossary/what-is-ppc/
""SEO"" <- /glossary/what-is-rag/
""SEO"" <- /glossary/what-is-roas/
""SEO"" <- /glossary/what-is-robots-txt/
""SEO"" <- /glossary/what-is-sal-in-saas/
""SEO"" <- /glossary/what-is-schema-markup/
""SEO"" <- /glossary/what-is-search-intent/
""SEO"" <- /glossary/what-is-search-volume/
""SEO"" <- /glossary/what-is-sem/
""SEO"" <- /glossary/what-is-serp/
""SEO"" <- /glossary/what-is-ssl-certificate/
""SEO"" <- /glossary/what-is-structured-data/
""SEO"" <- /glossary/what-is-tam-sam-som/
""SEO"" <- /glossary/what-is-technical-seo/
""SEO"" <- /glossary/what-is-thought-leadership/
""SEO"" <- /glossary/what-is-topical-authority/
""SEO"" <- /glossary/what-is-upsell/
""SEO"" <- /glossary/what-is-user-generated-content/
""SEO"" <- /research/ai-seo-statistics/","""Kamaraj Mathiarasan (Kim)"" -> /author/kamaraj-mathiarasan/
""cannibalization"" -> /blogs/how-to-fix-keyword-cannibalization/
""topical authority"" -> /blogs/how-to-improve-topical-authority/
""internal linking"" -> /blogs/how-to-use-internal-linking/
""landing pages"" -> /glossary/what-is-a-landing-page/
""Google Ads"" -> /glossary/what-is-google-ads/
""lead generation"" -> /glossary/what-is-lead-generation/
""On-page SEO"" -> /glossary/what-is-on-page-seo/
""PPC"" -> /glossary/what-is-ppc/
""Technical SEO"" -> /glossary/what-is-technical-seo/
""B2B SEO agency guide for complex buying journeys"" -> /list/best-b2b-seo-agencies/
""how top SaaS marketing agencies combine SEO and paid channels"" -> /list/best-saas-marketing-agencies-2026/
""how best SaaS PPC agencies combine paid and SEO for pipeline growth"" -> /list/best-saas-ppc-agencies/
""how the best SaaS SEO agencies structure campaigns for long-term growth"" -> /list/best-saas-seo-agencies/
""top SaaS SEO agencies"" -> /list/best-saas-seo-agencies/
""what to expect from a dedicated SaaS SEO agency"" -> /saas-seo-agency/"
/glossary/what-is-serp/,glossary,What Is SERP? A Straightforward Guide for SaaS Teams,51,11,,"""SERP"" <- /blogs/ai-agents-for-seo/
""SERPs"" <- /blogs/enterprise-saas-seo-guide/
""SERPs"" <- /blogs/enterprise-seo-challenges-and-fixes/
""SERP"" <- /blogs/fintech-seo-guide/
""SERP"" <- /blogs/google-ranking-factors-saas/
""SERP"" <- /blogs/how-to-choose-search-volume-vs-search-intent/
""SERP"" <- /blogs/how-to-do-keyword-gap-analysis/
""SERP"" <- /blogs/how-to-do-saas-content-audit/
""SERP"" <- /blogs/how-to-do-saas-seo-competitor-analysis/
""SERP"" <- /blogs/how-to-do-saas-seo-keyword-research/
""SERP"" <- /blogs/how-to-fix-keyword-cannibalization/
""SERP"" <- /blogs/how-to-forecast-pipeline-from-seo/
""SERP"" <- /blogs/how-to-improve-organic-ctr/
""SERP"" <- /blogs/how-to-map-keywords-to-saas-buyer-journey/
""SERP"" <- /blogs/how-to-prioritize-saas-keywords-by-funnel-stage/
""SERP"" <- /blogs/how-to-rank-bofu-keywords-saas/
""SERP"" <- /blogs/how-to-rank-for-question-keywords/
""SERP"" <- /blogs/how-to-rank-high-difficulty-keywords/
""SERP"" <- /blogs/how-to-rank-mofu-keywords-saas/
""SERP"" <- /blogs/how-to-recover-from-google-core-update/
""SERP"" <- /blogs/how-to-refresh-content-rankings/
""SERP"" <- /blogs/how-to-write-saas-comparison-pages-for-seo/
""SERP"" <- /blogs/how-to-write-saas-seo-content-with-ai-that-actually-ranks/
""SERP"" <- /blogs/how-to-write-seo-content-brief/
""SERP"" <- /blogs/saas-content-strategy/
""SERP"" <- /blogs/saas-international-seo-strategy/
""SERP"" <- /blogs/saas-seo/
""SERP"" <- /blogs/technical-seo-for-saas/
""SERP"" <- /blogs/types-of-keywords-in-seo/
""SERP"" <- /checklists/saas-seo-checklist/
""SERP"" <- /glossary/what-are-keyword-clusters/
""SERP"" <- /glossary/what-is-a-canonical-tag/
""SERP"" <- /glossary/what-is-a-commercial-keyword/
""SERP"" <- /glossary/what-is-a-long-tail-keyword/
""SERP"" <- /glossary/what-is-a-meta-description/
""SERP"" <- /glossary/what-is-a-navigational-keyword/
""SERP"" <- /glossary/what-is-a-transactional-keyword/
""SERP"" <- /glossary/what-is-aeo/
""SERP"" <- /glossary/what-is-an-ai-overview/
""SERP"" <- /glossary/what-is-an-seo-audit/
""SERP"" <- /glossary/what-is-evergreen-content/
""SERP"" <- /glossary/what-is-fid/
""SERP"" <- /glossary/what-is-keyword-difficulty/
""SERP"" <- /glossary/what-is-keyword-ranking/
""SERP"" <- /glossary/what-is-keyword-research/
""SERP"" <- /glossary/what-is-on-page-seo/
""SERP"" <- /glossary/what-is-schema-markup/
""SERP"" <- /glossary/what-is-search-intent/
""SERP"" <- /glossary/what-is-structured-data/
""SERP"" <- /list/best-rank-tracking-tools-for-saas/
""SERP"" <- /list/best-serp-testing-tools-for-saas/","""Kamaraj Mathiarasan (Kim)"" -> /author/kamaraj-mathiarasan/
""Social proof"" -> /blogs/saas-social-proof/
""landing pages"" -> /glossary/what-is-a-landing-page/
""PPC"" -> /glossary/what-is-ppc/
""SEO"" -> /glossary/what-is-seo/
""how top B2B SEO agencies benchmark SERPs"" -> /list/best-b2b-seo-agencies/
""rank trackers"" -> /list/best-rank-tracking-tools-for-saas/
""best SaaS marketing agencies with proven SERP strategies"" -> /list/best-saas-marketing-agencies-2026/
""how SaaS PPC agencies manage paid visibility on crowded SERPs"" -> /list/best-saas-ppc-agencies/
""best SaaS SEO agencies"" -> /list/best-saas-seo-agencies/
""SaaS SEO agency services for ongoing SERP monitoring"" -> /saas-seo-agency/"
/glossary/what-is-ssl-certificate/,glossary,What Is an SSL Certificate? Clear Definition for SaaS and B2B,0,10,YES,,"""Kamaraj Mathiarasan (Kim)"" -> /author/kamaraj-mathiarasan/
""landing page"" -> /glossary/what-is-a-landing-page/
""on-page SEO"" -> /glossary/what-is-on-page-seo/
""SEO"" -> /glossary/what-is-seo/
""best B2B marketing agencies for SaaS go-to-market"" -> /list/best-b2b-marketing-agencies/
""enterprise SEO agency approaches to technical site trust"" -> /list/best-enterprise-seo-agencies/
""how top SaaS marketing agencies approach trust signals in landing pages"" -> /list/best-saas-marketing-agencies-2026/
""best SaaS PPC agencies for results-driven paid search"" -> /list/best-saas-ppc-agencies/
""best SaaS SEO agencies"" -> /list/best-saas-seo-agencies/
""SaaS SEO agency list for technical SEO support"" -> /list/best-saas-seo-agencies/"
/glossary/what-is-ssp/,glossary,What Is SSP,0,6,YES,,"""Praveen Ravi"" -> /author/praveen-ravi/
""top SaaS marketing companies for ad monetization strategy"" -> /list/best-saas-marketing-agencies-2026/
""best SaaS PPC agencies for maximizing programmatic ad revenue"" -> /list/best-saas-ppc-agencies/
""SaaS SEO agency list to improve organic traffic monetization"" -> /list/best-saas-seo-agencies/
""SaaS PPC service page for automated ad management"" -> /saas-ppc/
""SaaS PPC service page"" -> /saas-ppc/"
/glossary/what-is-structured-data/,glossary,What Is Structured Data? Clear Definition & SaaS Use Cases,3,16,,"""structured data"" <- /blogs/b2b-saas-seo/
""structured data"" <- /blogs/enterprise-seo-guide/
""structured data"" <- /glossary/what-is-aeo/","""Kamaraj Mathiarasan (Kim)"" -> /author/kamaraj-mathiarasan/
""topical authority"" -> /blogs/how-to-improve-topical-authority/
""internal linking"" -> /blogs/how-to-use-internal-linking/
""comparison pages"" -> /blogs/how-to-write-saas-comparison-pages-for-seo/
""product marketing"" -> /blogs/saas-product-marketing-strategy/
""social proof"" -> /blogs/saas-social-proof/
""landing page"" -> /glossary/what-is-a-landing-page/
""SEO"" -> /glossary/what-is-seo/
""SERP"" -> /glossary/what-is-serp/
""technical SEO"" -> /glossary/what-is-technical-seo/
""B2B SEO agency strategies for SaaS structured data"" -> /list/best-b2b-seo-agencies/
""best enterprise SEO agencies for SaaS brands"" -> /list/best-enterprise-seo-agencies/
""how the best SaaS marketing agencies align content and schema for B2B growth"" -> /list/best-saas-marketing-agencies-2026/
""top SaaS marketing companies using content and schema for growth"" -> /list/best-saas-marketing-agencies-2026/
""best SaaS SEO agencies"" -> /list/best-saas-seo-agencies/
""SaaS SEO agency strategies for structured data governance"" -> /saas-seo-agency/"
/glossary/what-is-tam-sam-som/,glossary,What Is TAM SAM SOM? Stop Guessing Your Market Size,4,7,,"""Total Addressable Market"" <- /blogs/enterprise-seo-guide/
""Total Addressable Market"" <- /blogs/how-to-do-saas-seo-keyword-research/
""Total Addressable Market"" <- /blogs/how-to-rank-on-chatgpt-in-2026-strategies-and-tips/
""total addressable market"" <- /blogs/the-no-nonsense-guide-to-auditing-your-saas-ppc-account/","""Ranjeeth Kumar"" -> /author/ranjeeth/
""ARR"" -> /glossary/what-is-arr/
""ICP"" -> /glossary/what-is-icp/
""SEO"" -> /glossary/what-is-seo/
""top B2B marketing agencies that help SaaS founders sharpen go-to-market strategy"" -> /list/best-b2b-marketing-agencies/
""B2B SEO agency"" -> /list/best-b2b-seo-agencies/
""best SaaS marketing agencies for early-stage and scaling teams"" -> /list/best-saas-marketing-agencies-2026/"
/glossary/what-is-technical-seo/,glossary,What Is Technical SEO? Practical Guide for SaaS Teams,29,7,,"""technical SEO"" <- /blogs/ai-agents-for-seo/
""technical SEO"" <- /blogs/ai-seo-strategy-and-framework/
""technical SEO"" <- /blogs/b2b-saas-seo/
""technical SEO"" <- /blogs/enterprise-saas-seo-guide/
""technical SEO"" <- /blogs/enterprise-seo-challenges-and-fixes/
""Technical SEO"" <- /blogs/enterprise-seo-guide/
""technical SEO"" <- /blogs/enterprise-seo-guide/
""Technical SEO"" <- /blogs/enterprise-seo-strategy-and-framework/
""Technical SEO"" <- /blogs/fintech-seo-guide/
""Technical SEO"" <- /blogs/geo-vs-seo/
""technical SEO"" <- /blogs/how-to-improve-topical-authority/
""Technical SEO"" <- /blogs/how-to-rank-high-difficulty-keywords/
""Technical SEO"" <- /blogs/optimize-saas-landing-pages-for-seo/
""technical SEO"" <- /blogs/saas-marketing/
""technical SEO"" <- /blogs/saas-seo-strategies-and-framework/
""technical SEO"" <- /blogs/technical-seo-for-saas/
""technical SEO"" <- /glossary/what-is-a-canonical-tag/
""technical SEO"" <- /glossary/what-is-an-seo-audit/
""technical SEO"" <- /glossary/what-is-anchor-text/
""technical SEO"" <- /glossary/what-is-crawling/
""technical SEO"" <- /glossary/what-is-google-search-console/
""technical SEO"" <- /glossary/what-is-off-page-seo/
""technical SEO"" <- /glossary/what-is-robots-txt/
""technical SEO"" <- /glossary/what-is-schema-markup/
""Technical SEO"" <- /glossary/what-is-seo/
""technical SEO"" <- /glossary/what-is-structured-data/
""Technical SEO"" <- /list/best-b2b-marketing-agencies/
""technical SEO"" <- /list/best-saas-seo-agencies/
""technical SEO"" <- /list/best-schema-markup-tools-for-saas/","""Kamaraj Mathiarasan (Kim)"" -> /author/kamaraj-mathiarasan/
""backlinks"" -> /glossary/what-is-a-backlink/
""landing pages"" -> /glossary/what-is-a-landing-page/
""SEO"" -> /glossary/what-is-seo/
""best B2B SEO agencies for technical and content strategy"" -> /list/best-b2b-seo-agencies/
""top SaaS marketing companies for technical and content SEO"" -> /list/best-saas-marketing-agencies-2026/
""best SaaS SEO agencies"" -> /list/best-saas-seo-agencies/"
/glossary/what-is-third-party-cookies/,glossary,What Is Third-Party Cookies? The Marketer’s Guide to a Fading Technology,0,7,YES,,"""Vishnu Prasadh"" -> /author/vishnu-prasad/
""multi-touch attribution"" -> /blogs/how-to-set-up-multi-touch-attribution/
""A/B testing"" -> /glossary/what-is-ab-testing/
""how top B2B PPC agencies are adapting paid strategies to cookieless targeting"" -> /list/best-affordable-b2b-ppc-agencies/
""best B2B Google Ads agencies navigating first-party data transitions"" -> /list/best-b2b-google-ads-agencies/
""best B2B marketing agencies"" -> /list/best-b2b-marketing-agencies/
""SaaS PPC agency"" -> /saas-ppc/"
/glossary/what-is-thought-leadership/,glossary,What Is Thought Leadership,10,10,,"""thought leadership"" <- /blogs/b2b-content-marketing-guide/
""Thought Leadership"" <- /blogs/b2b-demand-generation-guide/
""thought leadership"" <- /blogs/b2b-linkedin-marketing-guide/
""thought leadership"" <- /blogs/b2b-marketing/
""thought leadership"" <- /blogs/b2b-ppc/
""Thought Leadership"" <- /blogs/b2b-saas-seo/
""Thought leadership"" <- /blogs/enterprise-saas-seo-guide/
""Thought Leadership"" <- /blogs/how-do-i-run-linkedin-ads-for-saas-an-experts-take/
""thought leadership"" <- /blogs/saas-marketing-challenges-and-fixes/
""thought leadership"" <- /list/best-b2b-seo-agencies/","""Kamaraj Mathiarasan (Kim)"" -> /author/kamaraj-mathiarasan/
""product-led growth"" -> /blogs/saas-product-led-growth-strategy/
""Thought leadership"" -> /blogs/saas-thought-leadership-strategy/
""content marketing"" -> /glossary/what-is-content-marketing/
""SEO"" -> /glossary/what-is-seo/
""best B2B marketing agencies for SaaS with complex sales cycles"" -> /list/best-b2b-marketing-agencies/
""best enterprise SEO agencies that help SaaS brands own category-defining topics"" -> /list/best-enterprise-seo-agencies/
""how leading SaaS marketing agencies shape category narratives"" -> /list/best-saas-marketing-agencies-2026/
""top SaaS SEO agencies that help brands build authority"" -> /list/best-saas-seo-agencies/
""how SaaS SEO agency partners build ongoing authority for B2B software brands"" -> /saas-seo-agency/"
/glossary/what-is-topical-authority/,glossary,What Is Topical Authority? A SaaS SEO Guide,3,8,,"""topical authority"" <- /glossary/what-is-an-ai-overview/
""topical authority"" <- /glossary/what-is-an-informational-keyword/
""topical authority"" <- /glossary/what-is-geo/","""Kamaraj Mathiarasan (Kim)"" -> /author/kamaraj-mathiarasan/
""how to build topic clusters that rank a SaaS site"" -> /blogs/how-to-build-topic-clusters/
""how to improve topical authority for a SaaS brand"" -> /blogs/how-to-improve-topical-authority/
""Internal linking"" -> /blogs/how-to-use-internal-linking/
""backlink"" -> /glossary/what-is-a-backlink/
""domain authority"" -> /glossary/what-is-domain-authority/
""SEO"" -> /glossary/what-is-seo/
""best SaaS SEO agencies"" -> /list/best-saas-seo-agencies/"
/glossary/what-is-upsell/,glossary,What Is Upsell? The SaaS Growth Playbook,1,5,,"""upsell"" <- /blogs/saas-content-marketing-guide/","""Ranjeeth Kumar"" -> /author/ranjeeth/
""SEO"" -> /glossary/what-is-seo/
""top B2B PPC agencies for SaaS expansion campaigns"" -> /list/best-affordable-b2b-ppc-agencies/
""best SaaS marketing agencies for driving expansion revenue"" -> /list/best-saas-marketing-agencies-2026/
""SaaS marketing agency"" -> /list/best-saas-marketing-agencies-2026/"
/glossary/what-is-user-generated-content/,glossary,What Is User Generated Content,0,8,YES,,"""Kamaraj Mathiarasan (Kim)"" -> /author/kamaraj-mathiarasan/
""social proof"" -> /blogs/saas-social-proof/
""landing pages"" -> /glossary/what-is-a-landing-page/
""SEO"" -> /glossary/what-is-seo/
""how the best B2B marketing agencies curate and amplify UGC"" -> /list/best-b2b-marketing-agencies/
""how the best B2B SEO agencies drive authority with user content"" -> /list/best-b2b-seo-agencies/
""best SaaS marketing agencies for user engagement and content strategy"" -> /list/best-saas-marketing-agencies-2026/
""top SaaS SEO agencies with experience in content-led growth"" -> /list/best-saas-seo-agencies/"
/google-ads-agency/,service,Google Ads Agency | Pipeline-First Paid Search,4,0,,"""talk to us"" <- /checklists/google-ads-remarketing-checklist/
""talk to us"" <- /checklists/google-ads-setup-checklist/
""Google Ads"" <- /list/b2b-ppc-experts/
""our Google Ads team"" <- /research/google-ads-benchmarks/",
/healthtech-marketing-agency/,service,AI-First B2B Health Tech Marketing Agency | PipeRocket Digital,2,0,,"""healthtech SaaS"" <- /list/best-healthtech-marketing-agencies/
""HealthTech marketing"" <- /research/ai-seo-statistics/",
/hrtech-marketing-agency/,service,AI-First B2B HR Tech Marketing Agency | PipeRocket Digital,1,0,,"""HR tech marketing agency"" <- /list/best-hr-tech-marketing-agencies/",
/hrtech-ppc-agency/,service,AI-First B2B HR Tech PPC Agency | PipeRocket Digital,0,0,YES,,
/insurancetech-marketing-agency/,service,AI-First B2B InsurTech Marketing Agency | PipeRocket Digital,0,0,YES,,
/legaltech-marketing-agency/,service,AI-First B2B Legal Tech Marketing Agency | PipeRocket Digital,1,0,,"""LegalTech marketing approach"" <- /research/ai-seo-statistics/",
/linkedin-marketing-agency/,service,LinkedIn Marketing Agency | Pipeline-First LinkedIn Ads,1,0,,"""LinkedIn marketing agency"" <- /list/best-linkedin-marketing-agencies/",
/list/,section,Best-of lists,1,0,,"""`/list/`"" <- /research-methodology/",
/list/b2b-ppc-experts/,listicle,13 Best B2B PPC Experts & Consultants in 2026,0,12,YES,,"""account-based"" -> /account-based-marketing-agency/
""Kamaraj Mathiarasan (Kim)"" -> /author/kamaraj-mathiarasan/
""LinkedIn Ads for SaaS"" -> /blogs/linkedin-ads-for-saas-guide/
""Microsoft Advertising"" -> /blogs/microsoft-ads-for-saas/
""Paid media strategy"" -> /blogs/saas-paid-marketing-guide/
""Paid media strategy"" -> /blogs/saas-paid-media-strategy/
""thought leadership"" -> /blogs/saas-thought-leadership-strategy/
""Google Ads"" -> /google-ads-agency/
""paid social"" -> /paid-social-agency/
""our research methodology and editorial policy"" -> /research-methodology/
""PipeRocket Digital"" -> /saas-ppc/
""SaaS PPC"" -> /saas-ppc/"
/list/best-abm-agencies/,listicle,9 Best ABM Agencies: An Honest 2026 Review,0,10,YES,,"""best Directive Consulting alternatives"" -> /alternative/directive-consulting-alternatives/
""best Refine Labs alternatives"" -> /alternative/refine-labs-alternatives/
""Praveen Ravi"" -> /author/praveen-ravi/
""paid ABM"" -> /blogs/abm-for-saas-paid-playbook/
""buying committee"" -> /blogs/linkedin-buying-committee-saas/
""social proof"" -> /blogs/saas-social-proof/
""DevRev"" -> /case-study/devrev/
""PipeRocket vs Directive Consulting"" -> /compare/piperocket-vs-directive-consulting/
""our research methodology and editorial policy"" -> /research-methodology/
""SEO and ABM-oriented paid media"" -> /saas-seo-agency/"
/list/best-abm-platforms/,listicle,Best 8 ABM Platforms for B2B SaaS Teams: An Honest 2026 Review,1,6,,"""ABM platforms"" <- /blogs/saas-abm-strategy/","""account-based marketing agency"" -> /account-based-marketing-agency/
""Vishnu Prasadh"" -> /author/vishnu-prasad/
""multi-touch attribution"" -> /blogs/how-to-set-up-multi-touch-attribution/
""SaaS marketing"" -> /blogs/saas-marketing/
""social proof"" -> /blogs/saas-social-proof/
""our research methodology and editorial policy"" -> /research-methodology/"
/list/best-aeo-agency/,listicle,12 Best AEO (Answer Engine Optimization) Agencies for AI Visibility Tracking and Reporting 2026,8,27,,"""best AEO agencies for SaaS"" <- /blogs/aeo-performance-metrics-reporting-dashboard/
""best AEO agencies"" <- /blogs/ai-search-optimization-for-saas/
""AEO agencies for AI visibility tracking and reporting"" <- /blogs/how-to-get-cited-in-ai-overviews/
""best AEO agencies for AI visibility tracking and reporting"" <- /blogs/how-to-rank-on-chatgpt-in-2026-strategies-and-tips/
""the best AEO agencies for SaaS"" <- /glossary/what-is-aeo/
""best AEO agencies"" <- /glossary/what-is-an-ai-overview/
""AEO Agency"" <- /list/best-geo-agencies/
""best AEO agencies for AI visibility tracking and reporting"" <- /research/ai-seo-statistics/","""best Animalz alternatives"" -> /alternative/animalz-alternatives/
""best KlientBoost alternatives"" -> /alternative/klientboost-alternatives/
""NoGood alternatives"" -> /alternative/nogood-alternatives/
""best Omniscient Digital alternatives"" -> /alternative/omniscient-digital-alternatives/
""top Siege Media alternatives"" -> /alternative/siege-media-alternatives/
""best SimpleTiger alternatives"" -> /alternative/simpletiger-alternatives/
""top Single Grain alternatives"" -> /alternative/single-grain-alternatives/
""top WebFX alternatives"" -> /alternative/webfx-alternatives/
""Kamaraj Mathiarasan (Kim)"" -> /author/kamaraj-mathiarasan/
""Generative Engine Optimization"" -> /blogs/how-to-do-geo-for-saas/
""SaaS content strategy"" -> /blogs/saas-content-strategy/
""Thought Leadership"" -> /blogs/saas-thought-leadership-strategy/
""DevRev"" -> /case-study/devrev/
""HyperStart"" -> /case-study/hyperstart/
""HyperVerge"" -> /case-study/hyperverge/
""Storylane"" -> /case-study/storylane/
""PipeRocket vs KlientBoost"" -> /compare/piperocket-digital-vs-klientboost/
""PipeRocket vs NoGood"" -> /compare/piperocket-digital-vs-nogood/
""PipeRocket vs Omniscient Digital"" -> /compare/piperocket-digital-vs-omniscient-digital/
""PipeRocket vs Siege Media"" -> /compare/piperocket-digital-vs-siege-media/
""PipeRocket vs WebFX"" -> /compare/piperocket-digital-vs-webfx/
""$1,500/mo"" -> /contact-us/
""AEO audit and ICP analysis"" -> /contact-us/
""B2B marketing operations"" -> /marketing-ops/
""our research methodology and editorial policy"" -> /research-methodology/
""SaaS SEO"" -> /saas-seo-agency/
""AEO/GEO services"" -> /saas-seo-agency/ai-seo-services/"
/list/best-aeo-tools/,listicle,7 Best AEO Tools for SaaS (2026),2,5,,"""best AEO tools"" <- /blogs/aeo-performance-metrics-reporting-dashboard/
""AEO tools"" <- /blogs/ai-search-optimization-for-saas/","""Kamaraj Mathiarasan (Kim)"" -> /author/kamaraj-mathiarasan/
""AI search optimization"" -> /blogs/ai-search-optimization-for-saas/
""Generative Engine Optimization"" -> /blogs/how-to-do-geo-for-saas/
""rank tracking"" -> /list/best-rank-tracking-tools-for-saas/
""our research methodology and editorial policy"" -> /research-methodology/"
/list/best-affordable-b2b-ppc-agencies/,listicle,Best Affordable B2B PPC Agencies,15,21,,"""top B2B PPC agencies"" <- /blogs/b2b-ppc/
""top B2B PPC agencies that support account-based paid strategies"" <- /glossary/what-is-abm/
""top B2B PPC agencies that use GA4 data to optimise paid campaigns"" <- /glossary/what-is-ga4/
""how top B2B PPC agencies optimize Google Ads auctions"" <- /glossary/what-is-google-ads/
""top B2B PPC agencies for account-based marketing"" <- /glossary/what-is-icp/
""top B2B PPC agency"" <- /glossary/what-is-meta-ads/
""B2B PPC agency partners that prioritize real outcomes"" <- /glossary/what-is-performance-marketing/
""top B2B PPC agencies for complex buying cycles"" <- /glossary/what-is-ppc/
""top B2B PPC agencies for high-control programmatic campaigns"" <- /glossary/what-is-programmatic-advertising/
""how top B2B PPC agencies approach paid SaaS growth"" <- /glossary/what-is-roas/
""top B2B PPC agencies for efficient paid acquisition"" <- /glossary/what-is-runway/
""top B2B PPC agencies for SaaS and enterprise campaigns"" <- /glossary/what-is-sem/
""how top B2B PPC agencies are adapting paid strategies to cookieless targeting"" <- /glossary/what-is-third-party-cookies/
""top B2B PPC agencies for SaaS expansion campaigns"" <- /glossary/what-is-upsell/
""Best Affordable B2B PPC Agencies"" <- /research-methodology/","""best Directive Consulting alternatives"" -> /alternative/directive-consulting-alternatives/
""top KlientBoost alternatives"" -> /alternative/klientboost-alternatives/
""WebFX alternatives"" -> /alternative/webfx-alternatives/
""Praveen Ravi"" -> /author/praveen-ravi/
""A/B testing"" -> /blogs/ab-test-saas-landing-pages/
""Microsoft Advertising"" -> /blogs/microsoft-ads-for-saas/
""Creative Testing"" -> /blogs/saas-creative-testing/
""DevRev"" -> /case-study/devrev/
""HyperStart"" -> /case-study/hyperstart/
""HyperVerge"" -> /case-study/hyperverge/
""Storylane"" -> /case-study/storylane/
""PipeRocket vs KlientBoost"" -> /compare/piperocket-digital-vs-klientboost/
""PipeRocket vs WebFX"" -> /compare/piperocket-digital-vs-webfx/
""PipeRocket vs Directive Consulting"" -> /compare/piperocket-vs-directive-consulting/
""$3,000/mo"" -> /contact-us/
""performance marketing agencies"" -> /list/top-performance-marketing-agencies/
""B2B marketing operations"" -> /marketing-ops/
""our research methodology and editorial policy"" -> /research-methodology/
""SaaS PPC agency"" -> /saas-ppc/
""conversion rate"" -> /tools/conversion-rate-calculator/
""marketing ROI"" -> /tools/marketing-roi-calculator/"
/list/best-ai-content-detector/,listicle,6 Best AI Content Detector Tools for SaaS (2026),1,3,,"""AI content detection tools"" <- /blogs/ai-search-optimization-for-saas/","""Kamaraj Mathiarasan (Kim)"" -> /author/kamaraj-mathiarasan/
""SaaS SEO content with AI that actually ranks"" -> /blogs/how-to-write-saas-seo-content-with-ai-that-actually-ranks/
""our research methodology and editorial policy"" -> /research-methodology/"
/list/best-ai-seo-agencies/,listicle,"10 Best AI SEO Agencies for SaaS: AEO, GEO & LLM SEO (2026)",2,22,,"""best AI SEO agencies"" <- /glossary/what-is-an-ai-overview/
""best AI SEO agencies"" <- /glossary/what-is-geo/","""NoGood alternatives"" -> /alternative/nogood-alternatives/
""best Omniscient Digital alternatives"" -> /alternative/omniscient-digital-alternatives/
""SimpleTiger alternatives"" -> /alternative/simpletiger-alternatives/
""top Skale alternatives"" -> /alternative/skale-alternatives/
""Kamaraj Mathiarasan (Kim)"" -> /author/kamaraj-mathiarasan/
""AI search optimization"" -> /blogs/ai-search-optimization-for-saas/
""AI SEO program"" -> /blogs/ai-seo-strategy-and-framework/
""fintech SEO"" -> /blogs/fintech-seo-guide/
""comparison pages"" -> /blogs/how-to-write-saas-comparison-pages-for-seo/
""LLMs.txt"" -> /blogs/llms-txt-for-saas/
""social proof"" -> /blogs/saas-social-proof/
""DevRev"" -> /case-study/devrev/
""Goldcast"" -> /case-study/goldcast/
""PipeRocket vs NoGood"" -> /compare/piperocket-digital-vs-nogood/
""PipeRocket vs Omniscient Digital"" -> /compare/piperocket-digital-vs-omniscient-digital/
""$1,500/mo"" -> /contact-us/
""best GEO agencies"" -> /list/best-geo-agencies/
""our research methodology and editorial policy"" -> /research-methodology/
""SEO"" -> /saas-seo-agency/
""GEO/AEO"" -> /saas-seo-agency/ai-seo-services/
""content marketing"" -> /saas-seo-agency/content-marketing-agency/
""conversion rate"" -> /tools/conversion-rate-calculator/"
/list/best-ai-seo-tools/,listicle,7 Best AI SEO Tools for SaaS (2026),1,6,,"""all-in-one AI SEO platforms"" <- /blogs/ai-search-optimization-for-saas/","""Kamaraj Mathiarasan (Kim)"" -> /author/kamaraj-mathiarasan/
""content calendar"" -> /blogs/how-to-build-saas-keyword-map-content-calendar/
""SaaS SEO"" -> /blogs/saas-seo/
""enterprise SEO platform"" -> /list/best-enterprise-seo-software/
""rank tracking"" -> /list/best-rank-tracking-tools-for-saas/
""our research methodology and editorial policy"" -> /research-methodology/"
/list/best-ai-visibility-tools/,listicle,Best 9 AI Visibility Tracking Tools: An Honest 2026 Review,0,7,YES,,"""Kamaraj Mathiarasan (Kim)"" -> /author/kamaraj-mathiarasan/
""SaaS marketing"" -> /blogs/saas-marketing/
""SaaS SEO"" -> /blogs/saas-seo/
""social proof"" -> /blogs/saas-social-proof/
""GEO and AI search optimization"" -> /list/best-geo-agencies/
""Rank tracking"" -> /list/best-rank-tracking-tools-for-saas/
""our research methodology and editorial policy"" -> /research-methodology/"
/list/best-b2b-advertising-agencies/,listicle,The Best B2B Advertising Agencies (2026 Rankings),1,21,,"""Best B2B Advertising Agencies, 2026 Rankings"" <- /research-methodology/","""top Directive Consulting alternatives"" -> /alternative/directive-consulting-alternatives/
""best KlientBoost alternatives"" -> /alternative/klientboost-alternatives/
""Praveen Ravi"" -> /author/praveen-ravi/
""B2B marketing"" -> /blogs/b2b-marketing/
""LinkedIn advertising"" -> /blogs/linkedin-ads-for-saas-guide/
""creative testing"" -> /blogs/saas-creative-testing/
""Thought Leadership"" -> /blogs/saas-thought-leadership-strategy/
""HyperStart"" -> /case-study/hyperstart/
""HyperVerge"" -> /case-study/hyperverge/
""LeadSquared"" -> /case-study/leadsquared/
""Storylane"" -> /case-study/storylane/
""Tredence"" -> /case-study/tredence/
""PipeRocket vs KlientBoost"" -> /compare/piperocket-digital-vs-klientboost/
""PipeRocket vs Directive Consulting"" -> /compare/piperocket-vs-directive-consulting/
""$3,000/mo"" -> /contact-us/
""pipeline audit and ICP analysis"" -> /contact-us/
""performance marketing agencies guide"" -> /list/top-performance-marketing-agencies/
""marketing operations"" -> /marketing-ops/
""our research methodology and editorial policy"" -> /research-methodology/
""SaaS PPC practice"" -> /saas-ppc/
""conversion rate"" -> /tools/conversion-rate-calculator/"
/list/best-b2b-content-marketing-agencies/,listicle,My Picks for The 9 Best B2B Content Marketing Agencies in 2026,1,23,,"""B2B content marketing agencies"" <- /blogs/b2b-content-marketing-guide/","""top Animalz alternatives"" -> /alternative/animalz-alternatives/
""Omniscient Digital alternatives"" -> /alternative/omniscient-digital-alternatives/
""best Siege Media alternatives"" -> /alternative/siege-media-alternatives/
""Kamaraj Mathiarasan (Kim)"" -> /author/kamaraj-mathiarasan/
""B2B demand generation"" -> /blogs/b2b-demand-generation-guide/
""content distribution"" -> /blogs/saas-content-distribution-strategy/
""SaaS content strategy"" -> /blogs/saas-content-strategy/
""SaaS link building"" -> /blogs/saas-link-building/
""SaaS SEO"" -> /blogs/saas-seo/
""thought leadership"" -> /blogs/saas-thought-leadership-strategy/
""DevRev"" -> /case-study/devrev/
""HyperStart"" -> /case-study/hyperstart/
""HyperVerge"" -> /case-study/hyperverge/
""Storylane"" -> /case-study/storylane/
""PipeRocket vs Omniscient Digital"" -> /compare/piperocket-digital-vs-omniscient-digital/
""PipeRocket vs Siege Media"" -> /compare/piperocket-digital-vs-siege-media/
""Custom"" -> /contact-us/
""content audit and pipeline gap analysis"" -> /contact-us/
""ABM"" -> /glossary/what-is-abm/
""inbound marketing"" -> /glossary/what-is-inbound-marketing/
""marketing operations"" -> /marketing-ops/
""our research methodology and editorial policy"" -> /research-methodology/
""SaaS SEO"" -> /saas-seo-agency/"
/list/best-b2b-demand-generation-agencies/,listicle,The 11 Best B2B Demand Generation Agencies in 2026,0,20,YES,,"""top Directive Consulting alternatives"" -> /alternative/directive-consulting-alternatives/
""Refine Labs alternatives"" -> /alternative/refine-labs-alternatives/
""Praveen Ravi"" -> /author/praveen-ravi/
""marketing operations"" -> /blogs/b2b-marketing-operations-guide/
""Google and LinkedIn"" -> /blogs/b2b-ppc-guide/
""Multi-touch attribution"" -> /blogs/how-to-set-up-multi-touch-attribution/
""buying committee"" -> /blogs/linkedin-buying-committee-saas/
""thought leadership"" -> /blogs/saas-thought-leadership-strategy/
""DevRev"" -> /case-study/devrev/
""HyperStart"" -> /case-study/hyperstart/
""HyperVerge"" -> /case-study/hyperverge/
""Storylane"" -> /case-study/storylane/
""PipeRocket vs Directive Consulting"" -> /compare/piperocket-vs-directive-consulting/
""$5,000/mo"" -> /contact-us/
""demand gen audit and ICP analysis"" -> /contact-us/
""marketing operations"" -> /marketing-ops/
""our research methodology and editorial policy"" -> /research-methodology/
""B2B demand generation"" -> /saas-ppc/
""SaaS SEO"" -> /saas-seo-agency/
""net revenue retention"" -> /tools/nrr-calculator/"
/list/best-b2b-google-ads-agencies/,listicle,My Picks For The 11 Best B2B Google Ads Agencies in 2026,11,27,,"""B2B Google Ads agency"" <- /glossary/what-is-abm/
""how the top B2B Google Ads agencies track and optimize CPC"" <- /glossary/what-is-cost-per-click/
""how top B2B Google Ads agencies optimize CPA for SaaS"" <- /glossary/what-is-cpa/
""top B2B Google Ads agencies for SaaS demand gen"" <- /glossary/what-is-cpm/
""best B2B Google Ads agencies for SaaS pipeline growth"" <- /glossary/what-is-ctr/
""B2B Google Ads agency"" <- /glossary/what-is-google-ads/
""best B2B Google Ads agencies for SaaS brands"" <- /glossary/what-is-ppc/
""B2B Google Ads agency"" <- /glossary/what-is-roas/
""how B2B Google Ads agencies use schema to boost quality scores"" <- /glossary/what-is-schema-markup/
""best B2B Google Ads agencies for SaaS pipeline growth"" <- /glossary/what-is-sem/
""best B2B Google Ads agencies navigating first-party data transitions"" <- /glossary/what-is-third-party-cookies/","""Directive Consulting alternatives"" -> /alternative/directive-consulting-alternatives/
""best KlientBoost alternatives"" -> /alternative/klientboost-alternatives/
""best SimpleTiger alternatives"" -> /alternative/simpletiger-alternatives/
""best Single Grain alternatives"" -> /alternative/single-grain-alternatives/
""Praveen Ravi"" -> /author/praveen-ravi/
""B2B content marketing"" -> /blogs/b2b-content-marketing-guide/
""B2B demand generation"" -> /blogs/b2b-demand-generation-guide/
""Google and LinkedIn"" -> /blogs/b2b-ppc-guide/
""B2B PPC"" -> /blogs/b2b-ppc/
""multi-touch attribution"" -> /blogs/how-to-set-up-multi-touch-attribution/
""customer acquisition"" -> /blogs/saas-customer-acquisition-strategy/
""growth strategy"" -> /blogs/saas-growth-strategy/
""SaaS SEO"" -> /blogs/saas-seo/
""DevRev"" -> /case-study/devrev/
""HyperStart"" -> /case-study/hyperstart/
""HyperVerge"" -> /case-study/hyperverge/
""Storylane"" -> /case-study/storylane/
""PipeRocket vs KlientBoost"" -> /compare/piperocket-digital-vs-klientboost/
""PipeRocket vs Directive Consulting"" -> /compare/piperocket-vs-directive-consulting/
""$5,000/mo"" -> /contact-us/
""pipeline audit and ICP analysis"" -> /contact-us/
""performance marketing"" -> /glossary/what-is-performance-marketing/
""performance marketing agencies guide"" -> /list/top-performance-marketing-agencies/
""our research methodology and editorial policy"" -> /research-methodology/
""SaaS PPC campaigns"" -> /saas-ppc/
""SaaS SEO"" -> /saas-seo-agency/
""Google Ads spend"" -> /tools/google-ads-cost-estimator/"
/list/best-b2b-lead-generation-companies/,listicle,Ranking The Top 8 B2B Lead Generation Agencies in 2026,0,16,YES,,"""Praveen Ravi"" -> /author/praveen-ravi/
""B2B demand generation"" -> /blogs/b2b-demand-generation-guide/
""DevRev"" -> /case-study/devrev/
""HyperStart"" -> /case-study/hyperstart/
""HyperVerge"" -> /case-study/hyperverge/
""Storylane"" -> /case-study/storylane/
""Custom"" -> /contact-us/
""lead gen audit and ICP analysis"" -> /contact-us/
""content marketing"" -> /glossary/what-is-content-marketing/
""Google Ads"" -> /glossary/what-is-google-ads/
""inbound marketing"" -> /glossary/what-is-inbound-marketing/
""performance marketing"" -> /glossary/what-is-performance-marketing/
""our research methodology and editorial policy"" -> /research-methodology/
""SaaS PPC"" -> /saas-ppc/
""SaaS SEO"" -> /saas-seo-agency/
""conversion rate"" -> /tools/conversion-rate-calculator/"
/list/best-b2b-marketing-agencies/,listicle,We Ranked The Top 11 B2B Marketing Agencies for 2026,32,24,,"""B2B SaaS marketing agency list"" <- /alternative/powered-by-search-alternatives/
""best B2B marketing agencies"" <- /blogs/saas-messaging-strategy/
""best B2B marketing agencies"" <- /blogs/saas-positioning-strategy/
""how the best B2B marketing agencies use content clusters for SaaS growth"" <- /glossary/what-are-keyword-clusters/
""best B2B marketing agencies for SaaS growth"" <- /glossary/what-is-a-backlink/
""best B2B marketing agencies for ABM-led growth strategies"" <- /glossary/what-is-abm/
""best B2B marketing agencies for SaaS and tech companies"" <- /glossary/what-is-ai-hallucination/
""how B2B marketing agencies are using AI for campaign personalisation"" <- /glossary/what-is-an-llm/
""how top B2B marketing agencies structure content for both SEO and accessibility"" <- /glossary/what-is-anchor-text/
""B2B marketing agencies that specialize in SaaS growth metrics"" <- /glossary/what-is-arr/
""best B2B marketing agencies"" <- /glossary/what-is-brand-identity/
""best B2B marketing agencies for brand messaging support"" <- /glossary/what-is-brand-positioning/
""best B2B marketing agencies for content strategy"" <- /glossary/what-is-content-marketing/
""best B2B marketing agencies for brand and demand strategy"" <- /glossary/what-is-employer-branding/
""best B2B marketing agencies for SaaS and tech companies"" <- /glossary/what-is-ga4/
""See how top B2B marketing agencies manage tracking across multiple SaaS products"" <- /glossary/what-is-google-tag-manager/
""B2B marketing agency strategies for AI-assisted content"" <- /glossary/what-is-gpt/
""best B2B marketing agencies for SaaS growth"" <- /glossary/what-is-icp/
""top B2B marketing firms for SaaS companies"" <- /glossary/what-is-lead-generation/
""best B2B marketing agencies"" <- /glossary/what-is-off-page-seo/
""B2B marketing agency partners for SaaS growth"" <- /glossary/what-is-performance-marketing/
""best B2B marketing agencies for programmatic strategy"" <- /glossary/what-is-programmatic-advertising/
""best B2B marketing agencies for SaaS teams using AI"" <- /glossary/what-is-prompt-engineering/
""B2B marketing agencies that build content engines for SaaS"" <- /glossary/what-is-rag/
""best B2B marketing agencies for SaaS companies"" <- /glossary/what-is-roas/
""best B2B marketing agencies"" <- /glossary/what-is-runway/
""best B2B marketing agencies that understand the full funnel"" <- /glossary/what-is-sal-in-saas/
""best B2B marketing agencies for SaaS go-to-market"" <- /glossary/what-is-ssl-certificate/
""top B2B marketing agencies that help SaaS founders sharpen go-to-market strategy"" <- /glossary/what-is-tam-sam-som/
""best B2B marketing agencies"" <- /glossary/what-is-third-party-cookies/
""best B2B marketing agencies for SaaS with complex sales cycles"" <- /glossary/what-is-thought-leadership/
""how the best B2B marketing agencies curate and amplify UGC"" <- /glossary/what-is-user-generated-content/","""Directive Consulting alternatives"" -> /alternative/directive-consulting-alternatives/
""top Siege Media alternatives"" -> /alternative/siege-media-alternatives/
""Kamaraj Mathiarasan (Kim)"" -> /author/kamaraj-mathiarasan/
""demand generation"" -> /blogs/b2b-demand-generation-guide/
""B2B lead generation"" -> /blogs/b2b-lead-generation/
""B2B marketing"" -> /blogs/b2b-marketing/
""SaaS positioning"" -> /blogs/saas-positioning-strategy/
""thought leadership"" -> /blogs/saas-thought-leadership-strategy/
""DevRev"" -> /case-study/devrev/
""HyperStart"" -> /case-study/hyperstart/
""HyperVerge"" -> /case-study/hyperverge/
""Storylane"" -> /case-study/storylane/
""PipeRocket vs Siege Media"" -> /compare/piperocket-digital-vs-siege-media/
""PipeRocket vs Directive Consulting"" -> /compare/piperocket-vs-directive-consulting/
""Custom"" -> /contact-us/
""pipeline audit and ICP analysis"" -> /contact-us/
""ABM"" -> /glossary/what-is-abm/
""content marketing"" -> /glossary/what-is-content-marketing/
""lead generation"" -> /glossary/what-is-lead-generation/
""performance marketing"" -> /glossary/what-is-performance-marketing/
""Technical SEO"" -> /glossary/what-is-technical-seo/
""best B2B SEO agencies"" -> /list/best-b2b-seo-agencies/
""our research methodology and editorial policy"" -> /research-methodology/
""net revenue retention"" -> /tools/nrr-calculator/"
/list/best-b2b-seo-agencies/,listicle,My Picks for the Top 11 B2B SEO Agencies to Improve Pipeline,43,25,,"""best B2B SEO agencies"" <- /blogs/b2b-saas-seo/
""best B2B SEO agencies"" <- /blogs/enterprise-seo-guide/
""best B2B SEO agencies"" <- /blogs/enterprise-seo-strategy-and-framework/
""top SaaS SEO agencies for B2B startups"" <- /glossary/what-are-keyword-clusters/
""how top B2B SEO agencies drive high-authority backlinks"" <- /glossary/what-is-a-backlink/
""best B2B SEO agencies for SaaS growth"" <- /glossary/what-is-a-canonical-tag/
""best B2B SEO agencies for SaaS and enterprise brands"" <- /glossary/what-is-a-long-tail-keyword/
""top SaaS SEO agencies for B2B companies"" <- /glossary/what-is-a-meta-description/
""best B2B SEO agencies"" <- /glossary/what-is-a-navigational-keyword/
""B2B SEO agency examples for SaaS and tech businesses"" <- /glossary/what-is-ai-hallucination/
""how the best B2B SEO agencies structure technical audits"" <- /glossary/what-is-an-seo-audit/
""top B2B SEO companies that integrate brand and search strategy"" <- /glossary/what-is-brand-identity/
""how top B2B SEO companies prioritize Core Web Vitals"" <- /glossary/what-is-cls/
""best B2B SEO agencies for CLV-focused channel growth"" <- /glossary/what-is-clv/
""B2B SEO agency strategies for mapping content to buyer intent"" <- /glossary/what-is-content-marketing/
""best B2B SEO agencies for full-funnel optimization"" <- /glossary/what-is-conversion-rate/
""best B2B SEO agencies for technical SEO support"" <- /glossary/what-is-crawling/
""how top B2B SEO companies judge domain authority"" <- /glossary/what-is-domain-authority/
""best B2B SEO agencies"" <- /glossary/what-is-employer-branding/
""best B2B SEO agencies for ongoing content optimization"" <- /glossary/what-is-evergreen-content/
""B2B SEO agencies with technical performance expertise"" <- /glossary/what-is-fid/
""best B2B SEO agencies that align PPC with organic growth"" <- /glossary/what-is-google-ads/
""B2B SEO agencies that specialize in SaaS"" <- /glossary/what-is-google-search-console/
""How B2B SEO agencies structure data layers for advanced analytics"" <- /glossary/what-is-google-tag-manager/
""how top B2B SEO agencies optimize for both accessibility and search"" <- /glossary/what-is-image-alt-text/
""best B2B SEO agencies for full-funnel content strategy"" <- /glossary/what-is-inbound-marketing/
""B2B SEO agency strategies for technical SEO and indexation at scale"" <- /glossary/what-is-indexing/
""how the best B2B SEO agencies structure content around buyer intent"" <- /glossary/what-is-keyword-research/
""B2B SEO agency strategies for qualifying leads"" <- /glossary/what-is-lead-generation/
""how top B2B SEO companies approach safe link building"" <- /glossary/what-is-off-page-seo/
""how top B2B SEO companies structure high-ranking site architectures"" <- /glossary/what-is-on-page-seo/
""top B2B SEO agencies for SaaS expansion"" <- /glossary/what-is-rag/
""how the best B2B SEO agencies handle technical crawl control"" <- /glossary/what-is-robots-txt/
""top B2B SEO companies that support pipeline-focused content strategies"" <- /glossary/what-is-sal-in-saas/
""best B2B SEO agencies that implement technical schema"" <- /glossary/what-is-schema-markup/
""how leading B2B SEO agencies align content format to search intent at scale"" <- /glossary/what-is-search-intent/
""B2B SEO agency guide for complex buying journeys"" <- /glossary/what-is-seo/
""how top B2B SEO agencies benchmark SERPs"" <- /glossary/what-is-serp/
""B2B SEO agency strategies for SaaS structured data"" <- /glossary/what-is-structured-data/
""B2B SEO agency"" <- /glossary/what-is-tam-sam-som/
""best B2B SEO agencies for technical and content strategy"" <- /glossary/what-is-technical-seo/
""how the best B2B SEO agencies drive authority with user content"" <- /glossary/what-is-user-generated-content/
""best B2B SEO agencies"" <- /list/best-b2b-marketing-agencies/","""Directive Consulting alternatives"" -> /alternative/directive-consulting-alternatives/
""top Kalungi alternatives"" -> /alternative/kalungi-alternatives/
""best Omniscient Digital alternatives"" -> /alternative/omniscient-digital-alternatives/
""top Siege Media alternatives"" -> /alternative/siege-media-alternatives/
""Kamaraj Mathiarasan (Kim)"" -> /author/kamaraj-mathiarasan/
""B2B content marketing"" -> /blogs/b2b-content-marketing-guide/
""Generative Engine Optimization"" -> /blogs/how-to-do-geo-for-saas/
""SaaS content strategy"" -> /blogs/saas-content-strategy/
""growth strategy"" -> /blogs/saas-growth-strategy/
""link building"" -> /blogs/saas-link-building/
""thought leadership"" -> /blogs/saas-thought-leadership-strategy/
""DevRev"" -> /case-study/devrev/
""HyperStart"" -> /case-study/hyperstart/
""HyperVerge"" -> /case-study/hyperverge/
""Storylane"" -> /case-study/storylane/
""PipeRocket vs Omniscient Digital"" -> /compare/piperocket-digital-vs-omniscient-digital/
""PipeRocket vs Siege Media"" -> /compare/piperocket-digital-vs-siege-media/
""PipeRocket vs Directive Consulting"" -> /compare/piperocket-vs-directive-consulting/
""$5,000/mo"" -> /contact-us/
""SEO audit and pipeline analysis"" -> /contact-us/
""keyword research"" -> /glossary/what-is-keyword-research/
""thought leadership"" -> /glossary/what-is-thought-leadership/
""our research methodology and editorial policy"" -> /research-methodology/
""SEO"" -> /saas-seo-agency/
""marketing ROI"" -> /tools/marketing-roi-calculator/"
/list/best-backlink-analysis-tools/,listicle,7 Best Backlink Analysis Tools for SaaS (2026),2,6,,"""backlink analysis tools"" <- /blogs/saas-link-building/
""Backlink Checker"" <- /list/best-link-building-tools/","""Kamaraj Mathiarasan (Kim)"" -> /author/kamaraj-mathiarasan/
""link building"" -> /blogs/saas-link-building/
""social proof"" -> /blogs/saas-social-proof/
""rank tracking"" -> /list/best-rank-tracking-tools-for-saas/
""our research methodology and editorial policy"" -> /research-methodology/
""Google penalty"" -> /tools/google-penalty-checker/"
/list/best-bing-ads-agencies/,listicle,9 Best Bing Ads Agencies: An Honest 2026 Review,0,7,YES,,"""best Directive Consulting alternatives"" -> /alternative/directive-consulting-alternatives/
""Sabarish Chandrasekar"" -> /author/sabarish-chandrasekar/
""Microsoft Advertising"" -> /blogs/microsoft-ads-for-saas/
""social proof"" -> /blogs/saas-social-proof/
""DevRev"" -> /case-study/devrev/
""PipeRocket vs Directive Consulting"" -> /compare/piperocket-vs-directive-consulting/
""our research methodology and editorial policy"" -> /research-methodology/"
/list/best-content-optimization-tools/,listicle,7 Best Content Optimization Tools for SaaS (2026),1,8,,"""AI content optimization tools"" <- /blogs/ai-search-optimization-for-saas/","""Kamaraj Mathiarasan (Kim)"" -> /author/kamaraj-mathiarasan/
""keyword clustering"" -> /blogs/how-to-cluster-keywords-for-saas/
""internal linking"" -> /blogs/how-to-use-internal-linking/
""write SaaS SEO content with AI that actually ranks"" -> /blogs/how-to-write-saas-seo-content-with-ai-that-actually-ranks/
""content brief"" -> /blogs/how-to-write-seo-content-brief/
""social proof"" -> /blogs/saas-social-proof/
""rank tracking"" -> /list/best-rank-tracking-tools-for-saas/
""our research methodology and editorial policy"" -> /research-methodology/"
/list/best-conversion-rate-optimization-agencies/,listicle,Best 9 Conversion Rate Optimization Agencies: An Honest 2026 Review,0,8,YES,,"""Kamaraj Mathiarasan (Kim)"" -> /author/kamaraj-mathiarasan/
""A/B testing"" -> /blogs/ab-test-saas-landing-pages/
""Meta ads"" -> /blogs/meta-ads-for-b2b-saas/
""social proof"" -> /blogs/saas-social-proof/
""DevRev"" -> /case-study/devrev/
""our research methodology and editorial policy"" -> /research-methodology/
""B2B SaaS SEO and PPC agency"" -> /saas-seo-agency/
""conversion rate"" -> /tools/conversion-rate-calculator/"
/list/best-cro-tools-saas/,listicle,8 Best CRO Tools for SaaS: An Honest 2026 Review,0,5,YES,,"""Kamaraj Mathiarasan (Kim)"" -> /author/kamaraj-mathiarasan/
""A/B testing"" -> /blogs/ab-test-saas-landing-pages/
""SaaS marketing"" -> /blogs/saas-marketing/
""best heatmap and session recording tools for SaaS"" -> /list/best-heatmap-session-recording-tools-for-saas/
""our research methodology and editorial policy"" -> /research-methodology/"
/list/best-cybersecurity-marketing-agencies/,listicle,Best Cybersecurity Marketing Agencies in 2026,0,14,YES,,"""Kalungi alternatives"" -> /alternative/kalungi-alternatives/
""Kamaraj Mathiarasan (Kim)"" -> /author/kamaraj-mathiarasan/
""B2B marketing"" -> /blogs/b2b-marketing/
""buying committee"" -> /blogs/linkedin-buying-committee-saas/
""thought leadership"" -> /blogs/saas-thought-leadership-strategy/
""DevRev"" -> /case-study/devrev/
""HyperStart"" -> /case-study/hyperstart/
""HyperVerge"" -> /case-study/hyperverge/
""$5,000/mo"" -> /contact-us/
""demand gen audit and ICP analysis"" -> /contact-us/
""marketing operations"" -> /marketing-ops/
""our research methodology and editorial policy"" -> /research-methodology/
""B2B PPC"" -> /saas-ppc/
""SaaS SEO"" -> /saas-seo-agency/"
/list/best-devtools-marketing-agencies/,listicle,11 Best DevTools Marketing Agencies in 2026,0,17,YES,,"""Animalz alternatives"" -> /alternative/animalz-alternatives/
""best Kalungi alternatives"" -> /alternative/kalungi-alternatives/
""best Powered by Search alternatives"" -> /alternative/powered-by-search-alternatives/
""top Refine Labs alternatives"" -> /alternative/refine-labs-alternatives/
""Kamaraj Mathiarasan (Kim)"" -> /author/kamaraj-mathiarasan/
""content brief"" -> /blogs/how-to-write-seo-content-brief/
""Social proof"" -> /blogs/saas-social-proof/
""thought leadership"" -> /blogs/saas-thought-leadership-strategy/
""DevRev"" -> /case-study/devrev/
""LeadSquared"" -> /case-study/leadsquared/
""Tredence"" -> /case-study/tredence/
""$5,000/mo"" -> /contact-us/
""marketing ops"" -> /marketing-ops/
""our research methodology and editorial policy"" -> /research-methodology/
""PPC"" -> /saas-ppc/
""SaaS marketing"" -> /saas-seo-agency/
""GEO/AEO"" -> /saas-seo-agency/ai-seo-services/"
/list/best-digital-pr-tools/,listicle,7 Best Digital PR Tools & Software for SaaS (2026),1,3,,"""digital PR tools"" <- /blogs/saas-link-building/","""Kamaraj Mathiarasan (Kim)"" -> /author/kamaraj-mathiarasan/
""SaaS link building"" -> /blogs/saas-link-building/
""our research methodology and editorial policy"" -> /research-methodology/"
/list/best-edtech-marketing-agencies/,listicle,The 7 Best Edtech Marketing Agencies in 2026 (Honest Review),0,10,YES,,"""Praveen Ravi"" -> /author/praveen-ravi/
""multi-touch attribution"" -> /blogs/how-to-set-up-multi-touch-attribution/
""DevRev"" -> /case-study/devrev/
""$5,000/mo"" -> /contact-us/
""edtech marketing"" -> /edtech-marketing-agency/
""our research methodology and editorial policy"" -> /research-methodology/
""PPC"" -> /saas-ppc/
""SEO"" -> /saas-seo-agency/
""GEO/AEO"" -> /saas-seo-agency/ai-seo-services/
""content marketing"" -> /saas-seo-agency/content-marketing-agency/"
/list/best-enterprise-ppc-agencies/,listicle,9 Best Enterprise PPC Agencies: An Honest 2026 Review,0,8,YES,,"""best Directive Consulting alternatives"" -> /alternative/directive-consulting-alternatives/
""best KlientBoost alternatives"" -> /alternative/klientboost-alternatives/
""Sabarish Chandrasekar"" -> /author/sabarish-chandrasekar/
""B2B PPC guide"" -> /blogs/b2b-ppc-guide/
""DevRev"" -> /case-study/devrev/
""PipeRocket vs KlientBoost"" -> /compare/piperocket-digital-vs-klientboost/
""PipeRocket vs Directive Consulting"" -> /compare/piperocket-vs-directive-consulting/
""our research methodology and editorial policy"" -> /research-methodology/"
/list/best-enterprise-seo-agencies/,listicle,My Picks for the Top 10 Enterprise SEO Agencies in 2026,15,19,,"""how enterprise SEO agencies manage large-scale redirects"" <- /glossary/what-is-a-301-redirect/
""best enterprise SEO agencies for technical audits"" <- /glossary/what-is-a-canonical-tag/
""how the best enterprise SEO agencies handle snippet optimization"" <- /glossary/what-is-a-meta-description/
""enterprise SEO agency tactics for large-scale anchor text management"" <- /glossary/what-is-anchor-text/
""enterprise SEO agencies that understand SaaS metrics"" <- /glossary/what-is-arr/
""how enterprise SEO agencies approach Core Web Vitals at scale"" <- /glossary/what-is-cls/
""enterprise SEO agencies that excel at channel attribution"" <- /glossary/what-is-cpa/
""best enterprise SEO agencies for large-scale crawl management"" <- /glossary/what-is-crawling/
""top enterprise SEO companies with proven evergreen strategies"" <- /glossary/what-is-evergreen-content/
""enterprise SEO agencies that specialize in Core Web Vitals"" <- /glossary/what-is-fid/
""enterprise SEO agencies with advanced lead tracking"" <- /glossary/what-is-lead-generation/
""how the best enterprise SEO agencies handle crawl control at scale"" <- /glossary/what-is-robots-txt/
""enterprise SEO agency approaches to technical site trust"" <- /glossary/what-is-ssl-certificate/
""best enterprise SEO agencies for SaaS brands"" <- /glossary/what-is-structured-data/
""best enterprise SEO agencies that help SaaS brands own category-defining topics"" <- /glossary/what-is-thought-leadership/","""best Siege Media alternatives"" -> /alternative/siege-media-alternatives/
""top WebFX alternatives"" -> /alternative/webfx-alternatives/
""Kamaraj Mathiarasan (Kim)"" -> /author/kamaraj-mathiarasan/
""B2B demand generation"" -> /blogs/b2b-demand-generation-guide/
""internal linking"" -> /blogs/how-to-use-internal-linking/
""buying committee"" -> /blogs/linkedin-buying-committee-saas/
""Thought Leadership"" -> /blogs/saas-thought-leadership-strategy/
""DevRev"" -> /case-study/devrev/
""HyperStart"" -> /case-study/hyperstart/
""HyperVerge"" -> /case-study/hyperverge/
""Storylane"" -> /case-study/storylane/
""PipeRocket vs Siege Media"" -> /compare/piperocket-digital-vs-siege-media/
""PipeRocket vs WebFX"" -> /compare/piperocket-digital-vs-webfx/
""$5,000/mo"" -> /contact-us/
""SEO audit and pipeline analysis"" -> /contact-us/
""enterprise AI SEO"" -> /enterprise-ai-seo-services/
""B2B SaaS enterprise SEO"" -> /enterprise-seo-agency/
""our research methodology and editorial policy"" -> /research-methodology/
""technical SEO"" -> /technical-seo-agency/  [UNRESOLVED]"
/list/best-enterprise-seo-software/,listicle,Best 8 Enterprise SEO Software Platforms: An Honest 2026 Review,4,4,,"""Enterprise SEO platforms"" <- /blogs/enterprise-seo-guide/
""enterprise SEO platform"" <- /list/best-ai-seo-tools/
""enterprise SEO platforms"" <- /list/best-keyword-clustering-tools/
""enterprise SEO platforms"" <- /list/best-seo-reporting-tools/","""Kamaraj Mathiarasan (Kim)"" -> /author/kamaraj-mathiarasan/
""enterprise SEO agency services"" -> /enterprise-seo-agency/
""rank tracking"" -> /list/best-rank-tracking-tools-for-saas/
""our research methodology and editorial policy"" -> /research-methodology/"
/list/best-fintech-geo-agencies/,listicle,Best Fintech GEO Agencies: An Honest 2026 Review,1,9,,"""best fintech GEO agencies"" <- /list/top-fintech-seo-agencies/","""AI search visibility for B2B"" -> /ai-seo-services/  [UNRESOLVED]
""best Siege Media alternatives"" -> /alternative/siege-media-alternatives/
""Kamaraj Mathiarasan (Kim)"" -> /author/kamaraj-mathiarasan/
""AI Search Optimization"" -> /blogs/ai-search-optimization-for-saas/
""Fintech SEO"" -> /blogs/fintech-seo-guide/
""DevRev"" -> /case-study/devrev/
""PipeRocket vs Siege Media"" -> /compare/piperocket-digital-vs-siege-media/
""$3,000/mo"" -> /contact-us/
""our research methodology and editorial policy"" -> /research-methodology/"
/list/best-free-keyword-research-tools/,listicle,7 Best Free Keyword Research Tools in 2026,2,9,,"""best free keyword research tools"" <- /alternative/ubersuggest-alternatives/
""7 Best Free Keyword Research Tools in 2026"" <- /list/best-keyword-clustering-tools/","""Ranjeeth Kumar"" -> /author/ranjeeth/
""keyword map"" -> /blogs/how-to-build-saas-keyword-map-content-calendar/
""7 Best Keyword Clustering Tools for SaaS in 2026"" -> /list/best-keyword-clustering-tools/
""rank tracking"" -> /list/best-rank-tracking-tools-for-saas/
""our research methodology and editorial policy"" -> /research-methodology/
""SaaS SEO"" -> /saas-seo-agency/
""content marketing"" -> /saas-seo-agency/content-marketing-agency/
""technical SEO"" -> /saas-seo-agency/technical-seo-agency/
""Google Ads spend"" -> /tools/google-ads-cost-estimator/"
/list/best-geo-agencies/,listicle,12 Best GEO (Generative Engine Optimization) Agencies for 2026 (Honest Review),4,28,,"""best GEO agencies"" <- /glossary/what-is-an-ai-overview/
""the best GEO agencies for SaaS and B2B teams"" <- /glossary/what-is-geo/
""best GEO agencies"" <- /list/best-ai-seo-agencies/
""GEO and AI search optimization"" <- /list/best-ai-visibility-tools/","""top Animalz alternatives"" -> /alternative/animalz-alternatives/
""KlientBoost alternatives"" -> /alternative/klientboost-alternatives/
""top NoGood alternatives"" -> /alternative/nogood-alternatives/
""best Omniscient Digital alternatives"" -> /alternative/omniscient-digital-alternatives/
""best Siege Media alternatives"" -> /alternative/siege-media-alternatives/
""top SimpleTiger alternatives"" -> /alternative/simpletiger-alternatives/
""Single Grain alternatives"" -> /alternative/single-grain-alternatives/
""WebFX alternatives"" -> /alternative/webfx-alternatives/
""Kamaraj Mathiarasan (Kim)"" -> /author/kamaraj-mathiarasan/
""AI Search Optimization"" -> /blogs/ai-search-optimization-for-saas/
""Generative Engine Optimization"" -> /blogs/how-to-do-geo-for-saas/
""creative testing"" -> /blogs/saas-creative-testing/
""social proof"" -> /blogs/saas-social-proof/
""thought leadership"" -> /blogs/saas-thought-leadership-strategy/
""DevRev"" -> /case-study/devrev/
""Goldcast"" -> /case-study/goldcast/
""LeadSquared"" -> /case-study/leadsquared/
""PipeRocket vs KlientBoost"" -> /compare/piperocket-digital-vs-klientboost/
""PipeRocket vs NoGood"" -> /compare/piperocket-digital-vs-nogood/
""PipeRocket vs Omniscient Digital"" -> /compare/piperocket-digital-vs-omniscient-digital/
""PipeRocket vs Siege Media"" -> /compare/piperocket-digital-vs-siege-media/
""PipeRocket vs WebFX"" -> /compare/piperocket-digital-vs-webfx/
""AEO Agency"" -> /list/best-aeo-agency/
""$1,500/mo"" -> /pricing/
""our research methodology and editorial policy"" -> /research-methodology/
""SEO"" -> /saas-seo-agency/
""GEO/AEO"" -> /saas-seo-agency/ai-seo-services/
""link building"" -> /saas-seo-agency/link-building-agency/"
/list/best-healthtech-marketing-agencies/,listicle,9 Best HealthTech Marketing Agencies in 2026,0,13,YES,,"""top NoGood alternatives"" -> /alternative/nogood-alternatives/
""Kamaraj Mathiarasan (Kim)"" -> /author/kamaraj-mathiarasan/
""social proof"" -> /blogs/saas-social-proof/
""DevRev"" -> /case-study/devrev/
""LeadSquared"" -> /case-study/leadsquared/
""Tredence"" -> /case-study/tredence/
""PipeRocket vs NoGood"" -> /compare/piperocket-digital-vs-nogood/
""$5,000/mo"" -> /contact-us/
""healthtech SaaS"" -> /healthtech-marketing-agency/
""our research methodology and editorial policy"" -> /research-methodology/
""PPC"" -> /saas-ppc/
""SEO"" -> /saas-seo-agency/
""GEO/AEO"" -> /saas-seo-agency/ai-seo-services/"
/list/best-heatmap-session-recording-tools-for-saas/,listicle,5 Best Heatmap & Session Recording Tools for SaaS (2026),2,6,,"""heatmap tools"" <- /glossary/what-is-google-tag-manager/
""best heatmap and session recording tools for SaaS"" <- /list/best-cro-tools-saas/","""Ranjeeth Kumar"" -> /author/ranjeeth/
""SaaS landing page optimization"" -> /blogs/optimize-saas-landing-pages-for-seo/
""SaaS SEO"" -> /blogs/saas-seo/
""talk to us"" -> /contact-us/
""our research methodology and editorial policy"" -> /research-methodology/
""SaaS SEO partner"" -> /saas-seo-agency/"
/list/best-hr-tech-marketing-agencies/,listicle,11 Best HR Tech Marketing Agencies in 2026,0,14,YES,,"""Directive Consulting alternatives"" -> /alternative/directive-consulting-alternatives/
""best Kalungi alternatives"" -> /alternative/kalungi-alternatives/
""Praveen Ravi"" -> /author/praveen-ravi/
""social proof"" -> /blogs/saas-social-proof/
""thought leadership"" -> /blogs/saas-thought-leadership-strategy/
""PipeRocket vs Directive Consulting"" -> /compare/piperocket-vs-directive-consulting/
""$5,000/mo"" -> /contact-us/
""book a free audit"" -> /contact-us/
""HR tech marketing agency"" -> /hrtech-marketing-agency/
""marketing operations"" -> /marketing-ops/
""our research methodology and editorial policy"" -> /research-methodology/
""B2B PPC"" -> /saas-ppc/
""SaaS SEO"" -> /saas-seo-agency/
""AEO/GEO"" -> /saas-seo-agency/ai-seo-services/"
/list/best-keyword-clustering-tools/,listicle,7 Best Keyword Clustering Tools for SaaS in 2026,1,11,,"""7 Best Keyword Clustering Tools for SaaS in 2026"" <- /list/best-free-keyword-research-tools/","""Ranjeeth Kumar"" -> /author/ranjeeth/
""content calendar"" -> /blogs/how-to-build-saas-keyword-map-content-calendar/
""keyword clustering"" -> /blogs/how-to-cluster-keywords-for-saas/
""Cannibalization"" -> /blogs/how-to-fix-keyword-cannibalization/
""topical authority"" -> /blogs/how-to-improve-topical-authority/
""SaaS content strategy"" -> /blogs/saas-content-strategy/
""enterprise SEO platforms"" -> /list/best-enterprise-seo-software/
""7 Best Free Keyword Research Tools in 2026"" -> /list/best-free-keyword-research-tools/
""our research methodology and editorial policy"" -> /research-methodology/
""SaaS SEO"" -> /saas-seo-agency/
""content marketing"" -> /saas-seo-agency/content-marketing-agency/"
/list/best-landing-page-builders-for-saas/,listicle,7 Best Landing Page Builders for SaaS (2026),1,11,,"""best landing page builders for SaaS"" <- /glossary/what-is-a-landing-page/","""Kamaraj Mathiarasan (Kim)"" -> /author/kamaraj-mathiarasan/
""A/B Testing"" -> /blogs/ab-test-saas-landing-pages/
""optimising SaaS landing pages for SEO"" -> /blogs/optimize-saas-landing-pages-for-seo/
""SaaS marketing"" -> /blogs/saas-marketing/
""SaaS paid marketing"" -> /blogs/saas-paid-marketing-guide/
""paid search campaign structure"" -> /blogs/saas-ppc/
""Quality Score"" -> /blogs/saas-quality-score/
""talk to us"" -> /contact-us/
""our research methodology and editorial policy"" -> /research-methodology/
""SaaS growth programs"" -> /saas-seo-agency/
""conversion rate"" -> /tools/conversion-rate-calculator/"
/list/best-legaltech-marketing-agencies/,listicle,Best 10 LegalTech Marketing Agencies: An Honest 2026 Review,0,21,YES,,"""best Directive Consulting alternatives"" -> /alternative/directive-consulting-alternatives/
""best Siege Media alternatives"" -> /alternative/siege-media-alternatives/
""Skale alternatives"" -> /alternative/skale-alternatives/
""Kamaraj Mathiarasan (Kim)"" -> /author/kamaraj-mathiarasan/
""content refresh"" -> /blogs/how-to-refresh-content-rankings/
""content distribution"" -> /blogs/saas-content-distribution-strategy/
""SaaS marketing"" -> /blogs/saas-marketing/
""product marketing"" -> /blogs/saas-product-marketing-strategy/
""Thought Leadership"" -> /blogs/saas-thought-leadership-strategy/
""DevRev"" -> /case-study/devrev/
""HyperStart"" -> /case-study/hyperstart/
""HyperVerge"" -> /case-study/hyperverge/
""Storylane"" -> /case-study/storylane/
""PipeRocket vs Siege Media"" -> /compare/piperocket-digital-vs-siege-media/
""PipeRocket vs Directive Consulting"" -> /compare/piperocket-vs-directive-consulting/
""$5,000/mo"" -> /contact-us/
""marketing ops"" -> /marketing-ops/
""our research methodology and editorial policy"" -> /research-methodology/
""PPC"" -> /saas-ppc/
""B2B paid media"" -> /saas-ppc/
""SEO"" -> /saas-seo-agency/"
/list/best-link-building-tools/,listicle,7 Best Link Building Tools for SaaS (2026),1,4,,"""link building tools"" <- /blogs/saas-link-building/","""Kamaraj Mathiarasan (Kim)"" -> /author/kamaraj-mathiarasan/
""SaaS link building"" -> /blogs/saas-link-building/
""Backlink Checker"" -> /list/best-backlink-analysis-tools/
""our research methodology and editorial policy"" -> /research-methodology/"
/list/best-linkedin-marketing-agencies/,listicle,10 LinkedIn Marketing Agencies Ranked in 2026,1,12,,"""11 LinkedIn Marketing Agencies Ranked in 2026"" <- /research-methodology/","""top Refine Labs alternatives"" -> /alternative/refine-labs-alternatives/
""Praveen Ravi"" -> /author/praveen-ravi/
""social proof"" -> /blogs/saas-social-proof/
""LeadSquared"" -> /case-study/leadsquared/
""Tredence"" -> /case-study/tredence/
""Custom pricing"" -> /contact-us/
""LinkedIn marketing agency"" -> /linkedin-marketing-agency/
""marketing ops"" -> /marketing-ops/
""our research methodology and editorial policy"" -> /research-methodology/
""PPC"" -> /saas-ppc/
""SEO"" -> /saas-seo-agency/
""GEO/AEO"" -> /saas-seo-agency/ai-seo-services/"
/list/best-marketing-attribution-tools/,listicle,9 Best Marketing Attribution Tools for B2B SaaS (2026),2,7,,"""best marketing attribution tools"" <- /alternative/hockeystack-alternatives/
""SEO attribution tools"" <- /blogs/how-to-prove-seo-roi/","""Kamaraj Mathiarasan (Kim)"" -> /author/kamaraj-mathiarasan/
""SEO attribution"" -> /blogs/how-to-attribute-seo-to-pipeline/
""prove SEO ROI"" -> /blogs/how-to-prove-seo-roi/
""multi-touch attribution"" -> /blogs/how-to-set-up-multi-touch-attribution/
""product-led growth"" -> /blogs/saas-product-led-growth-strategy/
""social proof"" -> /blogs/saas-social-proof/
""our research methodology and editorial policy"" -> /research-methodology/"
/list/best-martech-marketing-agencies/,listicle,10 Best Martech Marketing Agencies in 2026 (Honest Review),0,17,YES,,"""best Directive Consulting alternatives"" -> /alternative/directive-consulting-alternatives/
""Kalungi alternatives"" -> /alternative/kalungi-alternatives/
""best Powered by Search alternatives"" -> /alternative/powered-by-search-alternatives/
""top Refine Labs alternatives"" -> /alternative/refine-labs-alternatives/
""Kamaraj Mathiarasan (Kim)"" -> /author/kamaraj-mathiarasan/
""paid media strategy"" -> /blogs/saas-paid-marketing-guide/
""DevRev"" -> /case-study/devrev/
""LeadSquared"" -> /case-study/leadsquared/
""Tredence"" -> /case-study/tredence/
""PipeRocket vs Directive Consulting"" -> /compare/piperocket-vs-directive-consulting/
""$3,000/mo"" -> /contact-us/
""marketing ops"" -> /marketing-ops/
""martech marketing agency"" -> /martech-marketing-agency/
""our research methodology and editorial policy"" -> /research-methodology/
""PPC"" -> /saas-ppc/
""SEO"" -> /saas-seo-agency/
""GEO/AEO"" -> /saas-seo-agency/ai-seo-services/"
/list/best-paid-social-agencies/,listicle,9 Best Paid Social Agencies: An Honest 2026 Review,0,13,YES,,"""best Directive Consulting alternatives"" -> /alternative/directive-consulting-alternatives/
""best KlientBoost alternatives"" -> /alternative/klientboost-alternatives/
""best NoGood alternatives"" -> /alternative/nogood-alternatives/
""Immanual D M"" -> /author/immanual/
""LinkedIn advertising"" -> /blogs/linkedin-ads-for-saas-guide/
""Meta Ads"" -> /blogs/meta-ads-for-b2b-saas/
""creative testing"" -> /blogs/saas-creative-testing/
""social proof"" -> /blogs/saas-social-proof/
""DevRev"" -> /case-study/devrev/
""PipeRocket vs KlientBoost"" -> /compare/piperocket-digital-vs-klientboost/
""PipeRocket vs NoGood"" -> /compare/piperocket-digital-vs-nogood/
""PipeRocket vs Directive Consulting"" -> /compare/piperocket-vs-directive-consulting/
""our research methodology and editorial policy"" -> /research-methodology/"
/list/best-ppc-audit-tools/,listicle,Best 7 PPC Audit Tools for Wasted-Spend Detection: An Honest 2026 Review,0,8,YES,,"""best Opteo alternatives"" -> /alternative/opteo-alternatives/
""Sabarish Chandrasekar"" -> /author/sabarish-chandrasekar/
""Microsoft Ads"" -> /blogs/microsoft-ads-for-saas/
""creative testing"" -> /blogs/saas-creative-testing/
""Quality Score"" -> /blogs/saas-quality-score/
""PipeRocket Digital's free PPC audit"" -> /contact-us/
""our research methodology and editorial policy"" -> /research-methodology/
""managed B2B SaaS PPC"" -> /saas-ppc/"
/list/best-proptech-marketing-agencies/,listicle,11 Best Proptech Marketing Agencies in 2026 (Honest Review),0,18,YES,,"""NoGood alternatives"" -> /alternative/nogood-alternatives/
""top WebFX alternatives"" -> /alternative/webfx-alternatives/
""Praveen Ravi"" -> /author/praveen-ravi/
""Thought Leadership"" -> /blogs/saas-thought-leadership-strategy/
""DevRev"" -> /case-study/devrev/
""HyperStart"" -> /case-study/hyperstart/
""HyperVerge"" -> /case-study/hyperverge/
""Storylane"" -> /case-study/storylane/
""PipeRocket vs NoGood"" -> /compare/piperocket-digital-vs-nogood/
""PipeRocket vs WebFX"" -> /compare/piperocket-digital-vs-webfx/
""$5,000/mo"" -> /contact-us/
""SEO audit and pipeline analysis"" -> /contact-us/
""marketing ops"" -> /marketing-ops/
""dedicated proptech service page"" -> /proptech-marketing-agency/
""our research methodology and editorial policy"" -> /research-methodology/
""PPC"" -> /saas-ppc/
""SEO"" -> /saas-seo-agency/
""GEO/AEO"" -> /saas-seo-agency/ai-seo-services/"
/list/best-rank-tracking-tools-for-saas/,listicle,7 Best Rank Tracking Tools for SaaS (2026),20,7,,"""best rank tracking tools for SaaS"" <- /alternative/ubersuggest-alternatives/
""rank tracker"" <- /blogs/ai-agents-for-seo/
""rank tracking"" <- /blogs/how-to-measure-organic-cac/
""rank tracking"" <- /blogs/how-to-prove-seo-roi/
""rank tracker"" <- /blogs/how-to-rank-new-saas-site/
""Rank trackers"" <- /glossary/what-is-aeo/
""rank tracking"" <- /glossary/what-is-google-search-console/
""Rank tracking tools"" <- /glossary/what-is-keyword-ranking/
""rank tracking"" <- /glossary/what-is-on-page-seo/
""rank trackers"" <- /glossary/what-is-serp/
""rank tracking"" <- /list/best-aeo-tools/
""rank tracking"" <- /list/best-ai-seo-tools/
""Rank tracking"" <- /list/best-ai-visibility-tools/
""rank tracking"" <- /list/best-backlink-analysis-tools/
""rank tracking"" <- /list/best-content-optimization-tools/
""rank tracking"" <- /list/best-enterprise-seo-software/
""rank tracking"" <- /list/best-free-keyword-research-tools/
""rank tracking"" <- /list/best-seo-audit-tools/
""rank tracking"" <- /list/best-seo-reporting-tools/
""rank tracking tools comparison"" <- /list/best-serp-testing-tools-for-saas/","""Kamaraj Mathiarasan (Kim)"" -> /author/kamaraj-mathiarasan/
""SaaS marketing"" -> /blogs/saas-marketing/
""SaaS SEO"" -> /blogs/saas-seo/
""talk to us"" -> /contact-us/
""SERP"" -> /glossary/what-is-serp/
""our research methodology and editorial policy"" -> /research-methodology/
""SaaS SEO programs"" -> /saas-seo-agency/"
/list/best-reddit-ads-agencies/,listicle,9 Best Reddit Ads Agencies: An Honest 2026 Review,0,6,YES,,"""best Single Grain alternatives"" -> /alternative/single-grain-alternatives/
""Vishnu Prasadh"" -> /author/vishnu-prasad/
""Reddit Ads"" -> /blogs/saas-reddit-ads/
""DevRev"" -> /case-study/devrev/
""paid social agency page"" -> /paid-social-agency/
""our research methodology and editorial policy"" -> /research-methodology/"
/list/best-saas-content-marketing-agencies/,listicle,10 Best SaaS Content Marketing Agencies for 2026 (Honest Review),1,14,,"""top SaaS content marketing agencies"" <- /blogs/saas-content-marketing-guide/","""Animalz alternatives"" -> /alternative/animalz-alternatives/
""best Siege Media alternatives"" -> /alternative/siege-media-alternatives/
""Kamaraj Mathiarasan (Kim)"" -> /author/kamaraj-mathiarasan/
""generative engine optimization"" -> /blogs/how-to-do-geo-for-saas/
""top-of-funnel content"" -> /blogs/how-to-rank-tofu-keywords-saas/
""Content refresh"" -> /blogs/how-to-refresh-content-rankings/
""comparison pages"" -> /blogs/how-to-write-saas-comparison-pages-for-seo/
""social proof"" -> /blogs/saas-social-proof/
""PipeRocket vs Siege Media"" -> /compare/piperocket-digital-vs-siege-media/
""Custom pricing"" -> /contact-us/
""our research methodology and editorial policy"" -> /research-methodology/
""SEO"" -> /saas-seo-agency/
""GEO/AEO"" -> /saas-seo-agency/ai-seo-services/
""content marketing"" -> /saas-seo-agency/content-marketing-agency/"
/list/best-saas-geo-agencies/,listicle,8 Best SaaS GEO Agencies for 2026 (Honest Review),1,18,,"""Generative Engine"" <- /blogs/how-to-rank-on-chatgpt-in-2026-strategies-and-tips/","""Omniscient Digital alternatives"" -> /alternative/omniscient-digital-alternatives/
""top Siege Media alternatives"" -> /alternative/siege-media-alternatives/
""best Single Grain alternatives"" -> /alternative/single-grain-alternatives/
""Kamaraj Mathiarasan (Kim)"" -> /author/kamaraj-mathiarasan/
""topical authority"" -> /blogs/how-to-improve-topical-authority/
""case studies hub"" -> /case-study/
""DevRev"" -> /case-study/devrev/
""Goldcast"" -> /case-study/goldcast/
""LeadSquared"" -> /case-study/leadsquared/
""entity SEO"" -> /checklists/entity-seo-checklist/
""PipeRocket vs Omniscient Digital"" -> /compare/piperocket-digital-vs-omniscient-digital/
""PipeRocket vs Siege Media"" -> /compare/piperocket-digital-vs-siege-media/
""contact us"" -> /contact-us/
""$5,000/mo"" -> /pricing/
""our research methodology and editorial policy"" -> /research-methodology/
""SEO"" -> /saas-seo-agency/
""GEO/AEO"" -> /saas-seo-agency/ai-seo-services/
""link building"" -> /saas-seo-agency/link-building-agency/"
/list/best-saas-growth-marketing-agencies/,listicle,9 Best SaaS Growth Marketing Agencies (2026),0,27,YES,,"""Directive Consulting alternatives"" -> /alternative/directive-consulting-alternatives/
""top Kalungi alternatives"" -> /alternative/kalungi-alternatives/
""top NoGood alternatives"" -> /alternative/nogood-alternatives/
""best Omniscient Digital alternatives"" -> /alternative/omniscient-digital-alternatives/
""top Powered by Search alternatives"" -> /alternative/powered-by-search-alternatives/
""best Refine Labs alternatives"" -> /alternative/refine-labs-alternatives/
""Single Grain alternatives"" -> /alternative/single-grain-alternatives/
""best Skale alternatives"" -> /alternative/skale-alternatives/
""Praveen Ravi"" -> /author/praveen-ravi/
""Enterprise SEO"" -> /blogs/enterprise-seo-guide/
""buying committee"" -> /blogs/linkedin-buying-committee-saas/
""SaaS content strategy"" -> /blogs/saas-content-strategy/
""paid media strategy"" -> /blogs/saas-paid-marketing-guide/
""paid media strategy"" -> /blogs/saas-paid-media-strategy/
""social proof"" -> /blogs/saas-social-proof/
""thought leadership"" -> /blogs/saas-thought-leadership-strategy/
""DevRev"" -> /case-study/devrev/
""LeadSquared"" -> /case-study/leadsquared/
""Tredence"" -> /case-study/tredence/
""PipeRocket vs NoGood"" -> /compare/piperocket-digital-vs-nogood/
""PipeRocket vs Omniscient Digital"" -> /compare/piperocket-digital-vs-omniscient-digital/
""PipeRocket vs Directive Consulting"" -> /compare/piperocket-vs-directive-consulting/
""$5,000/mo"" -> /contact-us/
""our research methodology and editorial policy"" -> /research-methodology/
""PPC"" -> /saas-ppc/
""SEO"" -> /saas-seo-agency/
""GEO/AEO"" -> /saas-seo-agency/ai-seo-services/"
/list/best-saas-link-building-agencies/,listicle,The 10 Best SaaS Link Building Agencies in 2026,1,16,,"""best SaaS link-building agencies"" <- /blogs/saas-link-building/","""best Siege Media alternatives"" -> /alternative/siege-media-alternatives/
""Kamaraj Mathiarasan (Kim)"" -> /author/kamaraj-mathiarasan/
""content brief"" -> /blogs/how-to-write-seo-content-brief/
""international SEO"" -> /blogs/saas-international-seo-strategy/
""SaaS link building"" -> /blogs/saas-link-building/
""SaaS positioning"" -> /blogs/saas-positioning-strategy/
""social proof"" -> /blogs/saas-social-proof/
""DevRev"" -> /case-study/devrev/
""LeadSquared"" -> /case-study/leadsquared/
""Tredence"" -> /case-study/tredence/
""PipeRocket vs Siege Media"" -> /compare/piperocket-digital-vs-siege-media/
""Custom retainer"" -> /contact-us/
""our research methodology and editorial policy"" -> /research-methodology/
""SEO"" -> /saas-seo-agency/
""GEO/AEO"" -> /saas-seo-agency/ai-seo-services/
""Link building"" -> /saas-seo-agency/link-building-agency/"
/list/best-saas-llmo-agencies/,listicle,Best 9 SaaS LLMO Agencies: An Honest 2026 Review,0,9,YES,,"""top Skale alternatives"" -> /alternative/skale-alternatives/
""Kamaraj Mathiarasan (Kim)"" -> /author/kamaraj-mathiarasan/
""Generative Engine Optimization"" -> /blogs/how-to-do-geo-for-saas/
""topical authority"" -> /blogs/how-to-improve-topical-authority/
""content brief"" -> /blogs/how-to-write-seo-content-brief/
""social proof"" -> /blogs/saas-social-proof/
""DevRev"" -> /case-study/devrev/
""best SaaS SEO agencies"" -> /list/best-saas-seo-agencies/
""our research methodology and editorial policy"" -> /research-methodology/"
/list/best-saas-marketing-agencies-2026/,listicle,9 Best SaaS Marketing Agencies in 2026,65,25,,"""best SaaS marketing agencies"" <- /alternative/single-grain-alternatives/
""the best SaaS marketing agencies for 2026"" <- /blogs/saas-marketing-challenges-and-fixes/
""how top SaaS marketing agencies approach content clustering"" <- /glossary/what-are-keyword-clusters/
""why top SaaS marketing agencies audit redirects post-launch"" <- /glossary/what-is-a-301-redirect/
""how the best SaaS marketing agencies approach link building"" <- /glossary/what-is-a-backlink/
""how the top SaaS marketing agencies solve duplicate content"" <- /glossary/what-is-a-canonical-tag/
""how top SaaS marketing agencies build content around intent"" <- /glossary/what-is-a-long-tail-keyword/
""how top SaaS marketing agencies approach SEO-driven growth"" <- /glossary/what-is-a-meta-description/
""best SaaS marketing agencies"" <- /glossary/what-is-abm/
""top SaaS marketing companies and how they drive real-world impact"" <- /glossary/what-is-ai-hallucination/
""how SaaS marketing agencies use AI to scale content without losing brand voice"" <- /glossary/what-is-an-llm/
""how top SaaS marketing agencies build compounding organic growth"" <- /glossary/what-is-an-seo-audit/
""how the best SaaS marketing agencies build authority with internal links"" <- /glossary/what-is-anchor-text/
""best SaaS marketing agencies for high-growth teams"" <- /glossary/what-is-arr/
""best SaaS marketing agencies for early-stage and scaling teams"" <- /glossary/what-is-brand-identity/
""best SaaS marketing agencies for differentiation and growth"" <- /glossary/what-is-brand-positioning/
""how SaaS marketing agencies tackle technical SEO issues"" <- /glossary/what-is-cls/
""best SaaS marketing agencies for retention-driven growth"" <- /glossary/what-is-clv/
""best SaaS marketing agencies for content-driven growth"" <- /glossary/what-is-content-marketing/
""how top SaaS marketing agencies drive multi-stage conversion"" <- /glossary/what-is-conversion-rate/
""which top SaaS marketing agencies actually measure ROI, not just CPC"" <- /glossary/what-is-cost-per-click/
""SaaS marketing agencies that specialize in acquisition metrics"" <- /glossary/what-is-cpa/
""best SaaS marketing agencies for high-ROI paid campaigns"" <- /glossary/what-is-cpm/
""how the best SaaS marketing agencies build conversion into every channel"" <- /glossary/what-is-cro/
""how top SaaS marketing agencies balance CTR with conversion"" <- /glossary/what-is-ctr/
""how the best SaaS marketing agencies approach authority and intent"" <- /glossary/what-is-domain-authority/
""top SaaS marketing companies and how they approach brand building"" <- /glossary/what-is-employer-branding/
""how top SaaS marketing agencies structure evergreen content"" <- /glossary/what-is-evergreen-content/
""how top SaaS marketing agencies approach technical SEO"" <- /glossary/what-is-fid/
""The best SaaS marketing agencies for SaaS GTM"" <- /glossary/what-is-go-to-market-strategy/
""top SaaS marketing companies for B2B growth"" <- /glossary/what-is-google-ads/
""how top SaaS marketing agencies use GSC to drive rankings"" <- /glossary/what-is-google-search-console/
""How SaaS marketing agencies implement GTM for campaign tracking"" <- /glossary/what-is-google-tag-manager/
""how the best SaaS marketing agencies use AI in campaigns"" <- /glossary/what-is-gpt/
""how top SaaS marketing agencies approach segmentation"" <- /glossary/what-is-icp/
""top SaaS marketing agencies for growth-stage companies"" <- /glossary/what-is-image-alt-text/
""best SaaS marketing agencies for inbound and organic growth"" <- /glossary/what-is-inbound-marketing/
""how top SaaS marketing agencies diagnose and fix indexation issues"" <- /glossary/what-is-indexing/
""best SaaS marketing agencies for B2B growth"" <- /glossary/what-is-lead-generation/
""best SaaS marketing agencies that specialise in paid social and demand generation"" <- /glossary/what-is-meta-ads/
""how the best SaaS marketing agencies drive retention and expansion"" <- /glossary/what-is-nrr/
""how top SaaS marketing agencies build authority for software brands"" <- /glossary/what-is-off-page-seo/
""how top SaaS marketing agencies structure high-converting SEO pages"" <- /glossary/what-is-on-page-seo/
""best SaaS marketing agencies for outcome-driven growth"" <- /glossary/what-is-performance-marketing/
""best SaaS marketing agencies"" <- /glossary/what-is-ppc/
""best SaaS marketing agencies for AI-driven growth"" <- /glossary/what-is-prompt-engineering/
""how the best SaaS marketing agencies integrate AI into growth tactics"" <- /glossary/what-is-rag/
""best SaaS marketing agencies for early-stage growth"" <- /glossary/what-is-roas/
""how top SaaS marketing agencies approach technical SEO hygiene"" <- /glossary/what-is-robots-txt/
""best SaaS marketing agencies for early-stage growth"" <- /glossary/what-is-runway/
""best SaaS marketing agencies"" <- /glossary/what-is-sal-in-saas/
""how top SaaS marketing agencies use schema for visibility gains"" <- /glossary/what-is-schema-markup/
""how top SaaS marketing agencies use SEM for faster launches"" <- /glossary/what-is-sem/
""how top SaaS marketing agencies combine SEO and paid channels"" <- /glossary/what-is-seo/
""best SaaS marketing agencies with proven SERP strategies"" <- /glossary/what-is-serp/
""how top SaaS marketing agencies approach trust signals in landing pages"" <- /glossary/what-is-ssl-certificate/
""top SaaS marketing companies for ad monetization strategy"" <- /glossary/what-is-ssp/
""how the best SaaS marketing agencies align content and schema for B2B growth"" <- /glossary/what-is-structured-data/
""top SaaS marketing companies using content and schema for growth"" <- /glossary/what-is-structured-data/
""best SaaS marketing agencies for early-stage and scaling teams"" <- /glossary/what-is-tam-sam-som/
""top SaaS marketing companies for technical and content SEO"" <- /glossary/what-is-technical-seo/
""how leading SaaS marketing agencies shape category narratives"" <- /glossary/what-is-thought-leadership/
""best SaaS marketing agencies for driving expansion revenue"" <- /glossary/what-is-upsell/
""SaaS marketing agency"" <- /glossary/what-is-upsell/
""best SaaS marketing agencies for user engagement and content strategy"" <- /glossary/what-is-user-generated-content/","""Animalz alternatives"" -> /alternative/animalz-alternatives/
""best Directive Consulting alternatives"" -> /alternative/directive-consulting-alternatives/
""Kalungi alternatives"" -> /alternative/kalungi-alternatives/
""top KlientBoost alternatives"" -> /alternative/klientboost-alternatives/
""NoGood alternatives"" -> /alternative/nogood-alternatives/
""top Refine Labs alternatives"" -> /alternative/refine-labs-alternatives/
""SimpleTiger alternatives"" -> /alternative/simpletiger-alternatives/
""best Single Grain alternatives"" -> /alternative/single-grain-alternatives/
""Kamaraj Mathiarasan (Kim)"" -> /author/kamaraj-mathiarasan/
""Answer Engine Optimization"" -> /blogs/how-to-do-geo-for-saas/
""comparison pages"" -> /blogs/how-to-write-saas-comparison-pages-for-seo/
""creative testing"" -> /blogs/saas-creative-testing/
""SaaS marketing"" -> /blogs/saas-marketing/
""social proof"" -> /blogs/saas-social-proof/
""thought leadership"" -> /blogs/saas-thought-leadership-strategy/
""LeadSquared"" -> /case-study/leadsquared/
""Tredence"" -> /case-study/tredence/
""PipeRocket vs KlientBoost"" -> /compare/piperocket-digital-vs-klientboost/
""PipeRocket vs NoGood"" -> /compare/piperocket-digital-vs-nogood/
""PipeRocket vs Directive Consulting"" -> /compare/piperocket-vs-directive-consulting/
""$3,000/mo"" -> /contact-us/
""our research methodology and editorial policy"" -> /research-methodology/
""SaaS PPC agency"" -> /saas-ppc/
""SaaS SEO agency"" -> /saas-seo-agency/
""AEO/GEO"" -> /saas-seo-agency/ai-seo-services/"
/list/best-saas-ppc-agencies/,listicle,"11 Best SaaS PPC Agencies for MRR, CAC & LTV in 2026",36,27,,"""best SaaS PPC agencies"" <- /blogs/b2b-ppc-guide/
""best SaaS PPC agencies"" <- /blogs/saas-ppc/
""best SaaS PPC agencies"" <- /glossary/what-is-a-landing-page/
""best SaaS PPC agencies"" <- /glossary/what-is-ab-testing/
""SaaS PPC agency tactics for paid and organic synergy"" <- /glossary/what-is-an-seo-audit/
""SaaS PPC strategies that actually move the needle"" <- /glossary/what-is-arr/
""SaaS PPC agency"" <- /glossary/what-is-brand-positioning/
""SaaS PPC strategies for profitable CLV growth"" <- /glossary/what-is-clv/
""how top SaaS paid search agencies align CAC to CLV"" <- /glossary/what-is-clv/
""best SaaS PPC agencies for paid and content strategy alignment"" <- /glossary/what-is-content-marketing/
""SaaS PPC strategies for better conversion at every funnel stage"" <- /glossary/what-is-conversion-rate/
""how the best SaaS PPC agencies deliver real paid search ROI"" <- /glossary/what-is-cost-per-click/
""best SaaS PPC agencies for cost-efficient paid acquisition"" <- /glossary/what-is-cpa/
""top SaaS paid search agencies"" <- /glossary/what-is-cpa/
""how top SaaS PPC agencies choose channels for B2B SaaS growth"" <- /glossary/what-is-cpm/
""SaaS PPC agency"" <- /glossary/what-is-cpm/
""best SaaS PPC agencies for paid search growth"" <- /glossary/what-is-ctr/
""Top SaaS PPC agencies that align with GTM goals"" <- /glossary/what-is-go-to-market-strategy/
""best SaaS PPC agencies for growth-focused teams"" <- /glossary/what-is-google-ads/
""See which SaaS PPC agencies build GTM into their ad ops stack"" <- /glossary/what-is-google-tag-manager/
""top SaaS PPC agencies balancing automation and accuracy"" <- /glossary/what-is-gpt/
""SaaS PPC agency tactics for targeting ICP-fit leads"" <- /glossary/what-is-icp/
""best SaaS PPC agencies for managing paid social and search campaigns"" <- /glossary/what-is-meta-ads/
""see which SaaS PPC agencies can help expand revenue from existing customers"" <- /glossary/what-is-nrr/
""how top SaaS paid search agencies support expansion and retention campaigns"" <- /glossary/what-is-nrr/
""top SaaS PPC agencies for revenue-focused campaigns"" <- /glossary/what-is-performance-marketing/
""best SaaS PPC agencies for paid search growth"" <- /glossary/what-is-ppc/
""SaaS PPC agency"" <- /glossary/what-is-ppc/
""best SaaS PPC agencies for automated ad buying"" <- /glossary/what-is-programmatic-advertising/
""how top SaaS PPC agencies approach prompt-driven ad copy"" <- /glossary/what-is-prompt-engineering/
""best SaaS PPC agencies for high-growth software brands"" <- /glossary/what-is-roas/
""how dedicated SaaS PPC agencies manage paid search for SaaS"" <- /glossary/what-is-sem/
""how best SaaS PPC agencies combine paid and SEO for pipeline growth"" <- /glossary/what-is-seo/
""how SaaS PPC agencies manage paid visibility on crowded SERPs"" <- /glossary/what-is-serp/
""best SaaS PPC agencies for results-driven paid search"" <- /glossary/what-is-ssl-certificate/
""best SaaS PPC agencies for maximizing programmatic ad revenue"" <- /glossary/what-is-ssp/","""best Directive Consulting alternatives"" -> /alternative/directive-consulting-alternatives/
""best Kalungi alternatives"" -> /alternative/kalungi-alternatives/
""KlientBoost alternatives"" -> /alternative/klientboost-alternatives/
""top NoGood alternatives"" -> /alternative/nogood-alternatives/
""Powered by Search alternatives"" -> /alternative/powered-by-search-alternatives/
""top Single Grain alternatives"" -> /alternative/single-grain-alternatives/
""Praveen Ravi"" -> /author/praveen-ravi/
""LinkedIn"" -> /blogs/b2b-linkedin-marketing-guide/
""Meta Ads"" -> /blogs/meta-ads-for-b2b-saas/
""Bing Ads"" -> /blogs/microsoft-ads-for-saas/
""creative testing"" -> /blogs/saas-creative-testing/
""SaaS PPC"" -> /blogs/saas-ppc/
""social proof"" -> /blogs/saas-social-proof/
""DevRev"" -> /case-study/devrev/
""Conversion tracking checklist"" -> /checklists/conversion-tracking-checklist/
""structured PPC audit"" -> /checklists/google-ads-audit-checklist/
""Google Ads setup checklist"" -> /checklists/google-ads-setup-checklist/
""SaaS PPC checklist"" -> /checklists/saas-ppc-checklist/
""PipeRocket vs KlientBoost"" -> /compare/piperocket-digital-vs-klientboost/
""PipeRocket vs NoGood"" -> /compare/piperocket-digital-vs-nogood/
""PipeRocket vs Directive Consulting"" -> /compare/piperocket-vs-directive-consulting/
""our research methodology and editorial policy"" -> /research-methodology/
""SaaS PPC"" -> /saas-ppc/
""GEO/AEO"" -> /saas-seo-agency/ai-seo-services/
""cost-per-SQL examples"" -> /tools/cost-per-lead-calculator/
""Google Ads ROI calculator"" -> /tools/google-ads-roi-calculator/
""PPC ROAS calculator"" -> /tools/ppc-roas-calculator/"
/list/best-saas-seo-agencies/,listicle,Best SaaS SEO Agencies (SEO + GEO) for MRR & ARR Growth,74,48,,"""B2B SaaS SEO agency comparison"" <- /alternative/single-grain-alternatives/
""SaaS SEO agencies"" <- /blogs/ai-search-optimization-for-saas/
""best SaaS SEO agencies"" <- /blogs/b2b-saas-seo/
""best SaaS SEO agencies for startups"" <- /blogs/b2b-saas-seo/
""SaaS SEO agencies"" <- /blogs/how-to-do-saas-seo-competitor-analysis/
""top SaaS SEO agencies"" <- /blogs/how-to-do-saas-seo-competitor-analysis/
""SaaS SEO agencies"" <- /blogs/how-to-rank-for-question-keywords/
""SaaS seo agencies"" <- /blogs/optimize-saas-landing-pages-for-seo/
""SaaS SEO agency guide"" <- /blogs/saas-link-building/
""SaaS SEO agencies"" <- /blogs/saas-seo-strategies-and-framework/
""best SaaS SEO agencies"" <- /blogs/saas-seo/
""best SaaS SEO agencies"" <- /checklists/saas-seo-checklist/
""best SaaS SEO agencies"" <- /glossary/what-are-keyword-clusters/
""how top SaaS SEO agencies handle site migrations"" <- /glossary/what-is-a-301-redirect/
""best SaaS SEO agencies"" <- /glossary/what-is-a-backlink/
""best SaaS SEO agencies"" <- /glossary/what-is-a-canonical-tag/
""best SaaS SEO agencies"" <- /glossary/what-is-a-commercial-keyword/
""best SaaS SEO agencies"" <- /glossary/what-is-a-long-tail-keyword/
""best SaaS SEO agencies"" <- /glossary/what-is-a-meta-description/
""best SaaS SEO agencies"" <- /glossary/what-is-aeo/
""SaaS SEO agency list for finding a dedicated SaaS SEO team"" <- /glossary/what-is-ai-hallucination/
""best SaaS SEO agencies"" <- /glossary/what-is-an-ai-overview/
""how top SaaS SEO agencies prioritise AI content for accuracy"" <- /glossary/what-is-an-llm/
""the SaaS SEO agency list that blends AI and human expertise"" <- /glossary/what-is-an-llm/
""best SaaS SEO agencies"" <- /glossary/what-is-an-seo-audit/
""best SaaS SEO agencies"" <- /glossary/what-is-anchor-text/
""best SaaS SEO agencies list"" <- /glossary/what-is-brand-identity/
""best SaaS SEO agencies for sharper market fit"" <- /glossary/what-is-brand-positioning/
""top SaaS SEO agencies for messaging and positioning"" <- /glossary/what-is-brand-positioning/
""best SaaS SEO agencies"" <- /glossary/what-is-cls/
""SaaS SEO agency list with proven CLV impact"" <- /glossary/what-is-clv/
""top SaaS SEO agencies who specialize in organic growth"" <- /glossary/what-is-content-marketing/
""best SaaS SEO agencies"" <- /glossary/what-is-cpa/
""SaaS SEO agency list to find intent-first partners"" <- /glossary/what-is-ctr/
""best SaaS SEO agencies"" <- /glossary/what-is-domain-authority/
""best SaaS SEO agencies"" <- /glossary/what-is-evergreen-content/
""best SaaS SEO agencies"" <- /glossary/what-is-fid/
""best SaaS SEO agencies"" <- /glossary/what-is-geo/
""Top SaaS SEO agencies for ongoing GTM alignment"" <- /glossary/what-is-go-to-market-strategy/
""SaaS SEO agency list for aligning paid and organic growth"" <- /glossary/what-is-google-ads/
""best SaaS SEO agencies"" <- /glossary/what-is-google-search-console/
""How the top SaaS SEO agencies use GTM for tracking and reporting"" <- /glossary/what-is-google-tag-manager/
""best SaaS SEO agencies"" <- /glossary/what-is-gpt/
""best SaaS SEO agencies"" <- /glossary/what-is-image-alt-text/
""best SaaS SEO agencies"" <- /glossary/what-is-indexing/
""best SaaS SEO agencies"" <- /glossary/what-is-keyword-difficulty/
""how the best SaaS SEO agencies prioritise keyword targets for pipeline impact"" <- /glossary/what-is-keyword-ranking/
""how top SaaS SEO agencies approach keyword strategy and content structure"" <- /glossary/what-is-keyword-research/
""the SaaS SEO agency list for teams prioritising expansion metrics"" <- /glossary/what-is-nrr/
""the best SaaS SEO agencies for retention-first growth"" <- /glossary/what-is-nrr/
""top SaaS SEO agencies"" <- /glossary/what-is-nrr/
""best SaaS SEO agencies"" <- /glossary/what-is-off-page-seo/
""best SaaS SEO agencies"" <- /glossary/what-is-on-page-seo/
""best SaaS SEO agencies"" <- /glossary/what-is-ppc/
""top SaaS SEO agencies that specialize in AI-driven content"" <- /glossary/what-is-prompt-engineering/
""best SaaS SEO agencies"" <- /glossary/what-is-rag/
""SaaS SEO agency list for content-led SaaS brands"" <- /glossary/what-is-roas/
""top SaaS SEO agencies"" <- /glossary/what-is-robots-txt/
""best SaaS SEO agencies"" <- /glossary/what-is-schema-markup/
""best SaaS SEO agencies"" <- /glossary/what-is-search-volume/
""best SaaS SEO agencies for long-term organic growth"" <- /glossary/what-is-sem/
""how the best SaaS SEO agencies structure campaigns for long-term growth"" <- /glossary/what-is-seo/
""top SaaS SEO agencies"" <- /glossary/what-is-seo/
""best SaaS SEO agencies"" <- /glossary/what-is-serp/
""best SaaS SEO agencies"" <- /glossary/what-is-ssl-certificate/
""SaaS SEO agency list for technical SEO support"" <- /glossary/what-is-ssl-certificate/
""SaaS SEO agency list to improve organic traffic monetization"" <- /glossary/what-is-ssp/
""best SaaS SEO agencies"" <- /glossary/what-is-structured-data/
""best SaaS SEO agencies"" <- /glossary/what-is-technical-seo/
""top SaaS SEO agencies that help brands build authority"" <- /glossary/what-is-thought-leadership/
""best SaaS SEO agencies"" <- /glossary/what-is-topical-authority/
""top SaaS SEO agencies with experience in content-led growth"" <- /glossary/what-is-user-generated-content/
""best SaaS SEO agencies"" <- /list/best-saas-llmo-agencies/
""SaaS SEO"" <- /research-methodology/","""GEO/AEO"" -> /ai-seo-services/  [UNRESOLVED]
""best Animalz alternatives"" -> /alternative/animalz-alternatives/
""best Directive Consulting alternatives"" -> /alternative/directive-consulting-alternatives/
""Kalungi alternatives"" -> /alternative/kalungi-alternatives/
""Omniscient Digital alternatives"" -> /alternative/omniscient-digital-alternatives/
""top Powered by Search alternatives"" -> /alternative/powered-by-search-alternatives/
""best Siege Media alternatives"" -> /alternative/siege-media-alternatives/
""top Simple Tiger alternatives"" -> /alternative/simpletiger-alternatives/
""Kamaraj Mathiarasan (Kim)"" -> /author/kamaraj-mathiarasan/
""generative engine optimization"" -> /blogs/how-to-do-geo-for-saas/
""topical authority"" -> /blogs/how-to-improve-topical-authority/
""bottom-of-funnel"" -> /blogs/how-to-rank-bofu-keywords-saas/
""top-of-funnel content"" -> /blogs/how-to-rank-tofu-keywords-saas/
""internal linking"" -> /blogs/how-to-use-internal-linking/
""comparison pages"" -> /blogs/how-to-write-saas-comparison-pages-for-seo/
""content brief"" -> /blogs/how-to-write-seo-content-brief/
""content distribution"" -> /blogs/saas-content-distribution-strategy/
""SaaS content strategy"" -> /blogs/saas-content-strategy/
""international SEO"" -> /blogs/saas-international-seo-strategy/
""SaaS marketing"" -> /blogs/saas-marketing/
""product-led growth"" -> /blogs/saas-product-led-growth-strategy/
""social proof"" -> /blogs/saas-social-proof/
""thought leadership"" -> /blogs/saas-thought-leadership-strategy/
""case studies page"" -> /case-study/
""DevRev"" -> /case-study/devrev/
""Goldcast"" -> /case-study/goldcast/
""internal-linking plan"" -> /checklists/internal-linking-checklist/
""SaaS SEO checklist"" -> /checklists/saas-seo-checklist/
""SaaS SEO strategy checklist"" -> /checklists/saas-seo-strategy-checklist/
""Technical SEO checklist"" -> /checklists/technical-seo-checklist/
""PipeRocket vs Directive Consulting"" -> /compare/piperocket-vs-directive-consulting/
""$3,000/mo"" -> /contact-us/
""backlink"" -> /glossary/what-is-a-backlink/
""go-to-market"" -> /glossary/what-is-go-to-market-strategy/
""keyword rankings"" -> /glossary/what-is-keyword-ranking/
""Keyword research"" -> /glossary/what-is-keyword-research/
""leads"" -> /glossary/what-is-lead-generation/
""off-page SEO"" -> /glossary/what-is-off-page-seo/
""technical SEO"" -> /glossary/what-is-technical-seo/
""link building"" -> /link-building-agency/  [UNRESOLVED]
""our research methodology and editorial policy"" -> /research-methodology/
""B2B SaaS SEO"" -> /saas-seo-agency/
""technical SEO"" -> /technical-seo-agency/  [UNRESOLVED]
""conversion rate"" -> /tools/conversion-rate-calculator/
""Free SEO ROI calculator"" -> /tools/free-seo-roi-calculator/
""payback period on your SEO spend"" -> /tools/free-seo-roi-calculator/
""Keyword value calculator"" -> /tools/keyword-value-calculator/
""lifetime value"" -> /tools/ltv-calculator/"
/list/best-schema-markup-tools-for-saas/,listicle,5 Best Schema Markup Tools for SaaS (2026): And When You Don't Need One,0,9,YES,,"""Ranjeeth Kumar"" -> /author/ranjeeth/
""show up in AI-powered search results"" -> /blogs/how-to-rank-on-chatgpt-in-2026-strategies-and-tips/
""SaaS SEO"" -> /blogs/saas-seo/
""SaaS SEO partner"" -> /blogs/saas-seo/
""entity SEO"" -> /checklists/entity-seo-checklist/
""talk to us"" -> /contact-us/
""technical SEO"" -> /glossary/what-is-technical-seo/
""our research methodology and editorial policy"" -> /research-methodology/
""technical SEO"" -> /saas-seo-agency/technical-seo-agency/"
/list/best-seo-audit-tools/,listicle,7 Best SEO Audit Tools for SaaS (2026),3,4,,"""best SEO audit tools"" <- /alternative/botify-alternatives/
""SEO audit tools"" <- /blogs/technical-seo-for-saas/
""best SEO audit tools"" <- /compare/screaming-frog-vs-sitebulb/","""Kamaraj Mathiarasan (Kim)"" -> /author/kamaraj-mathiarasan/
""technical SEO for SaaS breakdown"" -> /blogs/technical-seo-for-saas/
""rank tracking"" -> /list/best-rank-tracking-tools-for-saas/
""our research methodology and editorial policy"" -> /research-methodology/"
/list/best-seo-reporting-tools/,listicle,7 Best SEO Reporting Tools for SaaS (2026),1,8,,"""SEO reporting tools"" <- /blogs/how-to-prove-seo-roi/","""Kamaraj Mathiarasan (Kim)"" -> /author/kamaraj-mathiarasan/
""prove SEO ROI"" -> /blogs/how-to-prove-seo-roi/
""Meta Ads"" -> /blogs/meta-ads-for-b2b-saas/
""Bing Ads"" -> /blogs/microsoft-ads-for-saas/
""SaaS marketing"" -> /blogs/saas-marketing/
""enterprise SEO platforms"" -> /list/best-enterprise-seo-software/
""rank tracking"" -> /list/best-rank-tracking-tools-for-saas/
""our research methodology and editorial policy"" -> /research-methodology/"
/list/best-serp-testing-tools-for-saas/,listicle,7 Best SERP & Rich Results Testing Tools for SaaS (2026),0,8,YES,,"""Kamaraj Mathiarasan (Kim)"" -> /author/kamaraj-mathiarasan/
""SaaS SEO keyword research"" -> /blogs/how-to-do-saas-seo-keyword-research/
""SaaS SEO"" -> /blogs/saas-seo/
""talk to us"" -> /contact-us/
""SERP"" -> /glossary/what-is-serp/
""rank tracking tools comparison"" -> /list/best-rank-tracking-tools-for-saas/
""our research methodology and editorial policy"" -> /research-methodology/
""SaaS SEO program"" -> /saas-seo-agency/"
/list/best-technical-seo-agencies/,listicle,The 9 Best Technical SEO Agencies for 2026,0,15,YES,,"""top Directive Consulting alternatives"" -> /alternative/directive-consulting-alternatives/
""Siege Media alternatives"" -> /alternative/siege-media-alternatives/
""Kamaraj Mathiarasan (Kim)"" -> /author/kamaraj-mathiarasan/
""AI search optimization"" -> /blogs/ai-search-optimization-for-saas/
""enterprise SEO"" -> /blogs/enterprise-seo-guide/
""international SEO"" -> /blogs/saas-international-seo-strategy/
""DevRev"" -> /case-study/devrev/
""LeadSquared"" -> /case-study/leadsquared/
""Tredence"" -> /case-study/tredence/
""PipeRocket vs Siege Media"" -> /compare/piperocket-digital-vs-siege-media/
""PipeRocket vs Directive Consulting"" -> /compare/piperocket-vs-directive-consulting/
""$3,000/mo"" -> /contact-us/
""our research methodology and editorial policy"" -> /research-methodology/
""SEO"" -> /saas-seo-agency/
""GEO/AEO"" -> /saas-seo-agency/ai-seo-services/"
/list/saas-seo-experts/,listicle,13 Best SaaS SEO Experts & Consultants in 2026,0,9,YES,,"""Praveen Ravi"" -> /author/praveen-ravi/
""topical authority"" -> /blogs/how-to-improve-topical-authority/
""SaaS marketing"" -> /blogs/saas-marketing/
""SaaS positioning"" -> /blogs/saas-positioning-strategy/
""our research methodology and editorial policy"" -> /research-methodology/
""PipeRocket Digital"" -> /saas-seo-agency/
""content marketing"" -> /saas-seo-agency/content-marketing-agency/
""link building"" -> /saas-seo-agency/link-building-agency/
""programmatic SEO"" -> /saas-seo-agency/programmatic-seo-agency/"
/list/top-b2b-ppc-agencies/,listicle,The Top 10 B2B PPC Agencies You Need to Consider in 2026,0,14,YES,,"""Directive Consulting alternatives"" -> /alternative/directive-consulting-alternatives/
""best KlientBoost alternatives"" -> /alternative/klientboost-alternatives/
""best Single Grain alternatives"" -> /alternative/single-grain-alternatives/
""top WebFX alternatives"" -> /alternative/webfx-alternatives/
""Praveen Ravi"" -> /author/praveen-ravi/
""B2B PPC"" -> /blogs/b2b-ppc/
""Microsoft Ads"" -> /blogs/microsoft-ads-for-saas/
""DevRev"" -> /case-study/devrev/
""PipeRocket vs KlientBoost"" -> /compare/piperocket-digital-vs-klientboost/
""PipeRocket vs WebFX"" -> /compare/piperocket-digital-vs-webfx/
""PipeRocket vs Directive Consulting"" -> /compare/piperocket-vs-directive-consulting/
""our research methodology and editorial policy"" -> /research-methodology/
""B2B PPC"" -> /saas-ppc/
""GEO/AEO"" -> /saas-seo-agency/ai-seo-services/"
/list/top-fintech-marketing-agencies/,listicle,Best Fintech Marketing Agencies in 2026,0,17,YES,,"""best Siege Media alternatives"" -> /alternative/siege-media-alternatives/
""Praveen Ravi"" -> /author/praveen-ravi/
""B2B SaaS SEO"" -> /blogs/b2b-saas-seo/
""Microsoft Ads"" -> /blogs/microsoft-ads-for-saas/
""customer acquisition"" -> /blogs/saas-customer-acquisition-strategy/
""social proof"" -> /blogs/saas-social-proof/
""thought leadership"" -> /blogs/saas-thought-leadership-strategy/
""DevRev"" -> /case-study/devrev/
""HyperStart"" -> /case-study/hyperstart/
""HyperVerge"" -> /case-study/hyperverge/
""PipeRocket vs Siege Media"" -> /compare/piperocket-digital-vs-siege-media/
""$5,000/mo"" -> /contact-us/
""fintech marketing"" -> /fintech-marketing-agency/
""fintech PPC"" -> /fintech-ppc-agency/
""our research methodology and editorial policy"" -> /research-methodology/
""GEO/AEO"" -> /saas-seo-agency/ai-seo-services/
""fintech SEO"" -> /saas-seo-agency/fintech-seo-agency/"
/list/top-fintech-seo-agencies/,listicle,10 Best Fintech SEO Agencies in 2026 (Honest Review),1,11,,"""best fintech SEO agencies"" <- /blogs/fintech-seo-guide/","""Kamaraj Mathiarasan (Kim)"" -> /author/kamaraj-mathiarasan/
""B2B lead generation"" -> /blogs/b2b-lead-generation/
""fintech SEO"" -> /blogs/fintech-seo-guide/
""social proof"" -> /blogs/saas-social-proof/
""DevRev"" -> /case-study/devrev/
""best fintech GEO agencies"" -> /list/best-fintech-geo-agencies/
""our research methodology and editorial policy"" -> /research-methodology/
""$5,000/mo"" -> /saas-seo-agency/
""GEO/AEO"" -> /saas-seo-agency/ai-seo-services/
""fintech SEO"" -> /saas-seo-agency/fintech-seo-agency/
""link building"" -> /saas-seo-agency/link-building-agency/"
/list/top-performance-marketing-agencies/,listicle,9 Best Performance Marketing Agencies in 2026 (Honest Review),3,16,,"""performance marketing agencies"" <- /list/best-affordable-b2b-ppc-agencies/
""performance marketing agencies guide"" <- /list/best-b2b-advertising-agencies/
""performance marketing agencies guide"" <- /list/best-b2b-google-ads-agencies/","""Directive Consulting alternatives"" -> /alternative/directive-consulting-alternatives/
""top NoGood alternatives"" -> /alternative/nogood-alternatives/
""Praveen Ravi"" -> /author/praveen-ravi/
""social proof"" -> /blogs/saas-social-proof/
""DevRev"" -> /case-study/devrev/
""HyperStart"" -> /case-study/hyperstart/
""HyperVerge"" -> /case-study/hyperverge/
""Storylane"" -> /case-study/storylane/
""PipeRocket vs NoGood"" -> /compare/piperocket-digital-vs-nogood/
""PipeRocket vs Directive Consulting"" -> /compare/piperocket-vs-directive-consulting/
""our research methodology and editorial policy"" -> /research-methodology/
""PPC"" -> /saas-ppc/
""SEO"" -> /saas-seo-agency/
""GEO/AEO"" -> /saas-seo-agency/ai-seo-services/
""content"" -> /saas-seo-agency/content-marketing-agency/
""conversion rate"" -> /tools/conversion-rate-calculator/"
/marketing-ops/,service,AI-First B2B Marketing Operations Agency | RevOps & Attribution,26,0,,"""B2B marketing operations"" <- /alternative/animalz-alternatives/
""marketing ops"" <- /alternative/nogood-alternatives/
""B2B marketing operations"" <- /alternative/powered-by-search-alternatives/
""B2B marketing operations"" <- /alternative/refine-labs-alternatives/
""B2B marketing operations"" <- /alternative/simpletiger-alternatives/
""B2B marketing operations"" <- /alternative/single-grain-alternatives/
""B2B marketing operations"" <- /alternative/webfx-alternatives/
""marketing operations"" <- /blogs/b2b-marketing-operations-guide/
""Marketing Operations service"" <- /blogs/b2b-ppc-guide/
""Marketing Operations:"" <- /blogs/enterprise-saas-seo-guide/
""Marketing Operations:"" <- /blogs/enterprise-seo-challenges-and-fixes/
""Marketing Operations:"" <- /blogs/enterprise-seo-strategy-and-framework/
""Marketing Operations"" <- /blogs/saas-marketing-challenges-and-fixes/
""Pipeline attribution and reporting:"" <- /blogs/saas-seo-strategies-and-framework/
""B2B marketing operations"" <- /list/best-aeo-agency/
""B2B marketing operations"" <- /list/best-affordable-b2b-ppc-agencies/
""marketing operations"" <- /list/best-b2b-advertising-agencies/
""marketing operations"" <- /list/best-b2b-content-marketing-agencies/
""marketing operations"" <- /list/best-b2b-demand-generation-agencies/
""marketing operations"" <- /list/best-cybersecurity-marketing-agencies/
""marketing ops"" <- /list/best-devtools-marketing-agencies/
""marketing operations"" <- /list/best-hr-tech-marketing-agencies/
""marketing ops"" <- /list/best-legaltech-marketing-agencies/
""marketing ops"" <- /list/best-linkedin-marketing-agencies/
""marketing ops"" <- /list/best-martech-marketing-agencies/
""marketing ops"" <- /list/best-proptech-marketing-agencies/",
/martech-marketing-agency/,service,AI-First B2B MarTech Marketing Agency | PipeRocket Digital,2,0,,"""martech marketing agency"" <- /list/best-martech-marketing-agencies/
""MarTech marketing team"" <- /research/ai-seo-statistics/",
/paid-social-agency/,service,Paid Social Agency | Pipeline-First Social Ads,2,0,,"""paid social"" <- /list/b2b-ppc-experts/
""paid social agency page"" <- /list/best-reddit-ads-agencies/",
/partnership/,service,Partnership Program,0,1,YES,,"""contact page"" -> /contact-us/"
/pricing/,service,Pricing,2,0,,"""$1,500/mo"" <- /list/best-geo-agencies/
""$5,000/mo"" <- /list/best-saas-geo-agencies/",
/privacy-policy/,service,Privacy Policy,2,2,,"""Privacy Policy"" <- /cookies-policy/
""Privacy Policy"" <- /terms-and-conditions/","""Cookies Policy"" -> /cookies-policy/
""Terms and Conditions"" -> /terms-and-conditions/"
/proptech-marketing-agency/,service,AI-First B2B PropTech Marketing Agency | PipeRocket Digital,1,0,,"""dedicated proptech service page"" <- /list/best-proptech-marketing-agencies/",
/research-methodology/,service,Research Methodology and Editorial Policy,125,6,,"""our research methodology and editorial policy"" <- /alternative/6sense-alternatives/
""our research methodology and editorial policy"" <- /alternative/ab-tasty-alternatives/
""our research methodology and editorial policy"" <- /alternative/ahrefs-alternatives/
""our research methodology and editorial policy"" <- /alternative/animalz-alternatives/
""our research methodology and editorial policy"" <- /alternative/apollo-alternatives/
""our research methodology and editorial policy"" <- /alternative/bombora-alternatives/
""our research methodology and editorial policy"" <- /alternative/botify-alternatives/
""our research methodology and editorial policy"" <- /alternative/brightedge-alternatives/
""our research methodology and editorial policy"" <- /alternative/clearscope-alternatives/
""our research methodology and editorial policy"" <- /alternative/cognism-alternatives/
""our research methodology and editorial policy"" <- /alternative/conductor-alternatives/
""our research methodology and editorial policy"" <- /alternative/convert-alternatives/
""our research methodology and editorial policy"" <- /alternative/copy-ai-alternatives/
""our research methodology and editorial policy"" <- /alternative/demandbase-alternatives/
""our research methodology and editorial policy"" <- /alternative/directive-consulting-alternatives/
""our research methodology and editorial policy"" <- /alternative/dreamdata-alternatives/
""our research methodology and editorial policy"" <- /alternative/factors-ai-alternatives/
""our research methodology and editorial policy"" <- /alternative/frase-alternatives/
""our research methodology and editorial policy"" <- /alternative/hockeystack-alternatives/
""our research methodology and editorial policy"" <- /alternative/hotjar-alternatives/
""our research methodology and editorial policy"" <- /alternative/instapage-alternatives/
""our research methodology and editorial policy"" <- /alternative/jasper-alternatives/
""our research methodology and editorial policy"" <- /alternative/kalungi-alternatives/
""our research methodology and editorial policy"" <- /alternative/klientboost-alternatives/
""our research methodology and editorial policy"" <- /alternative/leadfeeder-alternatives/
""our research methodology and editorial policy"" <- /alternative/leadpages-alternatives/
""our research methodology and editorial policy"" <- /alternative/lusha-alternatives/
""our research methodology"" <- /alternative/lusha-alternatives/
""our research methodology and editorial policy"" <- /alternative/mangools-alternatives/
""our research methodology and editorial policy"" <- /alternative/marketmuse-alternatives/
""our research methodology and editorial policy"" <- /alternative/mouseflow-alternatives/
""our research methodology and editorial policy"" <- /alternative/moz-alternatives/
""our research methodology and editorial policy"" <- /alternative/mutiny-alternatives/
""our research methodology and editorial policy"" <- /alternative/nogood-alternatives/
""our research methodology and editorial policy"" <- /alternative/omniscient-digital-alternatives/
""our research methodology and editorial policy"" <- /alternative/opteo-alternatives/
""our research methodology and editorial policy"" <- /alternative/optimizely-alternatives/
""our research methodology and editorial policy"" <- /alternative/optmyzr-alternatives/
""our research methodology and editorial policy"" <- /alternative/powered-by-search-alternatives/
""our research methodology and editorial policy"" <- /alternative/raventools-alternatives/
""our research methodology and editorial policy"" <- /alternative/refine-labs-alternatives/
""our research methodology and editorial policy"" <- /alternative/rollworks-alternatives/
""our research methodology and editorial policy"" <- /alternative/screaming-frog-alternatives/
""our research methodology and editorial policy"" <- /alternative/semrush-alternatives/
""our research methodology and editorial policy"" <- /alternative/seobility-alternatives/
""our research methodology and editorial policy"" <- /alternative/seozoom-alternatives/
""our research methodology and editorial policy"" <- /alternative/serpstat-alternatives/
""our research methodology and editorial policy"" <- /alternative/siege-media-alternatives/
""our research methodology and editorial policy"" <- /alternative/simpletiger-alternatives/
""our research methodology and editorial policy"" <- /alternative/single-grain-alternatives/
""research methodology"" <- /alternative/single-grain-alternatives/
""our research methodology and editorial policy"" <- /alternative/sitebulb-alternatives/
""our research methodology and editorial policy"" <- /alternative/skale-alternatives/
""our research methodology and editorial policy"" <- /alternative/surfer-seo-alternatives/
""our research methodology and editorial policy"" <- /alternative/ubersuggest-alternatives/
""our research methodology and editorial policy"" <- /alternative/unbounce-alternatives/
""our research methodology and editorial policy"" <- /alternative/vwo-alternatives/
""our research methodology and editorial policy"" <- /alternative/webfx-alternatives/
""our research methodology and editorial policy"" <- /alternative/writesonic-alternatives/
""our research methodology and editorial policy"" <- /alternative/zoominfo-alternatives/
""our research methodology and editorial policy"" <- /list/b2b-ppc-experts/
""our research methodology and editorial policy"" <- /list/best-abm-agencies/
""our research methodology and editorial policy"" <- /list/best-abm-platforms/
""our research methodology and editorial policy"" <- /list/best-aeo-agency/
""our research methodology and editorial policy"" <- /list/best-aeo-tools/
""our research methodology and editorial policy"" <- /list/best-affordable-b2b-ppc-agencies/
""our research methodology and editorial policy"" <- /list/best-ai-content-detector/
""our research methodology and editorial policy"" <- /list/best-ai-seo-agencies/
""our research methodology and editorial policy"" <- /list/best-ai-seo-tools/
""our research methodology and editorial policy"" <- /list/best-ai-visibility-tools/
""our research methodology and editorial policy"" <- /list/best-b2b-advertising-agencies/
""our research methodology and editorial policy"" <- /list/best-b2b-content-marketing-agencies/
""our research methodology and editorial policy"" <- /list/best-b2b-demand-generation-agencies/
""our research methodology and editorial policy"" <- /list/best-b2b-google-ads-agencies/
""our research methodology and editorial policy"" <- /list/best-b2b-lead-generation-companies/
""our research methodology and editorial policy"" <- /list/best-b2b-marketing-agencies/
""our research methodology and editorial policy"" <- /list/best-b2b-seo-agencies/
""our research methodology and editorial policy"" <- /list/best-backlink-analysis-tools/
""our research methodology and editorial policy"" <- /list/best-bing-ads-agencies/
""our research methodology and editorial policy"" <- /list/best-content-optimization-tools/
""our research methodology and editorial policy"" <- /list/best-conversion-rate-optimization-agencies/
""our research methodology and editorial policy"" <- /list/best-cro-tools-saas/
""our research methodology and editorial policy"" <- /list/best-cybersecurity-marketing-agencies/
""our research methodology and editorial policy"" <- /list/best-devtools-marketing-agencies/
""our research methodology and editorial policy"" <- /list/best-digital-pr-tools/
""our research methodology and editorial policy"" <- /list/best-edtech-marketing-agencies/
""our research methodology and editorial policy"" <- /list/best-enterprise-ppc-agencies/
""our research methodology and editorial policy"" <- /list/best-enterprise-seo-agencies/
""our research methodology and editorial policy"" <- /list/best-enterprise-seo-software/
""our research methodology and editorial policy"" <- /list/best-fintech-geo-agencies/
""our research methodology and editorial policy"" <- /list/best-free-keyword-research-tools/
""our research methodology and editorial policy"" <- /list/best-geo-agencies/
""our research methodology and editorial policy"" <- /list/best-healthtech-marketing-agencies/
""our research methodology and editorial policy"" <- /list/best-heatmap-session-recording-tools-for-saas/
""our research methodology and editorial policy"" <- /list/best-hr-tech-marketing-agencies/
""our research methodology and editorial policy"" <- /list/best-keyword-clustering-tools/
""our research methodology and editorial policy"" <- /list/best-landing-page-builders-for-saas/
""our research methodology and editorial policy"" <- /list/best-legaltech-marketing-agencies/
""our research methodology and editorial policy"" <- /list/best-link-building-tools/
""our research methodology and editorial policy"" <- /list/best-linkedin-marketing-agencies/
""our research methodology and editorial policy"" <- /list/best-marketing-attribution-tools/
""our research methodology and editorial policy"" <- /list/best-martech-marketing-agencies/
""our research methodology and editorial policy"" <- /list/best-paid-social-agencies/
""our research methodology and editorial policy"" <- /list/best-ppc-audit-tools/
""our research methodology and editorial policy"" <- /list/best-proptech-marketing-agencies/
""our research methodology and editorial policy"" <- /list/best-rank-tracking-tools-for-saas/
""our research methodology and editorial policy"" <- /list/best-reddit-ads-agencies/
""our research methodology and editorial policy"" <- /list/best-saas-content-marketing-agencies/
""our research methodology and editorial policy"" <- /list/best-saas-geo-agencies/
""our research methodology and editorial policy"" <- /list/best-saas-growth-marketing-agencies/
""our research methodology and editorial policy"" <- /list/best-saas-link-building-agencies/
""our research methodology and editorial policy"" <- /list/best-saas-llmo-agencies/
""our research methodology and editorial policy"" <- /list/best-saas-marketing-agencies-2026/
""our research methodology and editorial policy"" <- /list/best-saas-ppc-agencies/
""our research methodology and editorial policy"" <- /list/best-saas-seo-agencies/
""our research methodology and editorial policy"" <- /list/best-schema-markup-tools-for-saas/
""our research methodology and editorial policy"" <- /list/best-seo-audit-tools/
""our research methodology and editorial policy"" <- /list/best-seo-reporting-tools/
""our research methodology and editorial policy"" <- /list/best-serp-testing-tools-for-saas/
""our research methodology and editorial policy"" <- /list/best-technical-seo-agencies/
""our research methodology and editorial policy"" <- /list/saas-seo-experts/
""our research methodology and editorial policy"" <- /list/top-b2b-ppc-agencies/
""our research methodology and editorial policy"" <- /list/top-fintech-marketing-agencies/
""our research methodology and editorial policy"" <- /list/top-fintech-seo-agencies/
""our research methodology and editorial policy"" <- /list/top-performance-marketing-agencies/","""Kamaraj Mathiarasan (Kim)"" -> /author/kamaraj-mathiarasan/
""`/list/`"" -> /list/
""Best Affordable B2B PPC Agencies"" -> /list/best-affordable-b2b-ppc-agencies/
""Best B2B Advertising Agencies, 2026 Rankings"" -> /list/best-b2b-advertising-agencies/
""11 LinkedIn Marketing Agencies Ranked in 2026"" -> /list/best-linkedin-marketing-agencies/
""SaaS SEO"" -> /list/best-saas-seo-agencies/"
/research/ai-seo-statistics/,blog,200+ AI SEO Statistics (Updated July 2026),2,26,,"""State of SEO in the AI World 2026 report"" <- /blogs/saas-seo/
""200+ AI SEO statistics for SaaS teams"" <- /glossary/what-is-geo/","""AEO and GEO agency"" -> /aeo-geo-agency/  [UNRESOLVED]
""Kamaraj Mathiarasan (Kim)"" -> /author/kamaraj-mathiarasan/
""Generative Engine Optimization"" -> /blogs/how-to-do-geo-for-saas/
""organic CTR"" -> /blogs/how-to-improve-organic-ctr/
""Bottom-of-Funnel"" -> /blogs/how-to-rank-bofu-keywords-saas/
""llms.txt"" -> /blogs/llms-txt-for-saas/
""cybersecurity marketing team"" -> /cybersecurity-marketing-agency/
""fintech marketing team"" -> /fintech-marketing-agency/
""backlinks"" -> /glossary/what-is-a-backlink/
""landing pages"" -> /glossary/what-is-a-landing-page/
""AEO"" -> /glossary/what-is-aeo/
""AI Overviews"" -> /glossary/what-is-an-ai-overview/
""LLM"" -> /glossary/what-is-an-llm/
""crawling"" -> /glossary/what-is-crawling/
""CTR"" -> /glossary/what-is-ctr/
""GEO"" -> /glossary/what-is-geo/
""Schema markup"" -> /glossary/what-is-schema-markup/
""schema markup"" -> /glossary/what-is-schema-markup/
""SEO"" -> /glossary/what-is-seo/
""HealthTech marketing"" -> /healthtech-marketing-agency/
""LegalTech marketing approach"" -> /legaltech-marketing-agency/
""best AEO agencies for AI visibility tracking and reporting"" -> /list/best-aeo-agency/
""MarTech marketing team"" -> /martech-marketing-agency/
""B2B SaaS SEO"" -> /saas-seo-agency/
""conversion rate"" -> /tools/conversion-rate-calculator/
""CAGR"" -> /tools/revenue-growth-rate-calculator/"
/research/google-ads-benchmarks/,blog,B2B SaaS Google Ads Benchmarks (2026): Real Data From ~20 Accounts We Manage,0,11,YES,,"""Praveen Ravi"" -> /author/praveen-ravi/
""Click-through rate"" -> /blogs/how-to-improve-organic-ctr/
""Talk to us"" -> /contact-us/
""CPC"" -> /glossary/what-is-cost-per-click/
""CTR"" -> /glossary/what-is-ctr/
""Google Ads"" -> /glossary/what-is-google-ads/
""ROAS"" -> /glossary/what-is-roas/
""our Google Ads team"" -> /google-ads-agency/
""B2B SaaS PPC"" -> /saas-ppc/
""conversion rate"" -> /tools/conversion-rate-calculator/
""cost per click"" -> /tools/cpc-calculator/"
/reviews/,service,PipeRocket Reviews,0,0,YES,,
/saas-ppc/,service,B2B SaaS PPC Agency | Pipeline-First Paid Media,84,0,,"""SaaS PPC"" <- /alternative/animalz-alternatives/
""SaaS PPC"" <- /alternative/cognism-alternatives/
""SaaS PPC agency"" <- /alternative/directive-consulting-alternatives/
""SaaS PPC"" <- /alternative/factors-ai-alternatives/
""SaaS PPC"" <- /alternative/kalungi-alternatives/
""PPC"" <- /alternative/klientboost-alternatives/
""SaaS PPC"" <- /alternative/leadfeeder-alternatives/
""SaaS PPC"" <- /alternative/lusha-alternatives/
""PPC"" <- /alternative/nogood-alternatives/
""SaaS PPC management"" <- /alternative/opteo-alternatives/
""SaaS PPC"" <- /alternative/optimizely-alternatives/
""SaaS PPC"" <- /alternative/powered-by-search-alternatives/
""SaaS PPC"" <- /alternative/refine-labs-alternatives/
""SaaS PPC"" <- /alternative/single-grain-alternatives/
""SaaS PPC"" <- /alternative/vwo-alternatives/
""SaaS PPC"" <- /alternative/webfx-alternatives/
""SaaS PPC"" <- /blogs/ai-smart-bidding-for-saas-ppc/
""PipeRocket Digital"" <- /blogs/b2b-linkedin-marketing-guide/
""SaaS PPC:"" <- /blogs/b2b-marketing-operations-guide/
""SaaS PPC service"" <- /blogs/b2b-ppc-guide/
""Piperocket Digital"" <- /blogs/b2b-ppc/
""SaaS PPC:"" <- /blogs/enterprise-saas-seo-guide/
""SaaS PPC:"" <- /blogs/enterprise-seo-challenges-and-fixes/
""SaaS PPC:"" <- /blogs/enterprise-seo-strategy-and-framework/
""PipeRocket Digital"" <- /blogs/how-do-i-run-linkedin-ads-for-saas-an-experts-take/
""PipeRocket Digital"" <- /blogs/how-to-run-google-ads-for-saas/
""PipeRocket Digital"" <- /blogs/how-to-run-linkedin-retargeting-ads/
""PipeRocket Digital"" <- /blogs/how-to-write-google-ads-copy-for-saas-in-2026/
""PipeRocket Digital"" <- /blogs/linkedin-account-based-marketing/
""SaaS PPC program"" <- /blogs/linkedin-ads-for-saas-guide/
""SaaS PPC"" <- /blogs/saas-cro-strategy/
""PipeRocket Digital"" <- /blogs/saas-linkedin-ads-mistakes-to-avoid/
""SaaS PPC service"" <- /blogs/saas-marketing-challenges-and-fixes/
""SaaS PPC service"" <- /blogs/saas-paid-marketing-guide/
""PipeRocket Digital"" <- /blogs/the-8-common-saas-google-ads-mistakes-to-avoid-in-2026/
""talk to us"" <- /checklists/ab-testing-checklist/
""talk to us"" <- /checklists/conversion-tracking-checklist/
""talk to us"" <- /checklists/cro-checklist/
""talk to us"" <- /checklists/google-ads-audit-checklist/
""talk to us"" <- /checklists/landing-page-checklist/
""talk to us"" <- /checklists/linkedin-ads-checklist/
""talk to us"" <- /checklists/marketing-attribution-checklist/
""SaaS paid ads"" <- /glossary/what-is-abm/
""SaaS PPC"" <- /glossary/what-is-cls/
""how a SaaS PPC agency can target high-CLV segments"" <- /glossary/what-is-clv/
""SaaS PPC campaigns"" <- /glossary/what-is-google-search-console/
""How SaaS PPC management teams integrate GTM with Google Ads and analytics"" <- /glossary/what-is-google-tag-manager/
""SaaS PPC"" <- /glossary/what-is-inbound-marketing/
""SaaS PPC"" <- /glossary/what-is-keyword-research/
""SaaS PPC strategies for predictable pipeline"" <- /glossary/what-is-lead-generation/
""SaaS paid ads"" <- /glossary/what-is-meta-ads/
""SaaS PPC agency"" <- /glossary/what-is-performance-marketing/
""SaaS PPC services"" <- /glossary/what-is-ppc/
""SaaS PPC"" <- /glossary/what-is-programmatic-advertising/
""SaaS PPC agency"" <- /glossary/what-is-roas/
""SaaS PPC agency"" <- /glossary/what-is-runway/
""SaaS PPC"" <- /glossary/what-is-sal-in-saas/
""SaaS PPC service page for automated ad management"" <- /glossary/what-is-ssp/
""SaaS PPC service page"" <- /glossary/what-is-ssp/
""SaaS PPC agency"" <- /glossary/what-is-third-party-cookies/
""PipeRocket Digital"" <- /list/b2b-ppc-experts/
""SaaS PPC"" <- /list/b2b-ppc-experts/
""SaaS PPC agency"" <- /list/best-affordable-b2b-ppc-agencies/
""SaaS PPC practice"" <- /list/best-b2b-advertising-agencies/
""B2B demand generation"" <- /list/best-b2b-demand-generation-agencies/
""SaaS PPC campaigns"" <- /list/best-b2b-google-ads-agencies/
""SaaS PPC"" <- /list/best-b2b-lead-generation-companies/
""B2B PPC"" <- /list/best-cybersecurity-marketing-agencies/
""PPC"" <- /list/best-devtools-marketing-agencies/
""PPC"" <- /list/best-edtech-marketing-agencies/
""PPC"" <- /list/best-healthtech-marketing-agencies/
""B2B PPC"" <- /list/best-hr-tech-marketing-agencies/
""PPC"" <- /list/best-legaltech-marketing-agencies/
""B2B paid media"" <- /list/best-legaltech-marketing-agencies/
""PPC"" <- /list/best-linkedin-marketing-agencies/
""PPC"" <- /list/best-martech-marketing-agencies/
""managed B2B SaaS PPC"" <- /list/best-ppc-audit-tools/
""PPC"" <- /list/best-proptech-marketing-agencies/
""PPC"" <- /list/best-saas-growth-marketing-agencies/
""SaaS PPC agency"" <- /list/best-saas-marketing-agencies-2026/
""SaaS PPC"" <- /list/best-saas-ppc-agencies/
""B2B PPC"" <- /list/top-b2b-ppc-agencies/
""PPC"" <- /list/top-performance-marketing-agencies/
""B2B SaaS PPC"" <- /research/google-ads-benchmarks/",
/saas-ppc/faqs/,service,SaaS PPC Agency - FAQs,0,0,YES,,
/saas-seo-agency/,service,SaaS SEO Agency | AI-First SaaS SEO Services,128,0,,"""SaaS SEO agency"" <- /alternative/ahrefs-alternatives/
""SaaS SEO"" <- /alternative/animalz-alternatives/
""SaaS SEO agency"" <- /alternative/brightedge-alternatives/
""SaaS SEO agency"" <- /alternative/clearscope-alternatives/
""SaaS SEO"" <- /alternative/cognism-alternatives/
""B2B SaaS SEO service"" <- /alternative/copy-ai-alternatives/
""SaaS SEO"" <- /alternative/directive-consulting-alternatives/
""B2B SaaS marketing"" <- /alternative/dreamdata-alternatives/
""SaaS SEO"" <- /alternative/factors-ai-alternatives/
""SaaS SEO agency"" <- /alternative/frase-alternatives/
""SaaS SEO and CRO team"" <- /alternative/hotjar-alternatives/
""SaaS SEO agency"" <- /alternative/jasper-alternatives/
""SaaS SEO"" <- /alternative/kalungi-alternatives/
""SEO"" <- /alternative/klientboost-alternatives/
""SaaS SEO"" <- /alternative/leadfeeder-alternatives/
""SaaS SEO"" <- /alternative/lusha-alternatives/
""SaaS SEO agency"" <- /alternative/marketmuse-alternatives/
""SaaS SEO agency guide"" <- /alternative/moz-alternatives/
""SaaS SEO agency"" <- /alternative/moz-alternatives/
""B2B SaaS SEO practice"" <- /alternative/mutiny-alternatives/
""SEO"" <- /alternative/nogood-alternatives/
""SaaS SEO"" <- /alternative/omniscient-digital-alternatives/
""SaaS SEO"" <- /alternative/optimizely-alternatives/
""SaaS SEO"" <- /alternative/powered-by-search-alternatives/
""SaaS SEO"" <- /alternative/refine-labs-alternatives/
""SaaS SEO agency"" <- /alternative/screaming-frog-alternatives/
""SaaS SEO agency"" <- /alternative/semrush-alternatives/
""SaaS SEO agency"" <- /alternative/seobility-alternatives/
""B2B SaaS SEO"" <- /alternative/siege-media-alternatives/
""SaaS SEO"" <- /alternative/single-grain-alternatives/
""SaaS SEO services"" <- /alternative/surfer-seo-alternatives/
""SaaS SEO team"" <- /alternative/surfer-seo-alternatives/
""SaaS SEO agency"" <- /alternative/unbounce-alternatives/
""our SaaS SEO and CRO services page"" <- /alternative/unbounce-alternatives/
""SaaS SEO"" <- /alternative/vwo-alternatives/
""SaaS SEO"" <- /alternative/webfx-alternatives/
""SaaS SEO"" <- /blogs/b2b-marketing-operations-guide/
""SaaS SEO agency"" <- /blogs/b2b-saas-seo/
""SaaS SEO:"" <- /blogs/enterprise-saas-seo-guide/
""SaaS SEO:"" <- /blogs/enterprise-seo-challenges-and-fixes/
""SaaS SEO service"" <- /blogs/enterprise-seo-guide/
""SaaS SEO:"" <- /blogs/enterprise-seo-strategy-and-framework/
""SaaS SEO"" <- /blogs/fintech-seo-guide/
""SaaS SEO team"" <- /blogs/how-to-do-keyword-gap-analysis/
""PipeRocket Digital"" <- /blogs/how-to-do-saas-content-audit/
""PipeRocket Digital"" <- /blogs/how-to-do-saas-seo-competitor-analysis/
""SaaS SEO services"" <- /blogs/how-to-do-saas-seo-keyword-research/
""SaaS SEO engagement"" <- /blogs/how-to-rank-for-question-keywords/
""PipeRocket Digital"" <- /blogs/how-to-rank-on-chatgpt-in-2026-strategies-and-tips/
""SaaS SEO agency"" <- /blogs/how-to-write-saas-comparison-pages-for-seo/
""**PipeRocket Digital**"" <- /blogs/optimize-saas-landing-pages-for-seo/
""SaaS SEO agency"" <- /blogs/saas-content-strategy/
""SaaS SEO"" <- /blogs/saas-cro-strategy/
""SaaS SEO service"" <- /blogs/saas-link-building/
""SaaS SEO"" <- /blogs/saas-marketing-challenges-and-fixes/
""SEO"" <- /blogs/saas-positioning-strategy/
""SEO strategy and roadmap:"" <- /blogs/saas-seo-strategies-and-framework/
""SaaS SEO agency"" <- /blogs/saas-seo/
""talk to us"" <- /checklists/ai-crawler-access-checklist/
""talk to us"" <- /checklists/bing-copilot-optimization-checklist/
""talk to us"" <- /checklists/blog-post-checklist/
""talk to us"" <- /checklists/chatgpt-seo-checklist/
""talk to us"" <- /checklists/content-audit-checklist/
""talk to us"" <- /checklists/content-seo-checklist/
""talk to us"" <- /checklists/eeat-checklist/
""talk to us"" <- /checklists/entity-seo-checklist/
""talk to us"" <- /checklists/google-ai-overviews-checklist/
""talk to us"" <- /checklists/keyword-research-checklist/
""talk to us"" <- /checklists/on-page-aeo-checklist/
""talk to us"" <- /checklists/perplexity-seo-checklist/
""talk to us"" <- /checklists/reddit-quora-seo-checklist/
""PipeRocket Digital"" <- /checklists/saas-seo-checklist/
""talk to us"" <- /checklists/wordpress-seo-checklist/
""talk to us"" <- /checklists/youtube-seo-checklist/
""dedicated SaaS SEO team"" <- /glossary/what-is-a-long-tail-keyword/
""SaaS SEO agency services for ongoing technical audits"" <- /glossary/what-is-an-seo-audit/
""SaaS SEO agency"" <- /glossary/what-is-anchor-text/
""SaaS SEO agency"" <- /glossary/what-is-content-marketing/
""SaaS SEO agency approaches that drive real action, not just traffic"" <- /glossary/what-is-conversion-rate/
""dedicated SaaS SEO team"" <- /glossary/what-is-crawling/
""how a dedicated SaaS SEO team approaches authority building"" <- /glossary/what-is-domain-authority/
""SaaS SEO agency"" <- /glossary/what-is-evergreen-content/
""SaaS SEO agency services for ongoing optimization"" <- /glossary/what-is-google-search-console/
""dedicated SaaS SEO team strategies for ICP-driven growth"" <- /glossary/what-is-icp/
""dedicated SaaS SEO team"" <- /glossary/what-is-inbound-marketing/
""SaaS SEO agency"" <- /glossary/what-is-keyword-research/
""SaaS SEO agency services that go beyond keyword stuffing"" <- /glossary/what-is-on-page-seo/
""SaaS SEO agency services purpose-built for product-led teams"" <- /glossary/what-is-rag/
""what to expect from a dedicated SaaS SEO agency"" <- /glossary/what-is-seo/
""SaaS SEO agency services for ongoing SERP monitoring"" <- /glossary/what-is-serp/
""SaaS SEO agency strategies for structured data governance"" <- /glossary/what-is-structured-data/
""how SaaS SEO agency partners build ongoing authority for B2B software brands"" <- /glossary/what-is-thought-leadership/
""SEO and ABM-oriented paid media"" <- /list/best-abm-agencies/
""SaaS SEO"" <- /list/best-aeo-agency/
""SEO"" <- /list/best-ai-seo-agencies/
""SaaS SEO"" <- /list/best-b2b-content-marketing-agencies/
""SaaS SEO"" <- /list/best-b2b-demand-generation-agencies/
""SaaS SEO"" <- /list/best-b2b-google-ads-agencies/
""SaaS SEO"" <- /list/best-b2b-lead-generation-companies/
""SEO"" <- /list/best-b2b-seo-agencies/
""B2B SaaS SEO and PPC agency"" <- /list/best-conversion-rate-optimization-agencies/
""SaaS SEO"" <- /list/best-cybersecurity-marketing-agencies/
""SaaS marketing"" <- /list/best-devtools-marketing-agencies/
""SEO"" <- /list/best-edtech-marketing-agencies/
""SaaS SEO"" <- /list/best-free-keyword-research-tools/
""SEO"" <- /list/best-geo-agencies/
""SEO"" <- /list/best-healthtech-marketing-agencies/
""SaaS SEO partner"" <- /list/best-heatmap-session-recording-tools-for-saas/
""SaaS SEO"" <- /list/best-hr-tech-marketing-agencies/
""SaaS SEO"" <- /list/best-keyword-clustering-tools/
""SaaS growth programs"" <- /list/best-landing-page-builders-for-saas/
""SEO"" <- /list/best-legaltech-marketing-agencies/
""SEO"" <- /list/best-linkedin-marketing-agencies/
""SEO"" <- /list/best-martech-marketing-agencies/
""SEO"" <- /list/best-proptech-marketing-agencies/
""SaaS SEO programs"" <- /list/best-rank-tracking-tools-for-saas/
""SEO"" <- /list/best-saas-content-marketing-agencies/
""SEO"" <- /list/best-saas-geo-agencies/
""SEO"" <- /list/best-saas-growth-marketing-agencies/
""SEO"" <- /list/best-saas-link-building-agencies/
""SaaS SEO agency"" <- /list/best-saas-marketing-agencies-2026/
""B2B SaaS SEO"" <- /list/best-saas-seo-agencies/
""SaaS SEO program"" <- /list/best-serp-testing-tools-for-saas/
""SEO"" <- /list/best-technical-seo-agencies/
""PipeRocket Digital"" <- /list/saas-seo-experts/
""$5,000/mo"" <- /list/top-fintech-seo-agencies/
""SEO"" <- /list/top-performance-marketing-agencies/
""B2B SaaS SEO"" <- /research/ai-seo-statistics/",
/saas-seo-agency/ai-seo-consultant/,service,AI SEO Consultant for SaaS (AEO + GEO) | PipeRocket Digital,3,0,,"""AI SEO consultant"" <- /blogs/ai-seo-strategy-and-framework/
""AI SEO consultant"" <- /blogs/how-to-do-geo-for-saas/
""AI SEO consultant"" <- /blogs/how-to-rank-on-chatgpt-in-2026-strategies-and-tips/",
/saas-seo-agency/ai-seo-services/,service,AI SEO Agency for SaaS (AEO + GEO) | PipeRocket Digital,52,0,,"""GEO/AEO"" <- /alternative/animalz-alternatives/
""AEO/GEO for AI search"" <- /alternative/directive-consulting-alternatives/
""GEO/AEO"" <- /alternative/factors-ai-alternatives/
""GEO/AEO"" <- /alternative/instapage-alternatives/
""GEO/AEO"" <- /alternative/kalungi-alternatives/
""GEO/AEO"" <- /alternative/klientboost-alternatives/
""GEO/AEO"" <- /alternative/leadfeeder-alternatives/
""GEO and AI search visibility"" <- /alternative/omniscient-digital-alternatives/
""GEO/AEO"" <- /alternative/powered-by-search-alternatives/
""GEO/AEO"" <- /alternative/refine-labs-alternatives/
""GEO/AEO"" <- /alternative/siege-media-alternatives/
""GEO/AEO"" <- /alternative/simpletiger-alternatives/
""GEO/AEO"" <- /alternative/single-grain-alternatives/
""GEO/AEO"" <- /alternative/skale-alternatives/
""GEO/AEO"" <- /alternative/webfx-alternatives/
""answer engine optimization services"" <- /blogs/aeo-performance-metrics-reporting-dashboard/
""AI SEO services"" <- /blogs/ai-search-optimization-for-saas/
""AI SEO agency"" <- /blogs/ai-seo-strategy-and-framework/
""AEO and GEO services"" <- /blogs/how-to-get-cited-in-ai-overviews/
""AI SEO services"" <- /blogs/how-to-rank-on-chatgpt-in-2026-strategies-and-tips/
""AEO agency"" <- /checklists/aeo-checklist/
""AI SEO agency"" <- /checklists/ai-crawler-access-checklist/
""AI SEO agency"" <- /checklists/ai-seo-checklist/
""GEO agency"" <- /checklists/geo-checklist/
""AI SEO agency"" <- /checklists/google-ai-overviews-checklist/
""AEO agency"" <- /checklists/on-page-aeo-checklist/
""AEO agency for SaaS"" <- /glossary/what-is-aeo/
""AI SEO agency for SaaS"" <- /glossary/what-is-an-ai-overview/
""AI SEO services for SaaS"" <- /glossary/what-is-an-llm/
""GEO agency for SaaS"" <- /glossary/what-is-geo/
""AI SEO services"" <- /glossary/what-is-schema-markup/
""AEO/GEO services"" <- /list/best-aeo-agency/
""GEO/AEO"" <- /list/best-ai-seo-agencies/
""GEO/AEO"" <- /list/best-devtools-marketing-agencies/
""GEO/AEO"" <- /list/best-edtech-marketing-agencies/
""GEO/AEO"" <- /list/best-geo-agencies/
""GEO/AEO"" <- /list/best-healthtech-marketing-agencies/
""AEO/GEO"" <- /list/best-hr-tech-marketing-agencies/
""GEO/AEO"" <- /list/best-linkedin-marketing-agencies/
""GEO/AEO"" <- /list/best-martech-marketing-agencies/
""GEO/AEO"" <- /list/best-proptech-marketing-agencies/
""GEO/AEO"" <- /list/best-saas-content-marketing-agencies/
""GEO/AEO"" <- /list/best-saas-geo-agencies/
""GEO/AEO"" <- /list/best-saas-growth-marketing-agencies/
""GEO/AEO"" <- /list/best-saas-link-building-agencies/
""AEO/GEO"" <- /list/best-saas-marketing-agencies-2026/
""GEO/AEO"" <- /list/best-saas-ppc-agencies/
""GEO/AEO"" <- /list/best-technical-seo-agencies/
""GEO/AEO"" <- /list/top-b2b-ppc-agencies/
""GEO/AEO"" <- /list/top-fintech-marketing-agencies/
""GEO/AEO"" <- /list/top-fintech-seo-agencies/
""GEO/AEO"" <- /list/top-performance-marketing-agencies/",
/saas-seo-agency/content-marketing-agency/,service,AI-First B2B SaaS Content Marketing Agency | PipeRocket,10,0,,"""content"" <- /alternative/directive-consulting-alternatives/
""content marketing"" <- /alternative/omniscient-digital-alternatives/
""content marketing"" <- /alternative/siege-media-alternatives/
""content marketing"" <- /list/best-ai-seo-agencies/
""content marketing"" <- /list/best-edtech-marketing-agencies/
""content marketing"" <- /list/best-free-keyword-research-tools/
""content marketing"" <- /list/best-keyword-clustering-tools/
""content marketing"" <- /list/best-saas-content-marketing-agencies/
""content marketing"" <- /list/saas-seo-experts/
""content"" <- /list/top-performance-marketing-agencies/",
/saas-seo-agency/faqs/,service,SaaS SEO Agency - FAQs,0,0,YES,,
/saas-seo-agency/fintech-seo-agency/,service,AI-First B2B Fintech SEO Agency | PipeRocket Digital,2,0,,"""fintech SEO"" <- /list/top-fintech-marketing-agencies/
""fintech SEO"" <- /list/top-fintech-seo-agencies/",
/saas-seo-agency/hrtech-seo-agency/,service,AI-First B2B HR Tech SEO Agency | PipeRocket Digital,0,0,YES,,
/saas-seo-agency/link-building-agency/,service,AI-First B2B SaaS Link Building Agency | PipeRocket,10,0,,"""Link building"" <- /alternative/klientboost-alternatives/
""link building"" <- /alternative/omniscient-digital-alternatives/
""link building"" <- /alternative/siege-media-alternatives/
""link-building"" <- /alternative/single-grain-alternatives/
""link-building"" <- /alternative/webfx-alternatives/
""link building"" <- /list/best-geo-agencies/
""link building"" <- /list/best-saas-geo-agencies/
""Link building"" <- /list/best-saas-link-building-agencies/
""link building"" <- /list/saas-seo-experts/
""link building"" <- /list/top-fintech-seo-agencies/",
/saas-seo-agency/programmatic-seo-agency/,service,AI-First Programmatic SEO (PSEO) Agency | PipeRocket Digital,14,0,,"""Programmatic SEO"" <- /alternative/animalz-alternatives/
""Programmatic SEO"" <- /alternative/factors-ai-alternatives/
""Programmatic SEO"" <- /alternative/instapage-alternatives/
""Programmatic SEO"" <- /alternative/kalungi-alternatives/
""Programmatic SEO"" <- /alternative/leadfeeder-alternatives/
""Programmatic SEO"" <- /alternative/powered-by-search-alternatives/
""Programmatic SEO"" <- /alternative/refine-labs-alternatives/
""programmatic SEO"" <- /alternative/siege-media-alternatives/
""Programmatic SEO"" <- /alternative/simpletiger-alternatives/
""Programmatic SEO"" <- /alternative/single-grain-alternatives/
""Programmatic SEO"" <- /alternative/skale-alternatives/
""Programmatic SEO"" <- /alternative/webfx-alternatives/
""programmatic SEO agency"" <- /blogs/programmatic-seo-for-saas/
""programmatic SEO"" <- /list/saas-seo-experts/",
/saas-seo-agency/seo-consultant/,service,SaaS SEO Consultant (Organic Growth Advisory) | PipeRocket Digital,2,0,,"""SaaS SEO consultant"" <- /blogs/b2b-saas-seo/
""SaaS SEO consultant"" <- /blogs/saas-seo/",
/saas-seo-agency/technical-seo-agency/,service,"Technical SEO Agency | Crawl, Index, Rank, Convert",2,0,,"""technical SEO"" <- /list/best-free-keyword-research-tools/
""technical SEO"" <- /list/best-schema-markup-tools-for-saas/",
/schedule-a-demo/,service,Schedule a Demo,0,0,YES,,
/terms-and-conditions/,service,Terms and Conditions,2,3,,"""Terms and Conditions"" <- /cookies-policy/
""Terms and Conditions"" <- /privacy-policy/","""contact page"" -> /contact-us/
""Cookies Policy"" -> /cookies-policy/
""Privacy Policy"" -> /privacy-policy/"
/tools/,section,Free B2B SaaS Marketing Tools,0,0,,,
/tools/ab-test-significance-calculator/,tool,A/B Test Significance Calculator,1,0,,"""A/B test significance calculator"" <- /checklists/ab-testing-checklist/",
/tools/aeo-roi-calculator/,tool,AEO / AI-Search ROI Calculator for B2B SaaS,1,0,,"""AEO ROI calculator"" <- /blogs/aeo-performance-metrics-reporting-dashboard/",
/tools/ai-agent-readiness-checker/,tool,AI Agent Readiness Checker for B2B SaaS Websites,0,0,YES,,
/tools/ai-overview-traffic-loss-calculator/,tool,AI Overview Traffic-Loss Calculator for B2B SaaS,1,0,,"""AI Overview traffic-loss calculator"" <- /blogs/aeo-performance-metrics-reporting-dashboard/",
/tools/ai-share-of-voice-calculator/,tool,AI Share of Voice Calculator (AI-Search Visibility) for B2B SaaS,1,0,,"""AI Share of Voice calculator"" <- /blogs/aeo-performance-metrics-reporting-dashboard/",
/tools/arpu-calculator/,tool,ARPU Calculator (Average Revenue Per User) for B2B SaaS,1,0,,"""ARPU"" <- /blogs/how-to-prove-seo-roi/",
/tools/burn-rate-calculator/,tool,Burn Rate Calculator for SaaS Startups (Free),0,0,YES,,
/tools/cac-calculator/,tool,CAC Calculator for B2B SaaS (Customer Acquisition Cost),0,0,YES,,
/tools/cac-payback-period-calculator/,tool,CAC Payback Period Calculator for B2B SaaS,2,0,,"""CAC payback period"" <- /blogs/saas-growth-strategy/
""CAC payback period"" <- /blogs/saas-marketing-metrics/",
/tools/churn-rate-calculator/,tool,Churn Rate Calculator for B2B SaaS,1,0,,"""churn rate"" <- /blogs/saas-marketing-challenges-and-fixes/",
/tools/conversion-rate-calculator/,tool,Conversion Rate Calculator for B2B SaaS,32,0,,"""Conversion rate"" <- /blogs/ab-test-saas-landing-pages/
""conversion rate"" <- /blogs/b2b-marketing-operations-guide/
""conversion rate"" <- /blogs/enterprise-seo-strategy-and-framework/
""conversion rate"" <- /blogs/how-to-choose-search-volume-vs-search-intent/
""conversion rate"" <- /blogs/how-to-do-keyword-gap-analysis/
""conversion rate"" <- /blogs/how-to-forecast-pipeline-from-seo/
""conversion rate"" <- /blogs/how-to-forecast-saas-ppc-budget/
""conversion rate"" <- /blogs/how-to-measure-organic-cac/
""conversion rate"" <- /blogs/how-to-prioritize-saas-keywords-by-funnel-stage/
""conversion rate"" <- /blogs/how-to-prove-seo-roi/
""conversion rate"" <- /blogs/programmatic-seo-for-saas/
""Conversion rate"" <- /blogs/saas-ad-fatigue/
""conversion rate"" <- /blogs/saas-customer-acquisition-strategy/
""conversion rate"" <- /blogs/saas-lead-generation-strategy/
""conversion rate"" <- /blogs/saas-marketing/
""conversion rate"" <- /blogs/saas-paid-media-strategy/
""conversion rate"" <- /blogs/saas-product-led-growth-strategy/
""conversion rate"" <- /blogs/saas-quality-score/
""conversion rate"" <- /blogs/saas-seo-strategies-and-framework/
""conversion rate"" <- /blogs/the-no-nonsense-guide-to-auditing-your-saas-ppc-account/
""conversion rate"" <- /blogs/types-of-keywords-in-seo/
""conversion rate"" <- /blogs/why-is-my-seo-not-driving-pipeline/
""conversion rate"" <- /list/best-affordable-b2b-ppc-agencies/
""conversion rate"" <- /list/best-ai-seo-agencies/
""conversion rate"" <- /list/best-b2b-advertising-agencies/
""conversion rate"" <- /list/best-b2b-lead-generation-companies/
""conversion rate"" <- /list/best-conversion-rate-optimization-agencies/
""conversion rate"" <- /list/best-landing-page-builders-for-saas/
""conversion rate"" <- /list/best-saas-seo-agencies/
""conversion rate"" <- /list/top-performance-marketing-agencies/
""conversion rate"" <- /research/ai-seo-statistics/
""conversion rate"" <- /research/google-ads-benchmarks/",
/tools/cost-per-lead-calculator/,tool,Cost Per Lead (CPL) Calculator for B2B SaaS,1,0,,"""cost-per-SQL examples"" <- /list/best-saas-ppc-agencies/",
/tools/cpa-calculator/,tool,CPA Calculator (Cost Per Acquisition),2,0,,"""cost per acquisition"" <- /blogs/how-to-report-seo-to-the-board/
""cost per acquisition"" <- /blogs/saas-customer-acquisition-strategy/",
/tools/cpc-calculator/,tool,CPC Calculator (Cost Per Click),8,0,,"""Cost Per Click"" <- /blogs/how-do-i-run-linkedin-ads-for-saas-an-experts-take/
""Cost per click"" <- /blogs/how-to-set-seo-kpis-cfo-trusts/
""cost per click"" <- /blogs/linkedin-ads-for-saas-guide/
""cost per click"" <- /blogs/saas-ad-fatigue/
""cost per click"" <- /blogs/saas-customer-acquisition-strategy/
""cost per click"" <- /blogs/saas-quality-score/
""cost per click"" <- /blogs/the-8-common-saas-google-ads-mistakes-to-avoid-in-2026/
""cost per click"" <- /research/google-ads-benchmarks/",
/tools/cpm-calculator/,tool,"CPM Calculator (Cost Per 1,000 Impressions) for B2B SaaS",0,0,YES,,
/tools/free-seo-roi-calculator/,tool,Free SEO ROI Calculator for B2B SaaS Companies,2,0,,"""Free SEO ROI calculator"" <- /list/best-saas-seo-agencies/
""payback period on your SEO spend"" <- /list/best-saas-seo-agencies/",
/tools/google-ads-cost-estimator/,tool,Google Ads Cost Estimator for B2B SaaS,2,0,,"""Google Ads spend"" <- /list/best-b2b-google-ads-agencies/
""Google Ads spend"" <- /list/best-free-keyword-research-tools/",
/tools/google-ads-roi-calculator/,tool,Google Ads ROI Calculator for B2B SaaS,1,0,,"""Google Ads ROI calculator"" <- /list/best-saas-ppc-agencies/",
/tools/google-penalty-checker/,tool,Google Penalty Checker: Free Penalty Risk Assessment,1,0,,"""Google penalty"" <- /list/best-backlink-analysis-tools/",
/tools/keyword-value-calculator/,tool,Keyword Value Calculator for B2B SaaS SEO,1,0,,"""Keyword value calculator"" <- /list/best-saas-seo-agencies/",
/tools/lead-value-calculator/,tool,Lead Value Calculator for B2B SaaS,0,0,YES,,
/tools/ltv-calculator/,tool,LTV Calculator for B2B SaaS (Customer Lifetime Value),8,0,,"""Customer Lifetime Value"" <- /blogs/b2b-demand-generation-guide/
""lifetime value"" <- /blogs/chatgpt-ads-for-saas/
""lifetime value"" <- /blogs/how-to-forecast-saas-ppc-budget/
""lifetime value"" <- /blogs/how-to-prove-seo-roi/
""lifetime value"" <- /blogs/saas-customer-acquisition-strategy/
""lifetime value"" <- /blogs/saas-marketing/
""Lifetime Value"" <- /blogs/saas-ppc/
""lifetime value"" <- /list/best-saas-seo-agencies/",
/tools/marketing-roi-calculator/,tool,Marketing ROI Calculator for B2B SaaS,2,0,,"""marketing ROI"" <- /list/best-affordable-b2b-ppc-agencies/
""marketing ROI"" <- /list/best-b2b-seo-agencies/",
/tools/mrr-arr-calculator/,tool,MRR & ARR Calculator for B2B SaaS,0,0,YES,,
/tools/nrr-calculator/,tool,NRR Calculator for B2B SaaS (Net Revenue Retention),6,0,,"""net revenue retention"" <- /blogs/saas-growth-strategy/
""net revenue retention"" <- /blogs/saas-marketing-metrics/
""net revenue retention"" <- /blogs/saas-marketing/
""net revenue retention"" <- /blogs/saas-product-led-growth-strategy/
""net revenue retention"" <- /list/best-b2b-demand-generation-agencies/
""net revenue retention"" <- /list/best-b2b-marketing-agencies/",
/tools/ppc-roas-calculator/,tool,ROAS Calculator for B2B SaaS Paid Campaigns,1,0,,"""PPC ROAS calculator"" <- /list/best-saas-ppc-agencies/",
/tools/revenue-growth-rate-calculator/,tool,Revenue Growth Rate Calculator (with CAGR) for B2B SaaS,1,0,,"""CAGR"" <- /research/ai-seo-statistics/",
/tools/rule-of-40-calculator/,tool,Rule of 40 Calculator for SaaS,0,0,YES,,
/tools/saas-valuation-calculator/,tool,SaaS Valuation Calculator (ARR Multiple) for B2B SaaS,0,0,YES,,
/tools/tam-sam-som-calculator/,tool,TAM SAM SOM Calculator for B2B SaaS Market Sizing,1,0,,"""Total Addressable Market"" <- /blogs/how-to-do-saas-seo-keyword-research/",
/vs/,section,Head-to-head comparisons,0,0,,,
/webinar-pritesh/,service,Webinar with Pritesh,0,0,YES,,
